ISO-10303-21;
HEADER;
FILE_DESCRIPTION(('KiCad electronic assembly'),'2;1');
FILE_NAME('Trackpoint2040.step','2026-03-13T15:58:24',('Pcbnew'),(
    'Kicad'),'Open CASCADE STEP processor 7.9','KiCad to STEP converter'
  ,'Unknown');
FILE_SCHEMA(('AUTOMOTIVE_DESIGN { 1 0 10303 214 1 1 1 1 }'));
ENDSEC;
DATA;
#1 = APPLICATION_PROTOCOL_DEFINITION('international standard',
  'automotive_design',2000,#2);
#2 = APPLICATION_CONTEXT(
  'core data for automotive mechanical design processes');
#3 = SHAPE_DEFINITION_REPRESENTATION(#4,#10);
#4 = PRODUCT_DEFINITION_SHAPE('','',#5);
#5 = PRODUCT_DEFINITION('design','',#6,#9);
#6 = PRODUCT_DEFINITION_FORMATION('','',#7);
#7 = PRODUCT('Trackpoint2040 1','Trackpoint2040 1','',(#8));
#8 = PRODUCT_CONTEXT('',#2,'mechanical');
#9 = PRODUCT_DEFINITION_CONTEXT('part definition',#2,'design');
#10 = SHAPE_REPRESENTATION('',(#11,#15,#19,#23,#27,#31,#35,#39),#43);
#11 = AXIS2_PLACEMENT_3D('',#12,#13,#14);
#12 = CARTESIAN_POINT('',(0.,0.,0.));
#13 = DIRECTION('',(0.,0.,1.));
#14 = DIRECTION('',(1.,0.,-0.));
#15 = AXIS2_PLACEMENT_3D('',#16,#17,#18);
#16 = CARTESIAN_POINT('',(159.81,-117.81,1.595));
#17 = DIRECTION('',(0.,0.,1.));
#18 = DIRECTION('',(-1.,1.224646799147E-16,0.));
#19 = AXIS2_PLACEMENT_3D('',#20,#21,#22);
#20 = CARTESIAN_POINT('',(148.,-86.,1.595));
#21 = DIRECTION('',(0.,0.,1.));
#22 = DIRECTION('',(1.,0.,0.));
#23 = AXIS2_PLACEMENT_3D('',#24,#25,#26);
#24 = CARTESIAN_POINT('',(159.,-80.,1.595));
#25 = DIRECTION('',(0.,0.,1.));
#26 = DIRECTION('',(-1.,1.224646799147E-16,0.));
#27 = AXIS2_PLACEMENT_3D('',#28,#29,#30);
#28 = CARTESIAN_POINT('',(126.5,-81.,1.595));
#29 = DIRECTION('',(0.,0.,1.));
#30 = DIRECTION('',(1.,0.,0.));
#31 = AXIS2_PLACEMENT_3D('',#32,#33,#34);
#32 = CARTESIAN_POINT('',(163.24,-86.,1.595));
#33 = DIRECTION('',(0.,0.,1.));
#34 = DIRECTION('',(1.,0.,0.));
#35 = AXIS2_PLACEMENT_3D('',#36,#37,#38);
#36 = CARTESIAN_POINT('',(136.75,-81.,1.595));
#37 = DIRECTION('',(0.,0.,1.));
#38 = DIRECTION('',(1.,0.,0.));
#39 = AXIS2_PLACEMENT_3D('',#40,#41,#42);
#40 = CARTESIAN_POINT('',(0.,0.,0.));
#41 = DIRECTION('',(0.,0.,1.));
#42 = DIRECTION('',(1.,0.,-0.));
#43 = ( GEOMETRIC_REPRESENTATION_CONTEXT(3) 
GLOBAL_UNCERTAINTY_ASSIGNED_CONTEXT((#47)) GLOBAL_UNIT_ASSIGNED_CONTEXT(
(#44,#45,#46)) REPRESENTATION_CONTEXT('Context #1',
  '3D Context with UNIT and UNCERTAINTY') );
#44 = ( LENGTH_UNIT() NAMED_UNIT(*) SI_UNIT(.MILLI.,.METRE.) );
#45 = ( NAMED_UNIT(*) PLANE_ANGLE_UNIT() SI_UNIT($,.RADIAN.) );
#46 = ( NAMED_UNIT(*) SI_UNIT($,.STERADIAN.) SOLID_ANGLE_UNIT() );
#47 = UNCERTAINTY_MEASURE_WITH_UNIT(LENGTH_MEASURE(1.E-07),#44,
  'distance_accuracy_value','confusion accuracy');
#48 = PRODUCT_RELATED_PRODUCT_CATEGORY('part',$,(#7));
#49 = SHAPE_DEFINITION_REPRESENTATION(#50,#56);
#50 = PRODUCT_DEFINITION_SHAPE('','',#51);
#51 = PRODUCT_DEFINITION('design','',#52,#55);
#52 = PRODUCT_DEFINITION_FORMATION('','',#53);
#53 = PRODUCT('D_DO-35_SOD27_P7.62mm_Horizontal',
  'D_DO-35_SOD27_P7.62mm_Horizontal','',(#54));
#54 = PRODUCT_CONTEXT('',#2,'mechanical');
#55 = PRODUCT_DEFINITION_CONTEXT('part definition',#2,'design');
#56 = SHAPE_REPRESENTATION('',(#11,#57,#212),#407);
#57 = MANIFOLD_SOLID_BREP('',#58);
#58 = CLOSED_SHELL('',(#59,#92,#118,#143,#169,#194,#203));
#59 = ADVANCED_FACE('',(#60),#87,.T.);
#60 = FACE_BOUND('',#61,.T.);
#61 = EDGE_LOOP('',(#62,#72,#79,#80));
#62 = ORIENTED_EDGE('',*,*,#63,.T.);
#63 = EDGE_CURVE('',#64,#66,#68,.T.);
#64 = VERTEX_POINT('',#65);
#65 = CARTESIAN_POINT('',(0.25,0.,-2.5));
#66 = VERTEX_POINT('',#67);
#67 = CARTESIAN_POINT('',(0.25,1.E-15,1.));
#68 = LINE('',#69,#70);
#69 = CARTESIAN_POINT('',(0.25,6.7E-16,1.));
#70 = VECTOR('',#71,1.);
#71 = DIRECTION('',(0.,2.2E-16,1.));
#72 = ORIENTED_EDGE('',*,*,#73,.F.);
#73 = EDGE_CURVE('',#66,#66,#74,.T.);
#74 = CIRCLE('',#75,0.25);
#75 = AXIS2_PLACEMENT_3D('',#76,#77,#78);
#76 = CARTESIAN_POINT('',(0.,6.7E-16,1.));
#77 = DIRECTION('',(-0.,2.2E-16,1.));
#78 = DIRECTION('',(1.,0.,0.));
#79 = ORIENTED_EDGE('',*,*,#63,.F.);
#80 = ORIENTED_EDGE('',*,*,#81,.T.);
#81 = EDGE_CURVE('',#64,#64,#82,.T.);
#82 = CIRCLE('',#83,0.25);
#83 = AXIS2_PLACEMENT_3D('',#84,#85,#86);
#84 = CARTESIAN_POINT('',(0.,-1.1E-16,-2.5));
#85 = DIRECTION('',(-0.,2.2E-16,1.));
#86 = DIRECTION('',(1.,0.,0.));
#87 = CYLINDRICAL_SURFACE('',#88,0.25);
#88 = AXIS2_PLACEMENT_3D('',#89,#90,#91);
#89 = CARTESIAN_POINT('',(0.,6.7E-16,1.));
#90 = DIRECTION('',(0.,2.2E-16,1.));
#91 = DIRECTION('',(1.,0.,-0.));
#92 = ADVANCED_FACE('',(#93),#113,.T.);
#93 = FACE_BOUND('',#94,.T.);
#94 = EDGE_LOOP('',(#95,#104,#111,#112));
#95 = ORIENTED_EDGE('',*,*,#96,.T.);
#96 = EDGE_CURVE('',#66,#97,#99,.T.);
#97 = VERTEX_POINT('',#98);
#98 = CARTESIAN_POINT('',(0.5,1.E-15,1.25));
#99 = CIRCLE('',#100,0.25);
#100 = AXIS2_PLACEMENT_3D('',#101,#102,#103);
#101 = CARTESIAN_POINT('',(0.5,7.6E-16,1.));
#102 = DIRECTION('',(0.,1.,-2.2E-16));
#103 = DIRECTION('',(1.,0.,0.));
#104 = ORIENTED_EDGE('',*,*,#105,.T.);
#105 = EDGE_CURVE('',#97,#97,#106,.T.);
#106 = CIRCLE('',#107,0.25);
#107 = AXIS2_PLACEMENT_3D('',#108,#109,#110);
#108 = CARTESIAN_POINT('',(0.5,7.8E-16,1.5));
#109 = DIRECTION('',(-1.,0.,-1.8E-16));
#110 = DIRECTION('',(-1.8E-16,2.2E-16,1.));
#111 = ORIENTED_EDGE('',*,*,#96,.F.);
#112 = ORIENTED_EDGE('',*,*,#73,.T.);
#113 = TOROIDAL_SURFACE('',#114,0.5,0.25);
#114 = AXIS2_PLACEMENT_3D('',#115,#116,#117);
#115 = CARTESIAN_POINT('',(0.5,6.7E-16,1.));
#116 = DIRECTION('',(0.,1.,-2.2E-16));
#117 = DIRECTION('',(1.,0.,0.));
#118 = ADVANCED_FACE('',(#119),#138,.T.);
#119 = FACE_BOUND('',#120,.T.);
#120 = EDGE_LOOP('',(#121,#129,#136,#137));
#121 = ORIENTED_EDGE('',*,*,#122,.T.);
#122 = EDGE_CURVE('',#97,#123,#125,.T.);
#123 = VERTEX_POINT('',#124);
#124 = CARTESIAN_POINT('',(7.12,1.E-15,1.25));
#125 = LINE('',#126,#127);
#126 = CARTESIAN_POINT('',(0.5,7.2E-16,1.25));
#127 = VECTOR('',#128,1.);
#128 = DIRECTION('',(1.,0.,0.));
#129 = ORIENTED_EDGE('',*,*,#130,.F.);
#130 = EDGE_CURVE('',#123,#123,#131,.T.);
#131 = CIRCLE('',#132,0.25);
#132 = AXIS2_PLACEMENT_3D('',#133,#134,#135);
#133 = CARTESIAN_POINT('',(7.12,7.8E-16,1.5));
#134 = DIRECTION('',(1.,0.,0.));
#135 = DIRECTION('',(0.,-2.2E-16,-1.));
#136 = ORIENTED_EDGE('',*,*,#122,.F.);
#137 = ORIENTED_EDGE('',*,*,#105,.F.);
#138 = CYLINDRICAL_SURFACE('',#139,0.25);
#139 = AXIS2_PLACEMENT_3D('',#140,#141,#142);
#140 = CARTESIAN_POINT('',(0.5,7.8E-16,1.5));
#141 = DIRECTION('',(1.,0.,0.));
#142 = DIRECTION('',(0.,-2.2E-16,-1.));
#143 = ADVANCED_FACE('',(#144),#164,.T.);
#144 = FACE_BOUND('',#145,.T.);
#145 = EDGE_LOOP('',(#146,#155,#162,#163));
#146 = ORIENTED_EDGE('',*,*,#147,.T.);
#147 = EDGE_CURVE('',#123,#148,#150,.T.);
#148 = VERTEX_POINT('',#149);
#149 = CARTESIAN_POINT('',(7.37,1.E-15,1.));
#150 = CIRCLE('',#151,0.25);
#151 = AXIS2_PLACEMENT_3D('',#152,#153,#154);
#152 = CARTESIAN_POINT('',(7.12,7.6E-16,1.));
#153 = DIRECTION('',(0.,1.,-2.2E-16));
#154 = DIRECTION('',(1.,0.,0.));
#155 = ORIENTED_EDGE('',*,*,#156,.T.);
#156 = EDGE_CURVE('',#148,#148,#157,.T.);
#157 = CIRCLE('',#158,0.25);
#158 = AXIS2_PLACEMENT_3D('',#159,#160,#161);
#159 = CARTESIAN_POINT('',(7.62,6.7E-16,1.));
#160 = DIRECTION('',(-2.4E-16,2.2E-16,1.));
#161 = DIRECTION('',(1.,0.,2.4E-16));
#162 = ORIENTED_EDGE('',*,*,#147,.F.);
#163 = ORIENTED_EDGE('',*,*,#130,.T.);
#164 = TOROIDAL_SURFACE('',#165,0.5,0.25);
#165 = AXIS2_PLACEMENT_3D('',#166,#167,#168);
#166 = CARTESIAN_POINT('',(7.12,6.7E-16,1.));
#167 = DIRECTION('',(0.,1.,-2.2E-16));
#168 = DIRECTION('',(1.,0.,0.));
#169 = ADVANCED_FACE('',(#170),#189,.T.);
#170 = FACE_BOUND('',#171,.T.);
#171 = EDGE_LOOP('',(#172,#180,#187,#188));
#172 = ORIENTED_EDGE('',*,*,#173,.T.);
#173 = EDGE_CURVE('',#148,#174,#176,.T.);
#174 = VERTEX_POINT('',#175);
#175 = CARTESIAN_POINT('',(7.37,0.,-2.5));
#176 = LINE('',#177,#178);
#177 = CARTESIAN_POINT('',(7.37,6.7E-16,1.));
#178 = VECTOR('',#179,1.);
#179 = DIRECTION('',(0.,-2.2E-16,-1.));
#180 = ORIENTED_EDGE('',*,*,#181,.F.);
#181 = EDGE_CURVE('',#174,#174,#182,.T.);
#182 = CIRCLE('',#183,0.25);
#183 = AXIS2_PLACEMENT_3D('',#184,#185,#186);
#184 = CARTESIAN_POINT('',(7.62,-1.1E-16,-2.5));
#185 = DIRECTION('',(-0.,-2.2E-16,-1.));
#186 = DIRECTION('',(-1.,0.,0.));
#187 = ORIENTED_EDGE('',*,*,#173,.F.);
#188 = ORIENTED_EDGE('',*,*,#156,.F.);
#189 = CYLINDRICAL_SURFACE('',#190,0.25);
#190 = AXIS2_PLACEMENT_3D('',#191,#192,#193);
#191 = CARTESIAN_POINT('',(7.62,6.7E-16,1.));
#192 = DIRECTION('',(0.,-2.2E-16,-1.));
#193 = DIRECTION('',(-1.,-0.,0.));
#194 = ADVANCED_FACE('',(#195),#198,.T.);
#195 = FACE_BOUND('',#196,.F.);
#196 = EDGE_LOOP('',(#197));
#197 = ORIENTED_EDGE('',*,*,#81,.T.);
#198 = PLANE('',#199);
#199 = AXIS2_PLACEMENT_3D('',#200,#201,#202);
#200 = CARTESIAN_POINT('',(0.25,-1.1E-16,-2.5));
#201 = DIRECTION('',(0.,0.,-1.));
#202 = DIRECTION('',(-1.,0.,0.));
#203 = ADVANCED_FACE('',(#204),#207,.F.);
#204 = FACE_BOUND('',#205,.T.);
#205 = EDGE_LOOP('',(#206));
#206 = ORIENTED_EDGE('',*,*,#181,.T.);
#207 = PLANE('',#208);
#208 = AXIS2_PLACEMENT_3D('',#209,#210,#211);
#209 = CARTESIAN_POINT('',(7.37,-1.1E-16,-2.5));
#210 = DIRECTION('',(0.,0.,1.));
#211 = DIRECTION('',(1.,0.,-0.));
#212 = MANIFOLD_SOLID_BREP('',#213);
#213 = CLOSED_SHELL('',(#214,#247,#267,#287,#312,#337,#363,#389,#398));
#214 = ADVANCED_FACE('',(#215),#242,.T.);
#215 = FACE_BOUND('',#216,.T.);
#216 = EDGE_LOOP('',(#217,#226,#234,#241));
#217 = ORIENTED_EDGE('',*,*,#218,.T.);
#218 = EDGE_CURVE('',#219,#219,#221,.T.);
#219 = VERTEX_POINT('',#220);
#220 = CARTESIAN_POINT('',(2.41,3.557331958362E-15,2.51));
#221 = CIRCLE('',#222,1.01);
#222 = AXIS2_PLACEMENT_3D('',#223,#224,#225);
#223 = CARTESIAN_POINT('',(2.41,6.630669073875E-16,1.5));
#224 = DIRECTION('',(1.,0.,-0.));
#225 = DIRECTION('',(0.,9.92044604925E-16,1.));
#226 = ORIENTED_EDGE('',*,*,#227,.T.);
#227 = EDGE_CURVE('',#219,#228,#230,.T.);
#228 = VERTEX_POINT('',#229);
#229 = CARTESIAN_POINT('',(3.41,3.557331958362E-15,2.51));
#230 = LINE('',#231,#232);
#231 = CARTESIAN_POINT('',(2.41,5.573319583618E-16,2.51));
#232 = VECTOR('',#233,1.);
#233 = DIRECTION('',(1.,0.,0.));
#234 = ORIENTED_EDGE('',*,*,#235,.F.);
#235 = EDGE_CURVE('',#228,#228,#236,.T.);
#236 = CIRCLE('',#237,1.01);
#237 = AXIS2_PLACEMENT_3D('',#238,#239,#240);
#238 = CARTESIAN_POINT('',(3.41,6.630669073875E-16,1.5));
#239 = DIRECTION('',(1.,0.,-0.));
#240 = DIRECTION('',(0.,9.92044604925E-16,1.));
#241 = ORIENTED_EDGE('',*,*,#227,.F.);
#242 = CYLINDRICAL_SURFACE('',#243,1.01);
#243 = AXIS2_PLACEMENT_3D('',#244,#245,#246);
#244 = CARTESIAN_POINT('',(2.41,6.630669073875E-16,1.5));
#245 = DIRECTION('',(1.,0.,0.));
#246 = DIRECTION('',(-0.,9.92044604925E-16,1.));
#247 = ADVANCED_FACE('',(#248,#251),#262,.F.);
#248 = FACE_BOUND('',#249,.T.);
#249 = EDGE_LOOP('',(#250));
#250 = ORIENTED_EDGE('',*,*,#218,.F.);
#251 = FACE_BOUND('',#252,.T.);
#252 = EDGE_LOOP('',(#253));
#253 = ORIENTED_EDGE('',*,*,#254,.T.);
#254 = EDGE_CURVE('',#255,#255,#257,.T.);
#255 = VERTEX_POINT('',#256);
#256 = CARTESIAN_POINT('',(2.41,5.551115123126E-16,2.5));
#257 = CIRCLE('',#258,1.);
#258 = AXIS2_PLACEMENT_3D('',#259,#260,#261);
#259 = CARTESIAN_POINT('',(2.41,6.630669073875E-16,1.5));
#260 = DIRECTION('',(1.,0.,-0.));
#261 = DIRECTION('',(0.,1.002044604925E-15,1.));
#262 = PLANE('',#263);
#263 = AXIS2_PLACEMENT_3D('',#264,#265,#266);
#264 = CARTESIAN_POINT('',(2.41,6.630669073875E-16,1.5));
#265 = DIRECTION('',(1.,0.,0.));
#266 = DIRECTION('',(-0.,1.002044604925E-15,1.));
#267 = ADVANCED_FACE('',(#268,#271),#282,.T.);
#268 = FACE_BOUND('',#269,.T.);
#269 = EDGE_LOOP('',(#270));
#270 = ORIENTED_EDGE('',*,*,#235,.T.);
#271 = FACE_BOUND('',#272,.T.);
#272 = EDGE_LOOP('',(#273));
#273 = ORIENTED_EDGE('',*,*,#274,.F.);
#274 = EDGE_CURVE('',#275,#275,#277,.T.);
#275 = VERTEX_POINT('',#276);
#276 = CARTESIAN_POINT('',(3.41,5.551115123126E-16,2.5));
#277 = CIRCLE('',#278,1.);
#278 = AXIS2_PLACEMENT_3D('',#279,#280,#281);
#279 = CARTESIAN_POINT('',(3.41,6.630669073875E-16,1.5));
#280 = DIRECTION('',(1.,0.,-0.));
#281 = DIRECTION('',(0.,1.002044604925E-15,1.));
#282 = PLANE('',#283);
#283 = AXIS2_PLACEMENT_3D('',#284,#285,#286);
#284 = CARTESIAN_POINT('',(3.41,6.630669073875E-16,1.5));
#285 = DIRECTION('',(1.,0.,0.));
#286 = DIRECTION('',(-0.,9.92044604925E-16,1.));
#287 = ADVANCED_FACE('',(#288),#307,.T.);
#288 = FACE_BOUND('',#289,.T.);
#289 = EDGE_LOOP('',(#290,#299,#305,#306));
#290 = ORIENTED_EDGE('',*,*,#291,.T.);
#291 = EDGE_CURVE('',#292,#292,#294,.T.);
#292 = VERTEX_POINT('',#293);
#293 = CARTESIAN_POINT('',(2.21,3.555111512313E-15,2.5));
#294 = CIRCLE('',#295,1.);
#295 = AXIS2_PLACEMENT_3D('',#296,#297,#298);
#296 = CARTESIAN_POINT('',(2.21,6.630669073875E-16,1.5));
#297 = DIRECTION('',(1.,0.,-0.));
#298 = DIRECTION('',(0.,1.002044604925E-15,1.));
#299 = ORIENTED_EDGE('',*,*,#300,.T.);
#300 = EDGE_CURVE('',#292,#255,#301,.T.);
#301 = LINE('',#302,#303);
#302 = CARTESIAN_POINT('',(1.81,5.551115123126E-16,2.5));
#303 = VECTOR('',#304,1.);
#304 = DIRECTION('',(1.,0.,0.));
#305 = ORIENTED_EDGE('',*,*,#254,.F.);
#306 = ORIENTED_EDGE('',*,*,#300,.F.);
#307 = CYLINDRICAL_SURFACE('',#308,1.);
#308 = AXIS2_PLACEMENT_3D('',#309,#310,#311);
#309 = CARTESIAN_POINT('',(1.81,6.630669073875E-16,1.5));
#310 = DIRECTION('',(1.,0.,0.));
#311 = DIRECTION('',(-0.,1.002044604925E-15,1.));
#312 = ADVANCED_FACE('',(#313),#332,.T.);
#313 = FACE_BOUND('',#314,.T.);
#314 = EDGE_LOOP('',(#315,#316,#324,#331));
#315 = ORIENTED_EDGE('',*,*,#274,.T.);
#316 = ORIENTED_EDGE('',*,*,#317,.T.);
#317 = EDGE_CURVE('',#275,#318,#320,.T.);
#318 = VERTEX_POINT('',#319);
#319 = CARTESIAN_POINT('',(5.41,3.555111512313E-15,2.5));
#320 = LINE('',#321,#322);
#321 = CARTESIAN_POINT('',(1.81,5.551115123126E-16,2.5));
#322 = VECTOR('',#323,1.);
#323 = DIRECTION('',(1.,0.,0.));
#324 = ORIENTED_EDGE('',*,*,#325,.F.);
#325 = EDGE_CURVE('',#318,#318,#326,.T.);
#326 = CIRCLE('',#327,1.);
#327 = AXIS2_PLACEMENT_3D('',#328,#329,#330);
#328 = CARTESIAN_POINT('',(5.41,6.630669073875E-16,1.5));
#329 = DIRECTION('',(1.,0.,-0.));
#330 = DIRECTION('',(0.,1.002044604925E-15,1.));
#331 = ORIENTED_EDGE('',*,*,#317,.F.);
#332 = CYLINDRICAL_SURFACE('',#333,1.);
#333 = AXIS2_PLACEMENT_3D('',#334,#335,#336);
#334 = CARTESIAN_POINT('',(1.81,6.630669073875E-16,1.5));
#335 = DIRECTION('',(1.,0.,0.));
#336 = DIRECTION('',(-0.,1.002044604925E-15,1.));
#337 = ADVANCED_FACE('',(#338),#358,.T.);
#338 = FACE_BOUND('',#339,.T.);
#339 = EDGE_LOOP('',(#340,#349,#356,#357));
#340 = ORIENTED_EDGE('',*,*,#341,.T.);
#341 = EDGE_CURVE('',#342,#342,#344,.T.);
#342 = VERTEX_POINT('',#343);
#343 = CARTESIAN_POINT('',(1.81,1.466293670343E-15,2.1));
#344 = CIRCLE('',#345,0.6);
#345 = AXIS2_PLACEMENT_3D('',#346,#347,#348);
#346 = CARTESIAN_POINT('',(1.81,6.630669073875E-16,1.5));
#347 = DIRECTION('',(1.,0.,-0.));
#348 = DIRECTION('',(0.,1.002044604925E-15,1.));
#349 = ORIENTED_EDGE('',*,*,#350,.F.);
#350 = EDGE_CURVE('',#292,#342,#351,.T.);
#351 = CIRCLE('',#352,0.4);
#352 = AXIS2_PLACEMENT_3D('',#353,#354,#355);
#353 = CARTESIAN_POINT('',(2.21,1.266293670343E-15,2.1));
#354 = DIRECTION('',(0.,-1.,1.002044604925E-15));
#355 = DIRECTION('',(0.,1.002044604925E-15,1.));
#356 = ORIENTED_EDGE('',*,*,#291,.F.);
#357 = ORIENTED_EDGE('',*,*,#350,.T.);
#358 = TOROIDAL_SURFACE('',#359,0.6,0.4);
#359 = AXIS2_PLACEMENT_3D('',#360,#361,#362);
#360 = CARTESIAN_POINT('',(2.21,6.630669073875E-16,1.5));
#361 = DIRECTION('',(-1.,0.,0.));
#362 = DIRECTION('',(0.,1.002044604925E-15,1.));
#363 = ADVANCED_FACE('',(#364),#384,.T.);
#364 = FACE_BOUND('',#365,.T.);
#365 = EDGE_LOOP('',(#366,#367,#376,#383));
#366 = ORIENTED_EDGE('',*,*,#325,.T.);
#367 = ORIENTED_EDGE('',*,*,#368,.F.);
#368 = EDGE_CURVE('',#369,#318,#371,.T.);
#369 = VERTEX_POINT('',#370);
#370 = CARTESIAN_POINT('',(5.81,1.466293670343E-15,2.1));
#371 = CIRCLE('',#372,0.4);
#372 = AXIS2_PLACEMENT_3D('',#373,#374,#375);
#373 = CARTESIAN_POINT('',(5.41,1.266293670343E-15,2.1));
#374 = DIRECTION('',(0.,-1.,1.002044604925E-15));
#375 = DIRECTION('',(0.,1.002044604925E-15,1.));
#376 = ORIENTED_EDGE('',*,*,#377,.F.);
#377 = EDGE_CURVE('',#369,#369,#378,.T.);
#378 = CIRCLE('',#379,0.6);
#379 = AXIS2_PLACEMENT_3D('',#380,#381,#382);
#380 = CARTESIAN_POINT('',(5.81,6.630669073875E-16,1.5));
#381 = DIRECTION('',(1.,0.,-0.));
#382 = DIRECTION('',(0.,1.002044604925E-15,1.));
#383 = ORIENTED_EDGE('',*,*,#368,.T.);
#384 = TOROIDAL_SURFACE('',#385,0.6,0.4);
#385 = AXIS2_PLACEMENT_3D('',#386,#387,#388);
#386 = CARTESIAN_POINT('',(5.41,6.630669073875E-16,1.5));
#387 = DIRECTION('',(-1.,0.,0.));
#388 = DIRECTION('',(0.,1.002044604925E-15,1.));
#389 = ADVANCED_FACE('',(#390),#393,.F.);
#390 = FACE_BOUND('',#391,.T.);
#391 = EDGE_LOOP('',(#392));
#392 = ORIENTED_EDGE('',*,*,#341,.F.);
#393 = PLANE('',#394);
#394 = AXIS2_PLACEMENT_3D('',#395,#396,#397);
#395 = CARTESIAN_POINT('',(1.81,6.630669073875E-16,1.5));
#396 = DIRECTION('',(1.,0.,0.));
#397 = DIRECTION('',(-0.,1.002044604925E-15,1.));
#398 = ADVANCED_FACE('',(#399),#402,.T.);
#399 = FACE_BOUND('',#400,.F.);
#400 = EDGE_LOOP('',(#401));
#401 = ORIENTED_EDGE('',*,*,#377,.F.);
#402 = PLANE('',#403);
#403 = AXIS2_PLACEMENT_3D('',#404,#405,#406);
#404 = CARTESIAN_POINT('',(5.81,6.630669073875E-16,1.5));
#405 = DIRECTION('',(1.,0.,0.));
#406 = DIRECTION('',(-0.,1.002044604925E-15,1.));
#407 = ( GEOMETRIC_REPRESENTATION_CONTEXT(3) 
GLOBAL_UNCERTAINTY_ASSIGNED_CONTEXT((#411)) GLOBAL_UNIT_ASSIGNED_CONTEXT
((#408,#409,#410)) REPRESENTATION_CONTEXT('Context #1',
  '3D Context with UNIT and UNCERTAINTY') );
#408 = ( LENGTH_UNIT() NAMED_UNIT(*) SI_UNIT(.MILLI.,.METRE.) );
#409 = ( NAMED_UNIT(*) PLANE_ANGLE_UNIT() SI_UNIT($,.RADIAN.) );
#410 = ( NAMED_UNIT(*) SI_UNIT($,.STERADIAN.) SOLID_ANGLE_UNIT() );
#411 = UNCERTAINTY_MEASURE_WITH_UNIT(LENGTH_MEASURE(1.E-07),#408,
  'distance_accuracy_value','confusion accuracy');
#412 = CONTEXT_DEPENDENT_SHAPE_REPRESENTATION(#413,#415);
#413 = ( REPRESENTATION_RELATIONSHIP('','',#56,#10) 
REPRESENTATION_RELATIONSHIP_WITH_TRANSFORMATION(#414) 
SHAPE_REPRESENTATION_RELATIONSHIP() );
#414 = ITEM_DEFINED_TRANSFORMATION('','',#11,#15);
#415 = PRODUCT_DEFINITION_SHAPE('Placement','Placement of an item',#416
  );
#416 = NEXT_ASSEMBLY_USAGE_OCCURRENCE('1','D1','',#5,#51,$);
#417 = PRODUCT_RELATED_PRODUCT_CATEGORY('part',$,(#53));
#418 = SHAPE_DEFINITION_REPRESENTATION(#419,#425);
#419 = PRODUCT_DEFINITION_SHAPE('','',#420);
#420 = PRODUCT_DEFINITION('design','',#421,#424);
#421 = PRODUCT_DEFINITION_FORMATION('','',#422);
#422 = PRODUCT('PinHeader_1x12_P2.54mm_Vertical',
  'PinHeader_1x12_P2.54mm_Vertical','',(#423));
#423 = PRODUCT_CONTEXT('',#2,'mechanical');
#424 = PRODUCT_DEFINITION_CONTEXT('part definition',#2,'design');
#425 = ADVANCED_BREP_SHAPE_REPRESENTATION('',(#11,#426),#8598);
#426 = MANIFOLD_SOLID_BREP('',#427);
#427 = CLOSED_SHELL('',(#428,#468,#499,#530,#1515,#2500,#2517,#2534,
    #2551,#2568,#2585,#2602,#2619,#2636,#2653,#2670,#2687,#2704,#2721,
    #2738,#2755,#2772,#2789,#2806,#2823,#2840,#2857,#2874,#2891,#2908,
    #2925,#2942,#2959,#2976,#2993,#3010,#3027,#3044,#3061,#3078,#3095,
    #3112,#3129,#3146,#3163,#3180,#3197,#3214,#3231,#3248,#3265,#3282,
    #3299,#3316,#3333,#3350,#3367,#3384,#3401,#3418,#3435,#3452,#3469,
    #3486,#3503,#3520,#3537,#3554,#3571,#3588,#3605,#3622,#3639,#3656,
    #3673,#3690,#3702,#3733,#3757,#3781,#3798,#3829,#3853,#3877,#3894,
    #3925,#3949,#3973,#3990,#4021,#4045,#4069,#4086,#4117,#4141,#4165,
    #4182,#4213,#4237,#4261,#4278,#4309,#4333,#4357,#4374,#4405,#4429,
    #4453,#4470,#4501,#4525,#4549,#4566,#4597,#4621,#4645,#4662,#4693,
    #4717,#4741,#4758,#4789,#4813,#4837,#4854,#4885,#4909,#4933,#4950,
    #4981,#5005,#5029,#5046,#5077,#5101,#5125,#5142,#5173,#5197,#5221,
    #5238,#5269,#5293,#5317,#5334,#5365,#5389,#5413,#5430,#5461,#5485,
    #5509,#5526,#5557,#5581,#5605,#5622,#5653,#5677,#5701,#5718,#5749,
    #5773,#5797,#5814,#5845,#5869,#5893,#5910,#5941,#5965,#5989,#6006,
    #6037,#6061,#6085,#6102,#6133,#6157,#6181,#6198,#6229,#6253,#6277,
    #6294,#6325,#6349,#6373,#6390,#6421,#6445,#6469,#6486,#6517,#6541,
    #6565,#6582,#6613,#6637,#6661,#6678,#6709,#6733,#6757,#6774,#6805,
    #6829,#6853,#6870,#6901,#6925,#6949,#6966,#6997,#7021,#7045,#7062,
    #7093,#7117,#7141,#7158,#7189,#7213,#7237,#7254,#7285,#7309,#7333,
    #7350,#7381,#7405,#7429,#7446,#7477,#7501,#7525,#7542,#7573,#7597,
    #7621,#7638,#7669,#7693,#7717,#7734,#7765,#7789,#7813,#7830,#7861,
    #7885,#7909,#7926,#7957,#7981,#8005,#8022,#8053,#8077,#8101,#8118,
    #8149,#8173,#8197,#8214,#8245,#8269,#8293,#8310,#8322,#8334,#8346,
    #8358,#8370,#8382,#8394,#8406,#8418,#8430,#8442,#8454,#8466,#8478,
    #8490,#8502,#8514,#8526,#8538,#8550,#8562,#8574,#8586));
#428 = ADVANCED_FACE('',(#429),#463,.F.);
#429 = FACE_BOUND('',#430,.F.);
#430 = EDGE_LOOP('',(#431,#441,#449,#457));
#431 = ORIENTED_EDGE('',*,*,#432,.T.);
#432 = EDGE_CURVE('',#433,#435,#437,.T.);
#433 = VERTEX_POINT('',#434);
#434 = CARTESIAN_POINT('',(-1.016,1.27,0.));
#435 = VERTEX_POINT('',#436);
#436 = CARTESIAN_POINT('',(-1.016,1.27,2.54));
#437 = LINE('',#438,#439);
#438 = CARTESIAN_POINT('',(-1.016,1.27,0.));
#439 = VECTOR('',#440,1.);
#440 = DIRECTION('',(0.,0.,1.));
#441 = ORIENTED_EDGE('',*,*,#442,.T.);
#442 = EDGE_CURVE('',#435,#443,#445,.T.);
#443 = VERTEX_POINT('',#444);
#444 = CARTESIAN_POINT('',(-1.27,1.016,2.54));
#445 = LINE('',#446,#447);
#446 = CARTESIAN_POINT('',(-1.016,1.27,2.54));
#447 = VECTOR('',#448,1.);
#448 = DIRECTION('',(-0.707106781187,-0.707106781187,0.));
#449 = ORIENTED_EDGE('',*,*,#450,.F.);
#450 = EDGE_CURVE('',#451,#443,#453,.T.);
#451 = VERTEX_POINT('',#452);
#452 = CARTESIAN_POINT('',(-1.27,1.016,0.));
#453 = LINE('',#454,#455);
#454 = CARTESIAN_POINT('',(-1.27,1.016,0.));
#455 = VECTOR('',#456,1.);
#456 = DIRECTION('',(0.,0.,1.));
#457 = ORIENTED_EDGE('',*,*,#458,.F.);
#458 = EDGE_CURVE('',#433,#451,#459,.T.);
#459 = LINE('',#460,#461);
#460 = CARTESIAN_POINT('',(-1.016,1.27,0.));
#461 = VECTOR('',#462,1.);
#462 = DIRECTION('',(-0.707106781187,-0.707106781187,0.));
#463 = PLANE('',#464);
#464 = AXIS2_PLACEMENT_3D('',#465,#466,#467);
#465 = CARTESIAN_POINT('',(-1.016,1.27,0.));
#466 = DIRECTION('',(0.707106781187,-0.707106781187,0.));
#467 = DIRECTION('',(-0.707106781187,-0.707106781187,0.));
#468 = ADVANCED_FACE('',(#469),#494,.F.);
#469 = FACE_BOUND('',#470,.F.);
#470 = EDGE_LOOP('',(#471,#481,#487,#488));
#471 = ORIENTED_EDGE('',*,*,#472,.T.);
#472 = EDGE_CURVE('',#473,#475,#477,.T.);
#473 = VERTEX_POINT('',#474);
#474 = CARTESIAN_POINT('',(1.016,1.27,0.));
#475 = VERTEX_POINT('',#476);
#476 = CARTESIAN_POINT('',(1.016,1.27,2.54));
#477 = LINE('',#478,#479);
#478 = CARTESIAN_POINT('',(1.016,1.27,0.));
#479 = VECTOR('',#480,1.);
#480 = DIRECTION('',(0.,0.,1.));
#481 = ORIENTED_EDGE('',*,*,#482,.T.);
#482 = EDGE_CURVE('',#475,#435,#483,.T.);
#483 = LINE('',#484,#485);
#484 = CARTESIAN_POINT('',(1.016,1.27,2.54));
#485 = VECTOR('',#486,1.);
#486 = DIRECTION('',(-1.,0.,0.));
#487 = ORIENTED_EDGE('',*,*,#432,.F.);
#488 = ORIENTED_EDGE('',*,*,#489,.F.);
#489 = EDGE_CURVE('',#473,#433,#490,.T.);
#490 = LINE('',#491,#492);
#491 = CARTESIAN_POINT('',(1.016,1.27,0.));
#492 = VECTOR('',#493,1.);
#493 = DIRECTION('',(-1.,0.,0.));
#494 = PLANE('',#495);
#495 = AXIS2_PLACEMENT_3D('',#496,#497,#498);
#496 = CARTESIAN_POINT('',(1.016,1.27,0.));
#497 = DIRECTION('',(0.,-1.,0.));
#498 = DIRECTION('',(-1.,0.,0.));
#499 = ADVANCED_FACE('',(#500),#525,.F.);
#500 = FACE_BOUND('',#501,.F.);
#501 = EDGE_LOOP('',(#502,#503,#511,#519));
#502 = ORIENTED_EDGE('',*,*,#450,.T.);
#503 = ORIENTED_EDGE('',*,*,#504,.T.);
#504 = EDGE_CURVE('',#443,#505,#507,.T.);
#505 = VERTEX_POINT('',#506);
#506 = CARTESIAN_POINT('',(-1.27,-1.016,2.54));
#507 = LINE('',#508,#509);
#508 = CARTESIAN_POINT('',(-1.27,1.016,2.54));
#509 = VECTOR('',#510,1.);
#510 = DIRECTION('',(0.,-1.,0.));
#511 = ORIENTED_EDGE('',*,*,#512,.F.);
#512 = EDGE_CURVE('',#513,#505,#515,.T.);
#513 = VERTEX_POINT('',#514);
#514 = CARTESIAN_POINT('',(-1.27,-1.016,0.));
#515 = LINE('',#516,#517);
#516 = CARTESIAN_POINT('',(-1.27,-1.016,0.));
#517 = VECTOR('',#518,1.);
#518 = DIRECTION('',(0.,0.,1.));
#519 = ORIENTED_EDGE('',*,*,#520,.F.);
#520 = EDGE_CURVE('',#451,#513,#521,.T.);
#521 = LINE('',#522,#523);
#522 = CARTESIAN_POINT('',(-1.27,1.016,0.));
#523 = VECTOR('',#524,1.);
#524 = DIRECTION('',(0.,-1.,0.));
#525 = PLANE('',#526);
#526 = AXIS2_PLACEMENT_3D('',#527,#528,#529);
#527 = CARTESIAN_POINT('',(-1.27,1.016,0.));
#528 = DIRECTION('',(1.,0.,0.));
#529 = DIRECTION('',(0.,-1.,0.));
#530 = ADVANCED_FACE('',(#531,#1102,#1136,#1170,#1204,#1238,#1272,#1306,
    #1340,#1374,#1408,#1442,#1476),#1510,.F.);
#531 = FACE_BOUND('',#532,.F.);
#532 = EDGE_LOOP('',(#533,#534,#535,#543,#551,#559,#567,#575,#583,#591,
    #599,#607,#615,#623,#631,#639,#647,#655,#663,#671,#679,#687,#695,
    #703,#711,#719,#727,#735,#743,#751,#759,#767,#775,#783,#791,#799,
    #807,#815,#823,#831,#839,#847,#855,#863,#871,#879,#887,#895,#903,
    #911,#919,#927,#935,#943,#951,#959,#967,#975,#983,#991,#999,#1007,
    #1015,#1023,#1031,#1039,#1047,#1055,#1063,#1071,#1079,#1087,#1095,
    #1101));
#533 = ORIENTED_EDGE('',*,*,#458,.T.);
#534 = ORIENTED_EDGE('',*,*,#520,.T.);
#535 = ORIENTED_EDGE('',*,*,#536,.T.);
#536 = EDGE_CURVE('',#513,#537,#539,.T.);
#537 = VERTEX_POINT('',#538);
#538 = CARTESIAN_POINT('',(-1.016,-1.27,0.));
#539 = LINE('',#540,#541);
#540 = CARTESIAN_POINT('',(-1.27,-1.016,0.));
#541 = VECTOR('',#542,1.);
#542 = DIRECTION('',(0.707106781187,-0.707106781187,0.));
#543 = ORIENTED_EDGE('',*,*,#544,.T.);
#544 = EDGE_CURVE('',#537,#545,#547,.T.);
#545 = VERTEX_POINT('',#546);
#546 = CARTESIAN_POINT('',(-1.27,-1.524,0.));
#547 = LINE('',#548,#549);
#548 = CARTESIAN_POINT('',(-1.016,-1.27,0.));
#549 = VECTOR('',#550,1.);
#550 = DIRECTION('',(-0.707106781187,-0.707106781187,0.));
#551 = ORIENTED_EDGE('',*,*,#552,.T.);
#552 = EDGE_CURVE('',#545,#553,#555,.T.);
#553 = VERTEX_POINT('',#554);
#554 = CARTESIAN_POINT('',(-1.27,-3.556,0.));
#555 = LINE('',#556,#557);
#556 = CARTESIAN_POINT('',(-1.27,-1.524,0.));
#557 = VECTOR('',#558,1.);
#558 = DIRECTION('',(0.,-1.,0.));
#559 = ORIENTED_EDGE('',*,*,#560,.T.);
#560 = EDGE_CURVE('',#553,#561,#563,.T.);
#561 = VERTEX_POINT('',#562);
#562 = CARTESIAN_POINT('',(-1.016,-3.81,0.));
#563 = LINE('',#564,#565);
#564 = CARTESIAN_POINT('',(-1.27,-3.556,0.));
#565 = VECTOR('',#566,1.);
#566 = DIRECTION('',(0.707106781187,-0.707106781187,0.));
#567 = ORIENTED_EDGE('',*,*,#568,.T.);
#568 = EDGE_CURVE('',#561,#569,#571,.T.);
#569 = VERTEX_POINT('',#570);
#570 = CARTESIAN_POINT('',(-1.27,-4.064,0.));
#571 = LINE('',#572,#573);
#572 = CARTESIAN_POINT('',(-1.016,-3.81,0.));
#573 = VECTOR('',#574,1.);
#574 = DIRECTION('',(-0.707106781187,-0.707106781187,0.));
#575 = ORIENTED_EDGE('',*,*,#576,.T.);
#576 = EDGE_CURVE('',#569,#577,#579,.T.);
#577 = VERTEX_POINT('',#578);
#578 = CARTESIAN_POINT('',(-1.27,-6.096,0.));
#579 = LINE('',#580,#581);
#580 = CARTESIAN_POINT('',(-1.27,-4.064,0.));
#581 = VECTOR('',#582,1.);
#582 = DIRECTION('',(0.,-1.,0.));
#583 = ORIENTED_EDGE('',*,*,#584,.T.);
#584 = EDGE_CURVE('',#577,#585,#587,.T.);
#585 = VERTEX_POINT('',#586);
#586 = CARTESIAN_POINT('',(-1.016,-6.35,0.));
#587 = LINE('',#588,#589);
#588 = CARTESIAN_POINT('',(-1.27,-6.096,0.));
#589 = VECTOR('',#590,1.);
#590 = DIRECTION('',(0.707106781187,-0.707106781187,0.));
#591 = ORIENTED_EDGE('',*,*,#592,.T.);
#592 = EDGE_CURVE('',#585,#593,#595,.T.);
#593 = VERTEX_POINT('',#594);
#594 = CARTESIAN_POINT('',(-1.27,-6.604,0.));
#595 = LINE('',#596,#597);
#596 = CARTESIAN_POINT('',(-1.016,-6.35,0.));
#597 = VECTOR('',#598,1.);
#598 = DIRECTION('',(-0.707106781187,-0.707106781187,0.));
#599 = ORIENTED_EDGE('',*,*,#600,.T.);
#600 = EDGE_CURVE('',#593,#601,#603,.T.);
#601 = VERTEX_POINT('',#602);
#602 = CARTESIAN_POINT('',(-1.27,-8.636,0.));
#603 = LINE('',#604,#605);
#604 = CARTESIAN_POINT('',(-1.27,-6.604,0.));
#605 = VECTOR('',#606,1.);
#606 = DIRECTION('',(0.,-1.,0.));
#607 = ORIENTED_EDGE('',*,*,#608,.T.);
#608 = EDGE_CURVE('',#601,#609,#611,.T.);
#609 = VERTEX_POINT('',#610);
#610 = CARTESIAN_POINT('',(-1.016,-8.89,0.));
#611 = LINE('',#612,#613);
#612 = CARTESIAN_POINT('',(-1.27,-8.636,0.));
#613 = VECTOR('',#614,1.);
#614 = DIRECTION('',(0.707106781187,-0.707106781187,0.));
#615 = ORIENTED_EDGE('',*,*,#616,.T.);
#616 = EDGE_CURVE('',#609,#617,#619,.T.);
#617 = VERTEX_POINT('',#618);
#618 = CARTESIAN_POINT('',(-1.27,-9.144,0.));
#619 = LINE('',#620,#621);
#620 = CARTESIAN_POINT('',(-1.016,-8.89,0.));
#621 = VECTOR('',#622,1.);
#622 = DIRECTION('',(-0.707106781187,-0.707106781187,0.));
#623 = ORIENTED_EDGE('',*,*,#624,.T.);
#624 = EDGE_CURVE('',#617,#625,#627,.T.);
#625 = VERTEX_POINT('',#626);
#626 = CARTESIAN_POINT('',(-1.27,-11.176,0.));
#627 = LINE('',#628,#629);
#628 = CARTESIAN_POINT('',(-1.27,-9.144,0.));
#629 = VECTOR('',#630,1.);
#630 = DIRECTION('',(0.,-1.,0.));
#631 = ORIENTED_EDGE('',*,*,#632,.T.);
#632 = EDGE_CURVE('',#625,#633,#635,.T.);
#633 = VERTEX_POINT('',#634);
#634 = CARTESIAN_POINT('',(-1.016,-11.43,0.));
#635 = LINE('',#636,#637);
#636 = CARTESIAN_POINT('',(-1.27,-11.176,0.));
#637 = VECTOR('',#638,1.);
#638 = DIRECTION('',(0.707106781187,-0.707106781187,0.));
#639 = ORIENTED_EDGE('',*,*,#640,.T.);
#640 = EDGE_CURVE('',#633,#641,#643,.T.);
#641 = VERTEX_POINT('',#642);
#642 = CARTESIAN_POINT('',(-1.27,-11.684,0.));
#643 = LINE('',#644,#645);
#644 = CARTESIAN_POINT('',(-1.016,-11.43,0.));
#645 = VECTOR('',#646,1.);
#646 = DIRECTION('',(-0.707106781187,-0.707106781187,0.));
#647 = ORIENTED_EDGE('',*,*,#648,.T.);
#648 = EDGE_CURVE('',#641,#649,#651,.T.);
#649 = VERTEX_POINT('',#650);
#650 = CARTESIAN_POINT('',(-1.27,-13.716,0.));
#651 = LINE('',#652,#653);
#652 = CARTESIAN_POINT('',(-1.27,-11.684,0.));
#653 = VECTOR('',#654,1.);
#654 = DIRECTION('',(0.,-1.,0.));
#655 = ORIENTED_EDGE('',*,*,#656,.T.);
#656 = EDGE_CURVE('',#649,#657,#659,.T.);
#657 = VERTEX_POINT('',#658);
#658 = CARTESIAN_POINT('',(-1.016,-13.97,0.));
#659 = LINE('',#660,#661);
#660 = CARTESIAN_POINT('',(-1.27,-13.716,0.));
#661 = VECTOR('',#662,1.);
#662 = DIRECTION('',(0.707106781187,-0.707106781187,0.));
#663 = ORIENTED_EDGE('',*,*,#664,.T.);
#664 = EDGE_CURVE('',#657,#665,#667,.T.);
#665 = VERTEX_POINT('',#666);
#666 = CARTESIAN_POINT('',(-1.27,-14.224,0.));
#667 = LINE('',#668,#669);
#668 = CARTESIAN_POINT('',(-1.016,-13.97,0.));
#669 = VECTOR('',#670,1.);
#670 = DIRECTION('',(-0.707106781187,-0.707106781187,0.));
#671 = ORIENTED_EDGE('',*,*,#672,.T.);
#672 = EDGE_CURVE('',#665,#673,#675,.T.);
#673 = VERTEX_POINT('',#674);
#674 = CARTESIAN_POINT('',(-1.27,-16.256,0.));
#675 = LINE('',#676,#677);
#676 = CARTESIAN_POINT('',(-1.27,-14.224,0.));
#677 = VECTOR('',#678,1.);
#678 = DIRECTION('',(0.,-1.,0.));
#679 = ORIENTED_EDGE('',*,*,#680,.T.);
#680 = EDGE_CURVE('',#673,#681,#683,.T.);
#681 = VERTEX_POINT('',#682);
#682 = CARTESIAN_POINT('',(-1.016,-16.51,0.));
#683 = LINE('',#684,#685);
#684 = CARTESIAN_POINT('',(-1.27,-16.256,0.));
#685 = VECTOR('',#686,1.);
#686 = DIRECTION('',(0.707106781187,-0.707106781187,0.));
#687 = ORIENTED_EDGE('',*,*,#688,.T.);
#688 = EDGE_CURVE('',#681,#689,#691,.T.);
#689 = VERTEX_POINT('',#690);
#690 = CARTESIAN_POINT('',(-1.27,-16.764,0.));
#691 = LINE('',#692,#693);
#692 = CARTESIAN_POINT('',(-1.016,-16.51,0.));
#693 = VECTOR('',#694,1.);
#694 = DIRECTION('',(-0.707106781187,-0.707106781187,0.));
#695 = ORIENTED_EDGE('',*,*,#696,.T.);
#696 = EDGE_CURVE('',#689,#697,#699,.T.);
#697 = VERTEX_POINT('',#698);
#698 = CARTESIAN_POINT('',(-1.27,-18.796,0.));
#699 = LINE('',#700,#701);
#700 = CARTESIAN_POINT('',(-1.27,-16.764,0.));
#701 = VECTOR('',#702,1.);
#702 = DIRECTION('',(0.,-1.,0.));
#703 = ORIENTED_EDGE('',*,*,#704,.T.);
#704 = EDGE_CURVE('',#697,#705,#707,.T.);
#705 = VERTEX_POINT('',#706);
#706 = CARTESIAN_POINT('',(-1.016,-19.05,0.));
#707 = LINE('',#708,#709);
#708 = CARTESIAN_POINT('',(-1.27,-18.796,0.));
#709 = VECTOR('',#710,1.);
#710 = DIRECTION('',(0.707106781187,-0.707106781187,0.));
#711 = ORIENTED_EDGE('',*,*,#712,.T.);
#712 = EDGE_CURVE('',#705,#713,#715,.T.);
#713 = VERTEX_POINT('',#714);
#714 = CARTESIAN_POINT('',(-1.27,-19.304,0.));
#715 = LINE('',#716,#717);
#716 = CARTESIAN_POINT('',(-1.016,-19.05,0.));
#717 = VECTOR('',#718,1.);
#718 = DIRECTION('',(-0.707106781187,-0.707106781187,0.));
#719 = ORIENTED_EDGE('',*,*,#720,.T.);
#720 = EDGE_CURVE('',#713,#721,#723,.T.);
#721 = VERTEX_POINT('',#722);
#722 = CARTESIAN_POINT('',(-1.27,-21.336,0.));
#723 = LINE('',#724,#725);
#724 = CARTESIAN_POINT('',(-1.27,-19.304,0.));
#725 = VECTOR('',#726,1.);
#726 = DIRECTION('',(0.,-1.,0.));
#727 = ORIENTED_EDGE('',*,*,#728,.T.);
#728 = EDGE_CURVE('',#721,#729,#731,.T.);
#729 = VERTEX_POINT('',#730);
#730 = CARTESIAN_POINT('',(-1.016,-21.59,0.));
#731 = LINE('',#732,#733);
#732 = CARTESIAN_POINT('',(-1.27,-21.336,0.));
#733 = VECTOR('',#734,1.);
#734 = DIRECTION('',(0.707106781187,-0.707106781187,0.));
#735 = ORIENTED_EDGE('',*,*,#736,.T.);
#736 = EDGE_CURVE('',#729,#737,#739,.T.);
#737 = VERTEX_POINT('',#738);
#738 = CARTESIAN_POINT('',(-1.27,-21.844,0.));
#739 = LINE('',#740,#741);
#740 = CARTESIAN_POINT('',(-1.016,-21.59,0.));
#741 = VECTOR('',#742,1.);
#742 = DIRECTION('',(-0.707106781187,-0.707106781187,0.));
#743 = ORIENTED_EDGE('',*,*,#744,.T.);
#744 = EDGE_CURVE('',#737,#745,#747,.T.);
#745 = VERTEX_POINT('',#746);
#746 = CARTESIAN_POINT('',(-1.27,-23.876,0.));
#747 = LINE('',#748,#749);
#748 = CARTESIAN_POINT('',(-1.27,-21.844,0.));
#749 = VECTOR('',#750,1.);
#750 = DIRECTION('',(0.,-1.,0.));
#751 = ORIENTED_EDGE('',*,*,#752,.T.);
#752 = EDGE_CURVE('',#745,#753,#755,.T.);
#753 = VERTEX_POINT('',#754);
#754 = CARTESIAN_POINT('',(-1.016,-24.13,0.));
#755 = LINE('',#756,#757);
#756 = CARTESIAN_POINT('',(-1.27,-23.876,0.));
#757 = VECTOR('',#758,1.);
#758 = DIRECTION('',(0.707106781187,-0.707106781187,0.));
#759 = ORIENTED_EDGE('',*,*,#760,.T.);
#760 = EDGE_CURVE('',#753,#761,#763,.T.);
#761 = VERTEX_POINT('',#762);
#762 = CARTESIAN_POINT('',(-1.27,-24.384,0.));
#763 = LINE('',#764,#765);
#764 = CARTESIAN_POINT('',(-1.016,-24.13,0.));
#765 = VECTOR('',#766,1.);
#766 = DIRECTION('',(-0.707106781187,-0.707106781187,0.));
#767 = ORIENTED_EDGE('',*,*,#768,.T.);
#768 = EDGE_CURVE('',#761,#769,#771,.T.);
#769 = VERTEX_POINT('',#770);
#770 = CARTESIAN_POINT('',(-1.27,-26.416,0.));
#771 = LINE('',#772,#773);
#772 = CARTESIAN_POINT('',(-1.27,-24.384,0.));
#773 = VECTOR('',#774,1.);
#774 = DIRECTION('',(0.,-1.,0.));
#775 = ORIENTED_EDGE('',*,*,#776,.T.);
#776 = EDGE_CURVE('',#769,#777,#779,.T.);
#777 = VERTEX_POINT('',#778);
#778 = CARTESIAN_POINT('',(-1.016,-26.67,0.));
#779 = LINE('',#780,#781);
#780 = CARTESIAN_POINT('',(-1.27,-26.416,0.));
#781 = VECTOR('',#782,1.);
#782 = DIRECTION('',(0.707106781187,-0.707106781187,0.));
#783 = ORIENTED_EDGE('',*,*,#784,.T.);
#784 = EDGE_CURVE('',#777,#785,#787,.T.);
#785 = VERTEX_POINT('',#786);
#786 = CARTESIAN_POINT('',(-1.27,-26.924,0.));
#787 = LINE('',#788,#789);
#788 = CARTESIAN_POINT('',(-1.016,-26.67,0.));
#789 = VECTOR('',#790,1.);
#790 = DIRECTION('',(-0.707106781187,-0.707106781187,0.));
#791 = ORIENTED_EDGE('',*,*,#792,.T.);
#792 = EDGE_CURVE('',#785,#793,#795,.T.);
#793 = VERTEX_POINT('',#794);
#794 = CARTESIAN_POINT('',(-1.27,-28.956,0.));
#795 = LINE('',#796,#797);
#796 = CARTESIAN_POINT('',(-1.27,-26.924,0.));
#797 = VECTOR('',#798,1.);
#798 = DIRECTION('',(0.,-1.,0.));
#799 = ORIENTED_EDGE('',*,*,#800,.T.);
#800 = EDGE_CURVE('',#793,#801,#803,.T.);
#801 = VERTEX_POINT('',#802);
#802 = CARTESIAN_POINT('',(-1.016,-29.21,0.));
#803 = LINE('',#804,#805);
#804 = CARTESIAN_POINT('',(-1.27,-28.956,0.));
#805 = VECTOR('',#806,1.);
#806 = DIRECTION('',(0.707106781187,-0.707106781187,0.));
#807 = ORIENTED_EDGE('',*,*,#808,.T.);
#808 = EDGE_CURVE('',#801,#809,#811,.T.);
#809 = VERTEX_POINT('',#810);
#810 = CARTESIAN_POINT('',(1.016,-29.21,0.));
#811 = LINE('',#812,#813);
#812 = CARTESIAN_POINT('',(-1.016,-29.21,0.));
#813 = VECTOR('',#814,1.);
#814 = DIRECTION('',(1.,0.,0.));
#815 = ORIENTED_EDGE('',*,*,#816,.T.);
#816 = EDGE_CURVE('',#809,#817,#819,.T.);
#817 = VERTEX_POINT('',#818);
#818 = CARTESIAN_POINT('',(1.27,-28.956,0.));
#819 = LINE('',#820,#821);
#820 = CARTESIAN_POINT('',(1.016,-29.21,0.));
#821 = VECTOR('',#822,1.);
#822 = DIRECTION('',(0.707106781187,0.707106781187,0.));
#823 = ORIENTED_EDGE('',*,*,#824,.T.);
#824 = EDGE_CURVE('',#817,#825,#827,.T.);
#825 = VERTEX_POINT('',#826);
#826 = CARTESIAN_POINT('',(1.27,-26.924,0.));
#827 = LINE('',#828,#829);
#828 = CARTESIAN_POINT('',(1.27,-28.956,0.));
#829 = VECTOR('',#830,1.);
#830 = DIRECTION('',(0.,1.,0.));
#831 = ORIENTED_EDGE('',*,*,#832,.T.);
#832 = EDGE_CURVE('',#825,#833,#835,.T.);
#833 = VERTEX_POINT('',#834);
#834 = CARTESIAN_POINT('',(1.016,-26.67,0.));
#835 = LINE('',#836,#837);
#836 = CARTESIAN_POINT('',(1.27,-26.924,0.));
#837 = VECTOR('',#838,1.);
#838 = DIRECTION('',(-0.707106781187,0.707106781187,0.));
#839 = ORIENTED_EDGE('',*,*,#840,.T.);
#840 = EDGE_CURVE('',#833,#841,#843,.T.);
#841 = VERTEX_POINT('',#842);
#842 = CARTESIAN_POINT('',(1.27,-26.416,0.));
#843 = LINE('',#844,#845);
#844 = CARTESIAN_POINT('',(1.016,-26.67,0.));
#845 = VECTOR('',#846,1.);
#846 = DIRECTION('',(0.707106781187,0.707106781187,0.));
#847 = ORIENTED_EDGE('',*,*,#848,.T.);
#848 = EDGE_CURVE('',#841,#849,#851,.T.);
#849 = VERTEX_POINT('',#850);
#850 = CARTESIAN_POINT('',(1.27,-24.384,0.));
#851 = LINE('',#852,#853);
#852 = CARTESIAN_POINT('',(1.27,-26.416,0.));
#853 = VECTOR('',#854,1.);
#854 = DIRECTION('',(0.,1.,0.));
#855 = ORIENTED_EDGE('',*,*,#856,.T.);
#856 = EDGE_CURVE('',#849,#857,#859,.T.);
#857 = VERTEX_POINT('',#858);
#858 = CARTESIAN_POINT('',(1.016,-24.13,0.));
#859 = LINE('',#860,#861);
#860 = CARTESIAN_POINT('',(1.27,-24.384,0.));
#861 = VECTOR('',#862,1.);
#862 = DIRECTION('',(-0.707106781187,0.707106781187,0.));
#863 = ORIENTED_EDGE('',*,*,#864,.T.);
#864 = EDGE_CURVE('',#857,#865,#867,.T.);
#865 = VERTEX_POINT('',#866);
#866 = CARTESIAN_POINT('',(1.27,-23.876,0.));
#867 = LINE('',#868,#869);
#868 = CARTESIAN_POINT('',(1.016,-24.13,0.));
#869 = VECTOR('',#870,1.);
#870 = DIRECTION('',(0.707106781187,0.707106781187,0.));
#871 = ORIENTED_EDGE('',*,*,#872,.T.);
#872 = EDGE_CURVE('',#865,#873,#875,.T.);
#873 = VERTEX_POINT('',#874);
#874 = CARTESIAN_POINT('',(1.27,-21.844,0.));
#875 = LINE('',#876,#877);
#876 = CARTESIAN_POINT('',(1.27,-23.876,0.));
#877 = VECTOR('',#878,1.);
#878 = DIRECTION('',(0.,1.,0.));
#879 = ORIENTED_EDGE('',*,*,#880,.T.);
#880 = EDGE_CURVE('',#873,#881,#883,.T.);
#881 = VERTEX_POINT('',#882);
#882 = CARTESIAN_POINT('',(1.016,-21.59,0.));
#883 = LINE('',#884,#885);
#884 = CARTESIAN_POINT('',(1.27,-21.844,0.));
#885 = VECTOR('',#886,1.);
#886 = DIRECTION('',(-0.707106781187,0.707106781187,0.));
#887 = ORIENTED_EDGE('',*,*,#888,.T.);
#888 = EDGE_CURVE('',#881,#889,#891,.T.);
#889 = VERTEX_POINT('',#890);
#890 = CARTESIAN_POINT('',(1.27,-21.336,0.));
#891 = LINE('',#892,#893);
#892 = CARTESIAN_POINT('',(1.016,-21.59,0.));
#893 = VECTOR('',#894,1.);
#894 = DIRECTION('',(0.707106781187,0.707106781187,0.));
#895 = ORIENTED_EDGE('',*,*,#896,.T.);
#896 = EDGE_CURVE('',#889,#897,#899,.T.);
#897 = VERTEX_POINT('',#898);
#898 = CARTESIAN_POINT('',(1.27,-19.304,0.));
#899 = LINE('',#900,#901);
#900 = CARTESIAN_POINT('',(1.27,-21.336,0.));
#901 = VECTOR('',#902,1.);
#902 = DIRECTION('',(0.,1.,0.));
#903 = ORIENTED_EDGE('',*,*,#904,.T.);
#904 = EDGE_CURVE('',#897,#905,#907,.T.);
#905 = VERTEX_POINT('',#906);
#906 = CARTESIAN_POINT('',(1.016,-19.05,0.));
#907 = LINE('',#908,#909);
#908 = CARTESIAN_POINT('',(1.27,-19.304,0.));
#909 = VECTOR('',#910,1.);
#910 = DIRECTION('',(-0.707106781187,0.707106781187,0.));
#911 = ORIENTED_EDGE('',*,*,#912,.T.);
#912 = EDGE_CURVE('',#905,#913,#915,.T.);
#913 = VERTEX_POINT('',#914);
#914 = CARTESIAN_POINT('',(1.27,-18.796,0.));
#915 = LINE('',#916,#917);
#916 = CARTESIAN_POINT('',(1.016,-19.05,0.));
#917 = VECTOR('',#918,1.);
#918 = DIRECTION('',(0.707106781187,0.707106781187,0.));
#919 = ORIENTED_EDGE('',*,*,#920,.T.);
#920 = EDGE_CURVE('',#913,#921,#923,.T.);
#921 = VERTEX_POINT('',#922);
#922 = CARTESIAN_POINT('',(1.27,-16.764,0.));
#923 = LINE('',#924,#925);
#924 = CARTESIAN_POINT('',(1.27,-18.796,0.));
#925 = VECTOR('',#926,1.);
#926 = DIRECTION('',(0.,1.,0.));
#927 = ORIENTED_EDGE('',*,*,#928,.T.);
#928 = EDGE_CURVE('',#921,#929,#931,.T.);
#929 = VERTEX_POINT('',#930);
#930 = CARTESIAN_POINT('',(1.016,-16.51,0.));
#931 = LINE('',#932,#933);
#932 = CARTESIAN_POINT('',(1.27,-16.764,0.));
#933 = VECTOR('',#934,1.);
#934 = DIRECTION('',(-0.707106781187,0.707106781187,0.));
#935 = ORIENTED_EDGE('',*,*,#936,.T.);
#936 = EDGE_CURVE('',#929,#937,#939,.T.);
#937 = VERTEX_POINT('',#938);
#938 = CARTESIAN_POINT('',(1.27,-16.256,0.));
#939 = LINE('',#940,#941);
#940 = CARTESIAN_POINT('',(1.016,-16.51,0.));
#941 = VECTOR('',#942,1.);
#942 = DIRECTION('',(0.707106781187,0.707106781187,0.));
#943 = ORIENTED_EDGE('',*,*,#944,.T.);
#944 = EDGE_CURVE('',#937,#945,#947,.T.);
#945 = VERTEX_POINT('',#946);
#946 = CARTESIAN_POINT('',(1.27,-14.224,0.));
#947 = LINE('',#948,#949);
#948 = CARTESIAN_POINT('',(1.27,-16.256,0.));
#949 = VECTOR('',#950,1.);
#950 = DIRECTION('',(0.,1.,0.));
#951 = ORIENTED_EDGE('',*,*,#952,.T.);
#952 = EDGE_CURVE('',#945,#953,#955,.T.);
#953 = VERTEX_POINT('',#954);
#954 = CARTESIAN_POINT('',(1.016,-13.97,0.));
#955 = LINE('',#956,#957);
#956 = CARTESIAN_POINT('',(1.27,-14.224,0.));
#957 = VECTOR('',#958,1.);
#958 = DIRECTION('',(-0.707106781187,0.707106781187,0.));
#959 = ORIENTED_EDGE('',*,*,#960,.T.);
#960 = EDGE_CURVE('',#953,#961,#963,.T.);
#961 = VERTEX_POINT('',#962);
#962 = CARTESIAN_POINT('',(1.27,-13.716,0.));
#963 = LINE('',#964,#965);
#964 = CARTESIAN_POINT('',(1.016,-13.97,0.));
#965 = VECTOR('',#966,1.);
#966 = DIRECTION('',(0.707106781187,0.707106781187,0.));
#967 = ORIENTED_EDGE('',*,*,#968,.T.);
#968 = EDGE_CURVE('',#961,#969,#971,.T.);
#969 = VERTEX_POINT('',#970);
#970 = CARTESIAN_POINT('',(1.27,-11.684,0.));
#971 = LINE('',#972,#973);
#972 = CARTESIAN_POINT('',(1.27,-13.716,0.));
#973 = VECTOR('',#974,1.);
#974 = DIRECTION('',(0.,1.,0.));
#975 = ORIENTED_EDGE('',*,*,#976,.T.);
#976 = EDGE_CURVE('',#969,#977,#979,.T.);
#977 = VERTEX_POINT('',#978);
#978 = CARTESIAN_POINT('',(1.016,-11.43,0.));
#979 = LINE('',#980,#981);
#980 = CARTESIAN_POINT('',(1.27,-11.684,0.));
#981 = VECTOR('',#982,1.);
#982 = DIRECTION('',(-0.707106781187,0.707106781187,0.));
#983 = ORIENTED_EDGE('',*,*,#984,.T.);
#984 = EDGE_CURVE('',#977,#985,#987,.T.);
#985 = VERTEX_POINT('',#986);
#986 = CARTESIAN_POINT('',(1.27,-11.176,0.));
#987 = LINE('',#988,#989);
#988 = CARTESIAN_POINT('',(1.016,-11.43,0.));
#989 = VECTOR('',#990,1.);
#990 = DIRECTION('',(0.707106781187,0.707106781187,0.));
#991 = ORIENTED_EDGE('',*,*,#992,.T.);
#992 = EDGE_CURVE('',#985,#993,#995,.T.);
#993 = VERTEX_POINT('',#994);
#994 = CARTESIAN_POINT('',(1.27,-9.144,0.));
#995 = LINE('',#996,#997);
#996 = CARTESIAN_POINT('',(1.27,-11.176,0.));
#997 = VECTOR('',#998,1.);
#998 = DIRECTION('',(0.,1.,0.));
#999 = ORIENTED_EDGE('',*,*,#1000,.T.);
#1000 = EDGE_CURVE('',#993,#1001,#1003,.T.);
#1001 = VERTEX_POINT('',#1002);
#1002 = CARTESIAN_POINT('',(1.016,-8.89,0.));
#1003 = LINE('',#1004,#1005);
#1004 = CARTESIAN_POINT('',(1.27,-9.144,0.));
#1005 = VECTOR('',#1006,1.);
#1006 = DIRECTION('',(-0.707106781187,0.707106781187,0.));
#1007 = ORIENTED_EDGE('',*,*,#1008,.T.);
#1008 = EDGE_CURVE('',#1001,#1009,#1011,.T.);
#1009 = VERTEX_POINT('',#1010);
#1010 = CARTESIAN_POINT('',(1.27,-8.636,0.));
#1011 = LINE('',#1012,#1013);
#1012 = CARTESIAN_POINT('',(1.016,-8.89,0.));
#1013 = VECTOR('',#1014,1.);
#1014 = DIRECTION('',(0.707106781187,0.707106781187,0.));
#1015 = ORIENTED_EDGE('',*,*,#1016,.T.);
#1016 = EDGE_CURVE('',#1009,#1017,#1019,.T.);
#1017 = VERTEX_POINT('',#1018);
#1018 = CARTESIAN_POINT('',(1.27,-6.604,0.));
#1019 = LINE('',#1020,#1021);
#1020 = CARTESIAN_POINT('',(1.27,-8.636,0.));
#1021 = VECTOR('',#1022,1.);
#1022 = DIRECTION('',(0.,1.,0.));
#1023 = ORIENTED_EDGE('',*,*,#1024,.T.);
#1024 = EDGE_CURVE('',#1017,#1025,#1027,.T.);
#1025 = VERTEX_POINT('',#1026);
#1026 = CARTESIAN_POINT('',(1.016,-6.35,0.));
#1027 = LINE('',#1028,#1029);
#1028 = CARTESIAN_POINT('',(1.27,-6.604,0.));
#1029 = VECTOR('',#1030,1.);
#1030 = DIRECTION('',(-0.707106781187,0.707106781187,0.));
#1031 = ORIENTED_EDGE('',*,*,#1032,.T.);
#1032 = EDGE_CURVE('',#1025,#1033,#1035,.T.);
#1033 = VERTEX_POINT('',#1034);
#1034 = CARTESIAN_POINT('',(1.27,-6.096,0.));
#1035 = LINE('',#1036,#1037);
#1036 = CARTESIAN_POINT('',(1.016,-6.35,0.));
#1037 = VECTOR('',#1038,1.);
#1038 = DIRECTION('',(0.707106781187,0.707106781187,0.));
#1039 = ORIENTED_EDGE('',*,*,#1040,.T.);
#1040 = EDGE_CURVE('',#1033,#1041,#1043,.T.);
#1041 = VERTEX_POINT('',#1042);
#1042 = CARTESIAN_POINT('',(1.27,-4.064,0.));
#1043 = LINE('',#1044,#1045);
#1044 = CARTESIAN_POINT('',(1.27,-6.096,0.));
#1045 = VECTOR('',#1046,1.);
#1046 = DIRECTION('',(0.,1.,0.));
#1047 = ORIENTED_EDGE('',*,*,#1048,.T.);
#1048 = EDGE_CURVE('',#1041,#1049,#1051,.T.);
#1049 = VERTEX_POINT('',#1050);
#1050 = CARTESIAN_POINT('',(1.016,-3.81,0.));
#1051 = LINE('',#1052,#1053);
#1052 = CARTESIAN_POINT('',(1.27,-4.064,0.));
#1053 = VECTOR('',#1054,1.);
#1054 = DIRECTION('',(-0.707106781187,0.707106781187,0.));
#1055 = ORIENTED_EDGE('',*,*,#1056,.T.);
#1056 = EDGE_CURVE('',#1049,#1057,#1059,.T.);
#1057 = VERTEX_POINT('',#1058);
#1058 = CARTESIAN_POINT('',(1.27,-3.556,0.));
#1059 = LINE('',#1060,#1061);
#1060 = CARTESIAN_POINT('',(1.016,-3.81,0.));
#1061 = VECTOR('',#1062,1.);
#1062 = DIRECTION('',(0.707106781187,0.707106781187,0.));
#1063 = ORIENTED_EDGE('',*,*,#1064,.T.);
#1064 = EDGE_CURVE('',#1057,#1065,#1067,.T.);
#1065 = VERTEX_POINT('',#1066);
#1066 = CARTESIAN_POINT('',(1.27,-1.524,0.));
#1067 = LINE('',#1068,#1069);
#1068 = CARTESIAN_POINT('',(1.27,-3.556,0.));
#1069 = VECTOR('',#1070,1.);
#1070 = DIRECTION('',(0.,1.,0.));
#1071 = ORIENTED_EDGE('',*,*,#1072,.T.);
#1072 = EDGE_CURVE('',#1065,#1073,#1075,.T.);
#1073 = VERTEX_POINT('',#1074);
#1074 = CARTESIAN_POINT('',(1.016,-1.27,0.));
#1075 = LINE('',#1076,#1077);
#1076 = CARTESIAN_POINT('',(1.27,-1.524,0.));
#1077 = VECTOR('',#1078,1.);
#1078 = DIRECTION('',(-0.707106781187,0.707106781187,0.));
#1079 = ORIENTED_EDGE('',*,*,#1080,.T.);
#1080 = EDGE_CURVE('',#1073,#1081,#1083,.T.);
#1081 = VERTEX_POINT('',#1082);
#1082 = CARTESIAN_POINT('',(1.27,-1.016,0.));
#1083 = LINE('',#1084,#1085);
#1084 = CARTESIAN_POINT('',(1.016,-1.27,0.));
#1085 = VECTOR('',#1086,1.);
#1086 = DIRECTION('',(0.707106781187,0.707106781187,0.));
#1087 = ORIENTED_EDGE('',*,*,#1088,.T.);
#1088 = EDGE_CURVE('',#1081,#1089,#1091,.T.);
#1089 = VERTEX_POINT('',#1090);
#1090 = CARTESIAN_POINT('',(1.27,1.016,0.));
#1091 = LINE('',#1092,#1093);
#1092 = CARTESIAN_POINT('',(1.27,-1.016,0.));
#1093 = VECTOR('',#1094,1.);
#1094 = DIRECTION('',(0.,1.,0.));
#1095 = ORIENTED_EDGE('',*,*,#1096,.T.);
#1096 = EDGE_CURVE('',#1089,#473,#1097,.T.);
#1097 = LINE('',#1098,#1099);
#1098 = CARTESIAN_POINT('',(1.27,1.016,0.));
#1099 = VECTOR('',#1100,1.);
#1100 = DIRECTION('',(-0.707106781187,0.707106781187,0.));
#1101 = ORIENTED_EDGE('',*,*,#489,.T.);
#1102 = FACE_BOUND('',#1103,.F.);
#1103 = EDGE_LOOP('',(#1104,#1114,#1122,#1130));
#1104 = ORIENTED_EDGE('',*,*,#1105,.F.);
#1105 = EDGE_CURVE('',#1106,#1108,#1110,.T.);
#1106 = VERTEX_POINT('',#1107);
#1107 = CARTESIAN_POINT('',(0.32,-5.4,0.));
#1108 = VERTEX_POINT('',#1109);
#1109 = CARTESIAN_POINT('',(0.32,-4.76,0.));
#1110 = LINE('',#1111,#1112);
#1111 = CARTESIAN_POINT('',(0.32,-9.685,0.));
#1112 = VECTOR('',#1113,1.);
#1113 = DIRECTION('',(0.,1.,0.));
#1114 = ORIENTED_EDGE('',*,*,#1115,.T.);
#1115 = EDGE_CURVE('',#1106,#1116,#1118,.T.);
#1116 = VERTEX_POINT('',#1117);
#1117 = CARTESIAN_POINT('',(-0.32,-5.4,0.));
#1118 = LINE('',#1119,#1120);
#1119 = CARTESIAN_POINT('',(-0.16,-5.4,0.));
#1120 = VECTOR('',#1121,1.);
#1121 = DIRECTION('',(-1.,0.,0.));
#1122 = ORIENTED_EDGE('',*,*,#1123,.T.);
#1123 = EDGE_CURVE('',#1116,#1124,#1126,.T.);
#1124 = VERTEX_POINT('',#1125);
#1125 = CARTESIAN_POINT('',(-0.32,-4.76,0.));
#1126 = LINE('',#1127,#1128);
#1127 = CARTESIAN_POINT('',(-0.32,-9.685,0.));
#1128 = VECTOR('',#1129,1.);
#1129 = DIRECTION('',(0.,1.,0.));
#1130 = ORIENTED_EDGE('',*,*,#1131,.F.);
#1131 = EDGE_CURVE('',#1108,#1124,#1132,.T.);
#1132 = LINE('',#1133,#1134);
#1133 = CARTESIAN_POINT('',(-0.16,-4.76,0.));
#1134 = VECTOR('',#1135,1.);
#1135 = DIRECTION('',(-1.,0.,0.));
#1136 = FACE_BOUND('',#1137,.F.);
#1137 = EDGE_LOOP('',(#1138,#1148,#1156,#1164));
#1138 = ORIENTED_EDGE('',*,*,#1139,.T.);
#1139 = EDGE_CURVE('',#1140,#1142,#1144,.T.);
#1140 = VERTEX_POINT('',#1141);
#1141 = CARTESIAN_POINT('',(0.32,-7.94,0.));
#1142 = VERTEX_POINT('',#1143);
#1143 = CARTESIAN_POINT('',(-0.32,-7.94,0.));
#1144 = LINE('',#1145,#1146);
#1145 = CARTESIAN_POINT('',(-0.16,-7.94,0.));
#1146 = VECTOR('',#1147,1.);
#1147 = DIRECTION('',(-1.,0.,0.));
#1148 = ORIENTED_EDGE('',*,*,#1149,.T.);
#1149 = EDGE_CURVE('',#1142,#1150,#1152,.T.);
#1150 = VERTEX_POINT('',#1151);
#1151 = CARTESIAN_POINT('',(-0.32,-7.3,0.));
#1152 = LINE('',#1153,#1154);
#1153 = CARTESIAN_POINT('',(-0.32,-10.955,0.));
#1154 = VECTOR('',#1155,1.);
#1155 = DIRECTION('',(0.,1.,0.));
#1156 = ORIENTED_EDGE('',*,*,#1157,.F.);
#1157 = EDGE_CURVE('',#1158,#1150,#1160,.T.);
#1158 = VERTEX_POINT('',#1159);
#1159 = CARTESIAN_POINT('',(0.32,-7.3,0.));
#1160 = LINE('',#1161,#1162);
#1161 = CARTESIAN_POINT('',(-0.16,-7.3,0.));
#1162 = VECTOR('',#1163,1.);
#1163 = DIRECTION('',(-1.,0.,0.));
#1164 = ORIENTED_EDGE('',*,*,#1165,.F.);
#1165 = EDGE_CURVE('',#1140,#1158,#1166,.T.);
#1166 = LINE('',#1167,#1168);
#1167 = CARTESIAN_POINT('',(0.32,-10.955,0.));
#1168 = VECTOR('',#1169,1.);
#1169 = DIRECTION('',(0.,1.,0.));
#1170 = FACE_BOUND('',#1171,.F.);
#1171 = EDGE_LOOP('',(#1172,#1182,#1190,#1198));
#1172 = ORIENTED_EDGE('',*,*,#1173,.T.);
#1173 = EDGE_CURVE('',#1174,#1176,#1178,.T.);
#1174 = VERTEX_POINT('',#1175);
#1175 = CARTESIAN_POINT('',(0.32,-13.02,0.));
#1176 = VERTEX_POINT('',#1177);
#1177 = CARTESIAN_POINT('',(-0.32,-13.02,0.));
#1178 = LINE('',#1179,#1180);
#1179 = CARTESIAN_POINT('',(-0.16,-13.02,0.));
#1180 = VECTOR('',#1181,1.);
#1181 = DIRECTION('',(-1.,0.,0.));
#1182 = ORIENTED_EDGE('',*,*,#1183,.T.);
#1183 = EDGE_CURVE('',#1176,#1184,#1186,.T.);
#1184 = VERTEX_POINT('',#1185);
#1185 = CARTESIAN_POINT('',(-0.32,-12.38,0.));
#1186 = LINE('',#1187,#1188);
#1187 = CARTESIAN_POINT('',(-0.32,-13.495,0.));
#1188 = VECTOR('',#1189,1.);
#1189 = DIRECTION('',(0.,1.,0.));
#1190 = ORIENTED_EDGE('',*,*,#1191,.F.);
#1191 = EDGE_CURVE('',#1192,#1184,#1194,.T.);
#1192 = VERTEX_POINT('',#1193);
#1193 = CARTESIAN_POINT('',(0.32,-12.38,0.));
#1194 = LINE('',#1195,#1196);
#1195 = CARTESIAN_POINT('',(-0.16,-12.38,0.));
#1196 = VECTOR('',#1197,1.);
#1197 = DIRECTION('',(-1.,0.,0.));
#1198 = ORIENTED_EDGE('',*,*,#1199,.F.);
#1199 = EDGE_CURVE('',#1174,#1192,#1200,.T.);
#1200 = LINE('',#1201,#1202);
#1201 = CARTESIAN_POINT('',(0.32,-13.495,0.));
#1202 = VECTOR('',#1203,1.);
#1203 = DIRECTION('',(0.,1.,0.));
#1204 = FACE_BOUND('',#1205,.F.);
#1205 = EDGE_LOOP('',(#1206,#1216,#1224,#1232));
#1206 = ORIENTED_EDGE('',*,*,#1207,.F.);
#1207 = EDGE_CURVE('',#1208,#1210,#1212,.T.);
#1208 = VERTEX_POINT('',#1209);
#1209 = CARTESIAN_POINT('',(0.32,-10.48,0.));
#1210 = VERTEX_POINT('',#1211);
#1211 = CARTESIAN_POINT('',(0.32,-9.84,0.));
#1212 = LINE('',#1213,#1214);
#1213 = CARTESIAN_POINT('',(0.32,-12.225,0.));
#1214 = VECTOR('',#1215,1.);
#1215 = DIRECTION('',(0.,1.,0.));
#1216 = ORIENTED_EDGE('',*,*,#1217,.T.);
#1217 = EDGE_CURVE('',#1208,#1218,#1220,.T.);
#1218 = VERTEX_POINT('',#1219);
#1219 = CARTESIAN_POINT('',(-0.32,-10.48,0.));
#1220 = LINE('',#1221,#1222);
#1221 = CARTESIAN_POINT('',(-0.16,-10.48,0.));
#1222 = VECTOR('',#1223,1.);
#1223 = DIRECTION('',(-1.,0.,0.));
#1224 = ORIENTED_EDGE('',*,*,#1225,.T.);
#1225 = EDGE_CURVE('',#1218,#1226,#1228,.T.);
#1226 = VERTEX_POINT('',#1227);
#1227 = CARTESIAN_POINT('',(-0.32,-9.84,0.));
#1228 = LINE('',#1229,#1230);
#1229 = CARTESIAN_POINT('',(-0.32,-12.225,0.));
#1230 = VECTOR('',#1231,1.);
#1231 = DIRECTION('',(0.,1.,0.));
#1232 = ORIENTED_EDGE('',*,*,#1233,.F.);
#1233 = EDGE_CURVE('',#1210,#1226,#1234,.T.);
#1234 = LINE('',#1235,#1236);
#1235 = CARTESIAN_POINT('',(-0.16,-9.84,0.));
#1236 = VECTOR('',#1237,1.);
#1237 = DIRECTION('',(-1.,0.,0.));
#1238 = FACE_BOUND('',#1239,.F.);
#1239 = EDGE_LOOP('',(#1240,#1250,#1258,#1266));
#1240 = ORIENTED_EDGE('',*,*,#1241,.F.);
#1241 = EDGE_CURVE('',#1242,#1244,#1246,.T.);
#1242 = VERTEX_POINT('',#1243);
#1243 = CARTESIAN_POINT('',(0.32,-20.,0.));
#1244 = VERTEX_POINT('',#1245);
#1245 = CARTESIAN_POINT('',(-0.32,-20.,0.));
#1246 = LINE('',#1247,#1248);
#1247 = CARTESIAN_POINT('',(-0.16,-20.,0.));
#1248 = VECTOR('',#1249,1.);
#1249 = DIRECTION('',(-1.,0.,0.));
#1250 = ORIENTED_EDGE('',*,*,#1251,.F.);
#1251 = EDGE_CURVE('',#1252,#1242,#1254,.T.);
#1252 = VERTEX_POINT('',#1253);
#1253 = CARTESIAN_POINT('',(0.32,-20.64,0.));
#1254 = LINE('',#1255,#1256);
#1255 = CARTESIAN_POINT('',(0.32,-17.305,0.));
#1256 = VECTOR('',#1257,1.);
#1257 = DIRECTION('',(0.,1.,0.));
#1258 = ORIENTED_EDGE('',*,*,#1259,.T.);
#1259 = EDGE_CURVE('',#1252,#1260,#1262,.T.);
#1260 = VERTEX_POINT('',#1261);
#1261 = CARTESIAN_POINT('',(-0.32,-20.64,0.));
#1262 = LINE('',#1263,#1264);
#1263 = CARTESIAN_POINT('',(-0.16,-20.64,0.));
#1264 = VECTOR('',#1265,1.);
#1265 = DIRECTION('',(-1.,0.,0.));
#1266 = ORIENTED_EDGE('',*,*,#1267,.T.);
#1267 = EDGE_CURVE('',#1260,#1244,#1268,.T.);
#1268 = LINE('',#1269,#1270);
#1269 = CARTESIAN_POINT('',(-0.32,-17.305,0.));
#1270 = VECTOR('',#1271,1.);
#1271 = DIRECTION('',(0.,1.,0.));
#1272 = FACE_BOUND('',#1273,.F.);
#1273 = EDGE_LOOP('',(#1274,#1284,#1292,#1300));
#1274 = ORIENTED_EDGE('',*,*,#1275,.F.);
#1275 = EDGE_CURVE('',#1276,#1278,#1280,.T.);
#1276 = VERTEX_POINT('',#1277);
#1277 = CARTESIAN_POINT('',(0.32,-18.1,0.));
#1278 = VERTEX_POINT('',#1279);
#1279 = CARTESIAN_POINT('',(0.32,-17.46,0.));
#1280 = LINE('',#1281,#1282);
#1281 = CARTESIAN_POINT('',(0.32,-16.035,0.));
#1282 = VECTOR('',#1283,1.);
#1283 = DIRECTION('',(0.,1.,0.));
#1284 = ORIENTED_EDGE('',*,*,#1285,.T.);
#1285 = EDGE_CURVE('',#1276,#1286,#1288,.T.);
#1286 = VERTEX_POINT('',#1287);
#1287 = CARTESIAN_POINT('',(-0.32,-18.1,0.));
#1288 = LINE('',#1289,#1290);
#1289 = CARTESIAN_POINT('',(-0.16,-18.1,0.));
#1290 = VECTOR('',#1291,1.);
#1291 = DIRECTION('',(-1.,0.,0.));
#1292 = ORIENTED_EDGE('',*,*,#1293,.T.);
#1293 = EDGE_CURVE('',#1286,#1294,#1296,.T.);
#1294 = VERTEX_POINT('',#1295);
#1295 = CARTESIAN_POINT('',(-0.32,-17.46,0.));
#1296 = LINE('',#1297,#1298);
#1297 = CARTESIAN_POINT('',(-0.32,-16.035,0.));
#1298 = VECTOR('',#1299,1.);
#1299 = DIRECTION('',(0.,1.,0.));
#1300 = ORIENTED_EDGE('',*,*,#1301,.F.);
#1301 = EDGE_CURVE('',#1278,#1294,#1302,.T.);
#1302 = LINE('',#1303,#1304);
#1303 = CARTESIAN_POINT('',(-0.16,-17.46,0.));
#1304 = VECTOR('',#1305,1.);
#1305 = DIRECTION('',(-1.,0.,0.));
#1306 = FACE_BOUND('',#1307,.F.);
#1307 = EDGE_LOOP('',(#1308,#1318,#1326,#1334));
#1308 = ORIENTED_EDGE('',*,*,#1309,.F.);
#1309 = EDGE_CURVE('',#1310,#1312,#1314,.T.);
#1310 = VERTEX_POINT('',#1311);
#1311 = CARTESIAN_POINT('',(0.32,-14.92,0.));
#1312 = VERTEX_POINT('',#1313);
#1313 = CARTESIAN_POINT('',(-0.32,-14.92,0.));
#1314 = LINE('',#1315,#1316);
#1315 = CARTESIAN_POINT('',(-0.16,-14.92,0.));
#1316 = VECTOR('',#1317,1.);
#1317 = DIRECTION('',(-1.,0.,0.));
#1318 = ORIENTED_EDGE('',*,*,#1319,.F.);
#1319 = EDGE_CURVE('',#1320,#1310,#1322,.T.);
#1320 = VERTEX_POINT('',#1321);
#1321 = CARTESIAN_POINT('',(0.32,-15.56,0.));
#1322 = LINE('',#1323,#1324);
#1323 = CARTESIAN_POINT('',(0.32,-14.765,0.));
#1324 = VECTOR('',#1325,1.);
#1325 = DIRECTION('',(0.,1.,0.));
#1326 = ORIENTED_EDGE('',*,*,#1327,.T.);
#1327 = EDGE_CURVE('',#1320,#1328,#1330,.T.);
#1328 = VERTEX_POINT('',#1329);
#1329 = CARTESIAN_POINT('',(-0.32,-15.56,0.));
#1330 = LINE('',#1331,#1332);
#1331 = CARTESIAN_POINT('',(-0.16,-15.56,0.));
#1332 = VECTOR('',#1333,1.);
#1333 = DIRECTION('',(-1.,0.,0.));
#1334 = ORIENTED_EDGE('',*,*,#1335,.T.);
#1335 = EDGE_CURVE('',#1328,#1312,#1336,.T.);
#1336 = LINE('',#1337,#1338);
#1337 = CARTESIAN_POINT('',(-0.32,-14.765,0.));
#1338 = VECTOR('',#1339,1.);
#1339 = DIRECTION('',(0.,1.,0.));
#1340 = FACE_BOUND('',#1341,.F.);
#1341 = EDGE_LOOP('',(#1342,#1352,#1360,#1368));
#1342 = ORIENTED_EDGE('',*,*,#1343,.F.);
#1343 = EDGE_CURVE('',#1344,#1346,#1348,.T.);
#1344 = VERTEX_POINT('',#1345);
#1345 = CARTESIAN_POINT('',(0.32,-0.32,0.));
#1346 = VERTEX_POINT('',#1347);
#1347 = CARTESIAN_POINT('',(0.32,0.32,0.));
#1348 = LINE('',#1349,#1350);
#1349 = CARTESIAN_POINT('',(0.32,-7.145,0.));
#1350 = VECTOR('',#1351,1.);
#1351 = DIRECTION('',(0.,1.,0.));
#1352 = ORIENTED_EDGE('',*,*,#1353,.T.);
#1353 = EDGE_CURVE('',#1344,#1354,#1356,.T.);
#1354 = VERTEX_POINT('',#1355);
#1355 = CARTESIAN_POINT('',(-0.32,-0.32,0.));
#1356 = LINE('',#1357,#1358);
#1357 = CARTESIAN_POINT('',(-0.16,-0.32,0.));
#1358 = VECTOR('',#1359,1.);
#1359 = DIRECTION('',(-1.,0.,0.));
#1360 = ORIENTED_EDGE('',*,*,#1361,.T.);
#1361 = EDGE_CURVE('',#1354,#1362,#1364,.T.);
#1362 = VERTEX_POINT('',#1363);
#1363 = CARTESIAN_POINT('',(-0.32,0.32,0.));
#1364 = LINE('',#1365,#1366);
#1365 = CARTESIAN_POINT('',(-0.32,-7.145,0.));
#1366 = VECTOR('',#1367,1.);
#1367 = DIRECTION('',(0.,1.,0.));
#1368 = ORIENTED_EDGE('',*,*,#1369,.F.);
#1369 = EDGE_CURVE('',#1346,#1362,#1370,.T.);
#1370 = LINE('',#1371,#1372);
#1371 = CARTESIAN_POINT('',(-0.16,0.32,0.));
#1372 = VECTOR('',#1373,1.);
#1373 = DIRECTION('',(-1.,0.,0.));
#1374 = FACE_BOUND('',#1375,.F.);
#1375 = EDGE_LOOP('',(#1376,#1386,#1394,#1402));
#1376 = ORIENTED_EDGE('',*,*,#1377,.F.);
#1377 = EDGE_CURVE('',#1378,#1380,#1382,.T.);
#1378 = VERTEX_POINT('',#1379);
#1379 = CARTESIAN_POINT('',(0.32,-2.86,0.));
#1380 = VERTEX_POINT('',#1381);
#1381 = CARTESIAN_POINT('',(0.32,-2.22,0.));
#1382 = LINE('',#1383,#1384);
#1383 = CARTESIAN_POINT('',(0.32,-8.415,0.));
#1384 = VECTOR('',#1385,1.);
#1385 = DIRECTION('',(0.,1.,0.));
#1386 = ORIENTED_EDGE('',*,*,#1387,.T.);
#1387 = EDGE_CURVE('',#1378,#1388,#1390,.T.);
#1388 = VERTEX_POINT('',#1389);
#1389 = CARTESIAN_POINT('',(-0.32,-2.86,0.));
#1390 = LINE('',#1391,#1392);
#1391 = CARTESIAN_POINT('',(-0.16,-2.86,0.));
#1392 = VECTOR('',#1393,1.);
#1393 = DIRECTION('',(-1.,0.,0.));
#1394 = ORIENTED_EDGE('',*,*,#1395,.T.);
#1395 = EDGE_CURVE('',#1388,#1396,#1398,.T.);
#1396 = VERTEX_POINT('',#1397);
#1397 = CARTESIAN_POINT('',(-0.32,-2.22,0.));
#1398 = LINE('',#1399,#1400);
#1399 = CARTESIAN_POINT('',(-0.32,-8.415,0.));
#1400 = VECTOR('',#1401,1.);
#1401 = DIRECTION('',(0.,1.,0.));
#1402 = ORIENTED_EDGE('',*,*,#1403,.F.);
#1403 = EDGE_CURVE('',#1380,#1396,#1404,.T.);
#1404 = LINE('',#1405,#1406);
#1405 = CARTESIAN_POINT('',(-0.16,-2.22,0.));
#1406 = VECTOR('',#1407,1.);
#1407 = DIRECTION('',(-1.,0.,0.));
#1408 = FACE_BOUND('',#1409,.F.);
#1409 = EDGE_LOOP('',(#1410,#1420,#1428,#1436));
#1410 = ORIENTED_EDGE('',*,*,#1411,.F.);
#1411 = EDGE_CURVE('',#1412,#1414,#1416,.T.);
#1412 = VERTEX_POINT('',#1413);
#1413 = CARTESIAN_POINT('',(0.32,-27.62,0.));
#1414 = VERTEX_POINT('',#1415);
#1415 = CARTESIAN_POINT('',(-0.32,-27.62,0.));
#1416 = LINE('',#1417,#1418);
#1417 = CARTESIAN_POINT('',(-0.16,-27.62,0.));
#1418 = VECTOR('',#1419,1.);
#1419 = DIRECTION('',(-1.,0.,0.));
#1420 = ORIENTED_EDGE('',*,*,#1421,.F.);
#1421 = EDGE_CURVE('',#1422,#1412,#1424,.T.);
#1422 = VERTEX_POINT('',#1423);
#1423 = CARTESIAN_POINT('',(0.32,-28.26,0.));
#1424 = LINE('',#1425,#1426);
#1425 = CARTESIAN_POINT('',(0.32,-21.115,0.));
#1426 = VECTOR('',#1427,1.);
#1427 = DIRECTION('',(0.,1.,0.));
#1428 = ORIENTED_EDGE('',*,*,#1429,.T.);
#1429 = EDGE_CURVE('',#1422,#1430,#1432,.T.);
#1430 = VERTEX_POINT('',#1431);
#1431 = CARTESIAN_POINT('',(-0.32,-28.26,0.));
#1432 = LINE('',#1433,#1434);
#1433 = CARTESIAN_POINT('',(-0.16,-28.26,0.));
#1434 = VECTOR('',#1435,1.);
#1435 = DIRECTION('',(-1.,0.,0.));
#1436 = ORIENTED_EDGE('',*,*,#1437,.T.);
#1437 = EDGE_CURVE('',#1430,#1414,#1438,.T.);
#1438 = LINE('',#1439,#1440);
#1439 = CARTESIAN_POINT('',(-0.32,-21.115,0.));
#1440 = VECTOR('',#1441,1.);
#1441 = DIRECTION('',(0.,1.,0.));
#1442 = FACE_BOUND('',#1443,.F.);
#1443 = EDGE_LOOP('',(#1444,#1454,#1462,#1470));
#1444 = ORIENTED_EDGE('',*,*,#1445,.F.);
#1445 = EDGE_CURVE('',#1446,#1448,#1450,.T.);
#1446 = VERTEX_POINT('',#1447);
#1447 = CARTESIAN_POINT('',(0.32,-23.18,0.));
#1448 = VERTEX_POINT('',#1449);
#1449 = CARTESIAN_POINT('',(0.32,-22.54,0.));
#1450 = LINE('',#1451,#1452);
#1451 = CARTESIAN_POINT('',(0.32,-18.575,0.));
#1452 = VECTOR('',#1453,1.);
#1453 = DIRECTION('',(0.,1.,0.));
#1454 = ORIENTED_EDGE('',*,*,#1455,.T.);
#1455 = EDGE_CURVE('',#1446,#1456,#1458,.T.);
#1456 = VERTEX_POINT('',#1457);
#1457 = CARTESIAN_POINT('',(-0.32,-23.18,0.));
#1458 = LINE('',#1459,#1460);
#1459 = CARTESIAN_POINT('',(-0.16,-23.18,0.));
#1460 = VECTOR('',#1461,1.);
#1461 = DIRECTION('',(-1.,0.,0.));
#1462 = ORIENTED_EDGE('',*,*,#1463,.T.);
#1463 = EDGE_CURVE('',#1456,#1464,#1466,.T.);
#1464 = VERTEX_POINT('',#1465);
#1465 = CARTESIAN_POINT('',(-0.32,-22.54,0.));
#1466 = LINE('',#1467,#1468);
#1467 = CARTESIAN_POINT('',(-0.32,-18.575,0.));
#1468 = VECTOR('',#1469,1.);
#1469 = DIRECTION('',(0.,1.,0.));
#1470 = ORIENTED_EDGE('',*,*,#1471,.F.);
#1471 = EDGE_CURVE('',#1448,#1464,#1472,.T.);
#1472 = LINE('',#1473,#1474);
#1473 = CARTESIAN_POINT('',(-0.16,-22.54,0.));
#1474 = VECTOR('',#1475,1.);
#1475 = DIRECTION('',(-1.,0.,0.));
#1476 = FACE_BOUND('',#1477,.F.);
#1477 = EDGE_LOOP('',(#1478,#1488,#1496,#1504));
#1478 = ORIENTED_EDGE('',*,*,#1479,.F.);
#1479 = EDGE_CURVE('',#1480,#1482,#1484,.T.);
#1480 = VERTEX_POINT('',#1481);
#1481 = CARTESIAN_POINT('',(0.32,-25.72,0.));
#1482 = VERTEX_POINT('',#1483);
#1483 = CARTESIAN_POINT('',(0.32,-25.08,0.));
#1484 = LINE('',#1485,#1486);
#1485 = CARTESIAN_POINT('',(0.32,-19.845,0.));
#1486 = VECTOR('',#1487,1.);
#1487 = DIRECTION('',(0.,1.,0.));
#1488 = ORIENTED_EDGE('',*,*,#1489,.T.);
#1489 = EDGE_CURVE('',#1480,#1490,#1492,.T.);
#1490 = VERTEX_POINT('',#1491);
#1491 = CARTESIAN_POINT('',(-0.32,-25.72,0.));
#1492 = LINE('',#1493,#1494);
#1493 = CARTESIAN_POINT('',(-0.16,-25.72,0.));
#1494 = VECTOR('',#1495,1.);
#1495 = DIRECTION('',(-1.,0.,0.));
#1496 = ORIENTED_EDGE('',*,*,#1497,.T.);
#1497 = EDGE_CURVE('',#1490,#1498,#1500,.T.);
#1498 = VERTEX_POINT('',#1499);
#1499 = CARTESIAN_POINT('',(-0.32,-25.08,0.));
#1500 = LINE('',#1501,#1502);
#1501 = CARTESIAN_POINT('',(-0.32,-19.845,0.));
#1502 = VECTOR('',#1503,1.);
#1503 = DIRECTION('',(0.,1.,0.));
#1504 = ORIENTED_EDGE('',*,*,#1505,.F.);
#1505 = EDGE_CURVE('',#1482,#1498,#1506,.T.);
#1506 = LINE('',#1507,#1508);
#1507 = CARTESIAN_POINT('',(-0.16,-25.08,0.));
#1508 = VECTOR('',#1509,1.);
#1509 = DIRECTION('',(-1.,0.,0.));
#1510 = PLANE('',#1511);
#1511 = AXIS2_PLACEMENT_3D('',#1512,#1513,#1514);
#1512 = CARTESIAN_POINT('',(-9.506135550473E-18,-13.97,0.));
#1513 = DIRECTION('',(0.,0.,1.));
#1514 = DIRECTION('',(1.,0.,-0.));
#1515 = ADVANCED_FACE('',(#1516,#2087,#2121,#2155,#2189,#2223,#2257,
    #2291,#2325,#2359,#2393,#2427,#2461),#2495,.T.);
#1516 = FACE_BOUND('',#1517,.T.);
#1517 = EDGE_LOOP('',(#1518,#1519,#1520,#1528,#1536,#1544,#1552,#1560,
    #1568,#1576,#1584,#1592,#1600,#1608,#1616,#1624,#1632,#1640,#1648,
    #1656,#1664,#1672,#1680,#1688,#1696,#1704,#1712,#1720,#1728,#1736,
    #1744,#1752,#1760,#1768,#1776,#1784,#1792,#1800,#1808,#1816,#1824,
    #1832,#1840,#1848,#1856,#1864,#1872,#1880,#1888,#1896,#1904,#1912,
    #1920,#1928,#1936,#1944,#1952,#1960,#1968,#1976,#1984,#1992,#2000,
    #2008,#2016,#2024,#2032,#2040,#2048,#2056,#2064,#2072,#2080,#2086));
#1518 = ORIENTED_EDGE('',*,*,#442,.T.);
#1519 = ORIENTED_EDGE('',*,*,#504,.T.);
#1520 = ORIENTED_EDGE('',*,*,#1521,.T.);
#1521 = EDGE_CURVE('',#505,#1522,#1524,.T.);
#1522 = VERTEX_POINT('',#1523);
#1523 = CARTESIAN_POINT('',(-1.016,-1.27,2.54));
#1524 = LINE('',#1525,#1526);
#1525 = CARTESIAN_POINT('',(-1.27,-1.016,2.54));
#1526 = VECTOR('',#1527,1.);
#1527 = DIRECTION('',(0.707106781187,-0.707106781187,0.));
#1528 = ORIENTED_EDGE('',*,*,#1529,.T.);
#1529 = EDGE_CURVE('',#1522,#1530,#1532,.T.);
#1530 = VERTEX_POINT('',#1531);
#1531 = CARTESIAN_POINT('',(-1.27,-1.524,2.54));
#1532 = LINE('',#1533,#1534);
#1533 = CARTESIAN_POINT('',(-1.016,-1.27,2.54));
#1534 = VECTOR('',#1535,1.);
#1535 = DIRECTION('',(-0.707106781187,-0.707106781187,0.));
#1536 = ORIENTED_EDGE('',*,*,#1537,.T.);
#1537 = EDGE_CURVE('',#1530,#1538,#1540,.T.);
#1538 = VERTEX_POINT('',#1539);
#1539 = CARTESIAN_POINT('',(-1.27,-3.556,2.54));
#1540 = LINE('',#1541,#1542);
#1541 = CARTESIAN_POINT('',(-1.27,-1.524,2.54));
#1542 = VECTOR('',#1543,1.);
#1543 = DIRECTION('',(0.,-1.,0.));
#1544 = ORIENTED_EDGE('',*,*,#1545,.T.);
#1545 = EDGE_CURVE('',#1538,#1546,#1548,.T.);
#1546 = VERTEX_POINT('',#1547);
#1547 = CARTESIAN_POINT('',(-1.016,-3.81,2.54));
#1548 = LINE('',#1549,#1550);
#1549 = CARTESIAN_POINT('',(-1.27,-3.556,2.54));
#1550 = VECTOR('',#1551,1.);
#1551 = DIRECTION('',(0.707106781187,-0.707106781187,0.));
#1552 = ORIENTED_EDGE('',*,*,#1553,.T.);
#1553 = EDGE_CURVE('',#1546,#1554,#1556,.T.);
#1554 = VERTEX_POINT('',#1555);
#1555 = CARTESIAN_POINT('',(-1.27,-4.064,2.54));
#1556 = LINE('',#1557,#1558);
#1557 = CARTESIAN_POINT('',(-1.016,-3.81,2.54));
#1558 = VECTOR('',#1559,1.);
#1559 = DIRECTION('',(-0.707106781187,-0.707106781187,0.));
#1560 = ORIENTED_EDGE('',*,*,#1561,.T.);
#1561 = EDGE_CURVE('',#1554,#1562,#1564,.T.);
#1562 = VERTEX_POINT('',#1563);
#1563 = CARTESIAN_POINT('',(-1.27,-6.096,2.54));
#1564 = LINE('',#1565,#1566);
#1565 = CARTESIAN_POINT('',(-1.27,-4.064,2.54));
#1566 = VECTOR('',#1567,1.);
#1567 = DIRECTION('',(0.,-1.,0.));
#1568 = ORIENTED_EDGE('',*,*,#1569,.T.);
#1569 = EDGE_CURVE('',#1562,#1570,#1572,.T.);
#1570 = VERTEX_POINT('',#1571);
#1571 = CARTESIAN_POINT('',(-1.016,-6.35,2.54));
#1572 = LINE('',#1573,#1574);
#1573 = CARTESIAN_POINT('',(-1.27,-6.096,2.54));
#1574 = VECTOR('',#1575,1.);
#1575 = DIRECTION('',(0.707106781187,-0.707106781187,0.));
#1576 = ORIENTED_EDGE('',*,*,#1577,.T.);
#1577 = EDGE_CURVE('',#1570,#1578,#1580,.T.);
#1578 = VERTEX_POINT('',#1579);
#1579 = CARTESIAN_POINT('',(-1.27,-6.604,2.54));
#1580 = LINE('',#1581,#1582);
#1581 = CARTESIAN_POINT('',(-1.016,-6.35,2.54));
#1582 = VECTOR('',#1583,1.);
#1583 = DIRECTION('',(-0.707106781187,-0.707106781187,0.));
#1584 = ORIENTED_EDGE('',*,*,#1585,.T.);
#1585 = EDGE_CURVE('',#1578,#1586,#1588,.T.);
#1586 = VERTEX_POINT('',#1587);
#1587 = CARTESIAN_POINT('',(-1.27,-8.636,2.54));
#1588 = LINE('',#1589,#1590);
#1589 = CARTESIAN_POINT('',(-1.27,-6.604,2.54));
#1590 = VECTOR('',#1591,1.);
#1591 = DIRECTION('',(0.,-1.,0.));
#1592 = ORIENTED_EDGE('',*,*,#1593,.T.);
#1593 = EDGE_CURVE('',#1586,#1594,#1596,.T.);
#1594 = VERTEX_POINT('',#1595);
#1595 = CARTESIAN_POINT('',(-1.016,-8.89,2.54));
#1596 = LINE('',#1597,#1598);
#1597 = CARTESIAN_POINT('',(-1.27,-8.636,2.54));
#1598 = VECTOR('',#1599,1.);
#1599 = DIRECTION('',(0.707106781187,-0.707106781187,0.));
#1600 = ORIENTED_EDGE('',*,*,#1601,.T.);
#1601 = EDGE_CURVE('',#1594,#1602,#1604,.T.);
#1602 = VERTEX_POINT('',#1603);
#1603 = CARTESIAN_POINT('',(-1.27,-9.144,2.54));
#1604 = LINE('',#1605,#1606);
#1605 = CARTESIAN_POINT('',(-1.016,-8.89,2.54));
#1606 = VECTOR('',#1607,1.);
#1607 = DIRECTION('',(-0.707106781187,-0.707106781187,0.));
#1608 = ORIENTED_EDGE('',*,*,#1609,.T.);
#1609 = EDGE_CURVE('',#1602,#1610,#1612,.T.);
#1610 = VERTEX_POINT('',#1611);
#1611 = CARTESIAN_POINT('',(-1.27,-11.176,2.54));
#1612 = LINE('',#1613,#1614);
#1613 = CARTESIAN_POINT('',(-1.27,-9.144,2.54));
#1614 = VECTOR('',#1615,1.);
#1615 = DIRECTION('',(0.,-1.,0.));
#1616 = ORIENTED_EDGE('',*,*,#1617,.T.);
#1617 = EDGE_CURVE('',#1610,#1618,#1620,.T.);
#1618 = VERTEX_POINT('',#1619);
#1619 = CARTESIAN_POINT('',(-1.016,-11.43,2.54));
#1620 = LINE('',#1621,#1622);
#1621 = CARTESIAN_POINT('',(-1.27,-11.176,2.54));
#1622 = VECTOR('',#1623,1.);
#1623 = DIRECTION('',(0.707106781187,-0.707106781187,0.));
#1624 = ORIENTED_EDGE('',*,*,#1625,.T.);
#1625 = EDGE_CURVE('',#1618,#1626,#1628,.T.);
#1626 = VERTEX_POINT('',#1627);
#1627 = CARTESIAN_POINT('',(-1.27,-11.684,2.54));
#1628 = LINE('',#1629,#1630);
#1629 = CARTESIAN_POINT('',(-1.016,-11.43,2.54));
#1630 = VECTOR('',#1631,1.);
#1631 = DIRECTION('',(-0.707106781187,-0.707106781187,0.));
#1632 = ORIENTED_EDGE('',*,*,#1633,.T.);
#1633 = EDGE_CURVE('',#1626,#1634,#1636,.T.);
#1634 = VERTEX_POINT('',#1635);
#1635 = CARTESIAN_POINT('',(-1.27,-13.716,2.54));
#1636 = LINE('',#1637,#1638);
#1637 = CARTESIAN_POINT('',(-1.27,-11.684,2.54));
#1638 = VECTOR('',#1639,1.);
#1639 = DIRECTION('',(0.,-1.,0.));
#1640 = ORIENTED_EDGE('',*,*,#1641,.T.);
#1641 = EDGE_CURVE('',#1634,#1642,#1644,.T.);
#1642 = VERTEX_POINT('',#1643);
#1643 = CARTESIAN_POINT('',(-1.016,-13.97,2.54));
#1644 = LINE('',#1645,#1646);
#1645 = CARTESIAN_POINT('',(-1.27,-13.716,2.54));
#1646 = VECTOR('',#1647,1.);
#1647 = DIRECTION('',(0.707106781187,-0.707106781187,0.));
#1648 = ORIENTED_EDGE('',*,*,#1649,.T.);
#1649 = EDGE_CURVE('',#1642,#1650,#1652,.T.);
#1650 = VERTEX_POINT('',#1651);
#1651 = CARTESIAN_POINT('',(-1.27,-14.224,2.54));
#1652 = LINE('',#1653,#1654);
#1653 = CARTESIAN_POINT('',(-1.016,-13.97,2.54));
#1654 = VECTOR('',#1655,1.);
#1655 = DIRECTION('',(-0.707106781187,-0.707106781187,0.));
#1656 = ORIENTED_EDGE('',*,*,#1657,.T.);
#1657 = EDGE_CURVE('',#1650,#1658,#1660,.T.);
#1658 = VERTEX_POINT('',#1659);
#1659 = CARTESIAN_POINT('',(-1.27,-16.256,2.54));
#1660 = LINE('',#1661,#1662);
#1661 = CARTESIAN_POINT('',(-1.27,-14.224,2.54));
#1662 = VECTOR('',#1663,1.);
#1663 = DIRECTION('',(0.,-1.,0.));
#1664 = ORIENTED_EDGE('',*,*,#1665,.T.);
#1665 = EDGE_CURVE('',#1658,#1666,#1668,.T.);
#1666 = VERTEX_POINT('',#1667);
#1667 = CARTESIAN_POINT('',(-1.016,-16.51,2.54));
#1668 = LINE('',#1669,#1670);
#1669 = CARTESIAN_POINT('',(-1.27,-16.256,2.54));
#1670 = VECTOR('',#1671,1.);
#1671 = DIRECTION('',(0.707106781187,-0.707106781187,0.));
#1672 = ORIENTED_EDGE('',*,*,#1673,.T.);
#1673 = EDGE_CURVE('',#1666,#1674,#1676,.T.);
#1674 = VERTEX_POINT('',#1675);
#1675 = CARTESIAN_POINT('',(-1.27,-16.764,2.54));
#1676 = LINE('',#1677,#1678);
#1677 = CARTESIAN_POINT('',(-1.016,-16.51,2.54));
#1678 = VECTOR('',#1679,1.);
#1679 = DIRECTION('',(-0.707106781187,-0.707106781187,0.));
#1680 = ORIENTED_EDGE('',*,*,#1681,.T.);
#1681 = EDGE_CURVE('',#1674,#1682,#1684,.T.);
#1682 = VERTEX_POINT('',#1683);
#1683 = CARTESIAN_POINT('',(-1.27,-18.796,2.54));
#1684 = LINE('',#1685,#1686);
#1685 = CARTESIAN_POINT('',(-1.27,-16.764,2.54));
#1686 = VECTOR('',#1687,1.);
#1687 = DIRECTION('',(0.,-1.,0.));
#1688 = ORIENTED_EDGE('',*,*,#1689,.T.);
#1689 = EDGE_CURVE('',#1682,#1690,#1692,.T.);
#1690 = VERTEX_POINT('',#1691);
#1691 = CARTESIAN_POINT('',(-1.016,-19.05,2.54));
#1692 = LINE('',#1693,#1694);
#1693 = CARTESIAN_POINT('',(-1.27,-18.796,2.54));
#1694 = VECTOR('',#1695,1.);
#1695 = DIRECTION('',(0.707106781187,-0.707106781187,0.));
#1696 = ORIENTED_EDGE('',*,*,#1697,.T.);
#1697 = EDGE_CURVE('',#1690,#1698,#1700,.T.);
#1698 = VERTEX_POINT('',#1699);
#1699 = CARTESIAN_POINT('',(-1.27,-19.304,2.54));
#1700 = LINE('',#1701,#1702);
#1701 = CARTESIAN_POINT('',(-1.016,-19.05,2.54));
#1702 = VECTOR('',#1703,1.);
#1703 = DIRECTION('',(-0.707106781187,-0.707106781187,0.));
#1704 = ORIENTED_EDGE('',*,*,#1705,.T.);
#1705 = EDGE_CURVE('',#1698,#1706,#1708,.T.);
#1706 = VERTEX_POINT('',#1707);
#1707 = CARTESIAN_POINT('',(-1.27,-21.336,2.54));
#1708 = LINE('',#1709,#1710);
#1709 = CARTESIAN_POINT('',(-1.27,-19.304,2.54));
#1710 = VECTOR('',#1711,1.);
#1711 = DIRECTION('',(0.,-1.,0.));
#1712 = ORIENTED_EDGE('',*,*,#1713,.T.);
#1713 = EDGE_CURVE('',#1706,#1714,#1716,.T.);
#1714 = VERTEX_POINT('',#1715);
#1715 = CARTESIAN_POINT('',(-1.016,-21.59,2.54));
#1716 = LINE('',#1717,#1718);
#1717 = CARTESIAN_POINT('',(-1.27,-21.336,2.54));
#1718 = VECTOR('',#1719,1.);
#1719 = DIRECTION('',(0.707106781187,-0.707106781187,0.));
#1720 = ORIENTED_EDGE('',*,*,#1721,.T.);
#1721 = EDGE_CURVE('',#1714,#1722,#1724,.T.);
#1722 = VERTEX_POINT('',#1723);
#1723 = CARTESIAN_POINT('',(-1.27,-21.844,2.54));
#1724 = LINE('',#1725,#1726);
#1725 = CARTESIAN_POINT('',(-1.016,-21.59,2.54));
#1726 = VECTOR('',#1727,1.);
#1727 = DIRECTION('',(-0.707106781187,-0.707106781187,0.));
#1728 = ORIENTED_EDGE('',*,*,#1729,.T.);
#1729 = EDGE_CURVE('',#1722,#1730,#1732,.T.);
#1730 = VERTEX_POINT('',#1731);
#1731 = CARTESIAN_POINT('',(-1.27,-23.876,2.54));
#1732 = LINE('',#1733,#1734);
#1733 = CARTESIAN_POINT('',(-1.27,-21.844,2.54));
#1734 = VECTOR('',#1735,1.);
#1735 = DIRECTION('',(0.,-1.,0.));
#1736 = ORIENTED_EDGE('',*,*,#1737,.T.);
#1737 = EDGE_CURVE('',#1730,#1738,#1740,.T.);
#1738 = VERTEX_POINT('',#1739);
#1739 = CARTESIAN_POINT('',(-1.016,-24.13,2.54));
#1740 = LINE('',#1741,#1742);
#1741 = CARTESIAN_POINT('',(-1.27,-23.876,2.54));
#1742 = VECTOR('',#1743,1.);
#1743 = DIRECTION('',(0.707106781187,-0.707106781187,0.));
#1744 = ORIENTED_EDGE('',*,*,#1745,.T.);
#1745 = EDGE_CURVE('',#1738,#1746,#1748,.T.);
#1746 = VERTEX_POINT('',#1747);
#1747 = CARTESIAN_POINT('',(-1.27,-24.384,2.54));
#1748 = LINE('',#1749,#1750);
#1749 = CARTESIAN_POINT('',(-1.016,-24.13,2.54));
#1750 = VECTOR('',#1751,1.);
#1751 = DIRECTION('',(-0.707106781187,-0.707106781187,0.));
#1752 = ORIENTED_EDGE('',*,*,#1753,.T.);
#1753 = EDGE_CURVE('',#1746,#1754,#1756,.T.);
#1754 = VERTEX_POINT('',#1755);
#1755 = CARTESIAN_POINT('',(-1.27,-26.416,2.54));
#1756 = LINE('',#1757,#1758);
#1757 = CARTESIAN_POINT('',(-1.27,-24.384,2.54));
#1758 = VECTOR('',#1759,1.);
#1759 = DIRECTION('',(0.,-1.,0.));
#1760 = ORIENTED_EDGE('',*,*,#1761,.T.);
#1761 = EDGE_CURVE('',#1754,#1762,#1764,.T.);
#1762 = VERTEX_POINT('',#1763);
#1763 = CARTESIAN_POINT('',(-1.016,-26.67,2.54));
#1764 = LINE('',#1765,#1766);
#1765 = CARTESIAN_POINT('',(-1.27,-26.416,2.54));
#1766 = VECTOR('',#1767,1.);
#1767 = DIRECTION('',(0.707106781187,-0.707106781187,0.));
#1768 = ORIENTED_EDGE('',*,*,#1769,.T.);
#1769 = EDGE_CURVE('',#1762,#1770,#1772,.T.);
#1770 = VERTEX_POINT('',#1771);
#1771 = CARTESIAN_POINT('',(-1.27,-26.924,2.54));
#1772 = LINE('',#1773,#1774);
#1773 = CARTESIAN_POINT('',(-1.016,-26.67,2.54));
#1774 = VECTOR('',#1775,1.);
#1775 = DIRECTION('',(-0.707106781187,-0.707106781187,0.));
#1776 = ORIENTED_EDGE('',*,*,#1777,.T.);
#1777 = EDGE_CURVE('',#1770,#1778,#1780,.T.);
#1778 = VERTEX_POINT('',#1779);
#1779 = CARTESIAN_POINT('',(-1.27,-28.956,2.54));
#1780 = LINE('',#1781,#1782);
#1781 = CARTESIAN_POINT('',(-1.27,-26.924,2.54));
#1782 = VECTOR('',#1783,1.);
#1783 = DIRECTION('',(0.,-1.,0.));
#1784 = ORIENTED_EDGE('',*,*,#1785,.T.);
#1785 = EDGE_CURVE('',#1778,#1786,#1788,.T.);
#1786 = VERTEX_POINT('',#1787);
#1787 = CARTESIAN_POINT('',(-1.016,-29.21,2.54));
#1788 = LINE('',#1789,#1790);
#1789 = CARTESIAN_POINT('',(-1.27,-28.956,2.54));
#1790 = VECTOR('',#1791,1.);
#1791 = DIRECTION('',(0.707106781187,-0.707106781187,0.));
#1792 = ORIENTED_EDGE('',*,*,#1793,.T.);
#1793 = EDGE_CURVE('',#1786,#1794,#1796,.T.);
#1794 = VERTEX_POINT('',#1795);
#1795 = CARTESIAN_POINT('',(1.016,-29.21,2.54));
#1796 = LINE('',#1797,#1798);
#1797 = CARTESIAN_POINT('',(-1.016,-29.21,2.54));
#1798 = VECTOR('',#1799,1.);
#1799 = DIRECTION('',(1.,0.,0.));
#1800 = ORIENTED_EDGE('',*,*,#1801,.T.);
#1801 = EDGE_CURVE('',#1794,#1802,#1804,.T.);
#1802 = VERTEX_POINT('',#1803);
#1803 = CARTESIAN_POINT('',(1.27,-28.956,2.54));
#1804 = LINE('',#1805,#1806);
#1805 = CARTESIAN_POINT('',(1.016,-29.21,2.54));
#1806 = VECTOR('',#1807,1.);
#1807 = DIRECTION('',(0.707106781187,0.707106781187,0.));
#1808 = ORIENTED_EDGE('',*,*,#1809,.T.);
#1809 = EDGE_CURVE('',#1802,#1810,#1812,.T.);
#1810 = VERTEX_POINT('',#1811);
#1811 = CARTESIAN_POINT('',(1.27,-26.924,2.54));
#1812 = LINE('',#1813,#1814);
#1813 = CARTESIAN_POINT('',(1.27,-28.956,2.54));
#1814 = VECTOR('',#1815,1.);
#1815 = DIRECTION('',(0.,1.,0.));
#1816 = ORIENTED_EDGE('',*,*,#1817,.T.);
#1817 = EDGE_CURVE('',#1810,#1818,#1820,.T.);
#1818 = VERTEX_POINT('',#1819);
#1819 = CARTESIAN_POINT('',(1.016,-26.67,2.54));
#1820 = LINE('',#1821,#1822);
#1821 = CARTESIAN_POINT('',(1.27,-26.924,2.54));
#1822 = VECTOR('',#1823,1.);
#1823 = DIRECTION('',(-0.707106781187,0.707106781187,0.));
#1824 = ORIENTED_EDGE('',*,*,#1825,.T.);
#1825 = EDGE_CURVE('',#1818,#1826,#1828,.T.);
#1826 = VERTEX_POINT('',#1827);
#1827 = CARTESIAN_POINT('',(1.27,-26.416,2.54));
#1828 = LINE('',#1829,#1830);
#1829 = CARTESIAN_POINT('',(1.016,-26.67,2.54));
#1830 = VECTOR('',#1831,1.);
#1831 = DIRECTION('',(0.707106781187,0.707106781187,0.));
#1832 = ORIENTED_EDGE('',*,*,#1833,.T.);
#1833 = EDGE_CURVE('',#1826,#1834,#1836,.T.);
#1834 = VERTEX_POINT('',#1835);
#1835 = CARTESIAN_POINT('',(1.27,-24.384,2.54));
#1836 = LINE('',#1837,#1838);
#1837 = CARTESIAN_POINT('',(1.27,-26.416,2.54));
#1838 = VECTOR('',#1839,1.);
#1839 = DIRECTION('',(0.,1.,0.));
#1840 = ORIENTED_EDGE('',*,*,#1841,.T.);
#1841 = EDGE_CURVE('',#1834,#1842,#1844,.T.);
#1842 = VERTEX_POINT('',#1843);
#1843 = CARTESIAN_POINT('',(1.016,-24.13,2.54));
#1844 = LINE('',#1845,#1846);
#1845 = CARTESIAN_POINT('',(1.27,-24.384,2.54));
#1846 = VECTOR('',#1847,1.);
#1847 = DIRECTION('',(-0.707106781187,0.707106781187,0.));
#1848 = ORIENTED_EDGE('',*,*,#1849,.T.);
#1849 = EDGE_CURVE('',#1842,#1850,#1852,.T.);
#1850 = VERTEX_POINT('',#1851);
#1851 = CARTESIAN_POINT('',(1.27,-23.876,2.54));
#1852 = LINE('',#1853,#1854);
#1853 = CARTESIAN_POINT('',(1.016,-24.13,2.54));
#1854 = VECTOR('',#1855,1.);
#1855 = DIRECTION('',(0.707106781187,0.707106781187,0.));
#1856 = ORIENTED_EDGE('',*,*,#1857,.T.);
#1857 = EDGE_CURVE('',#1850,#1858,#1860,.T.);
#1858 = VERTEX_POINT('',#1859);
#1859 = CARTESIAN_POINT('',(1.27,-21.844,2.54));
#1860 = LINE('',#1861,#1862);
#1861 = CARTESIAN_POINT('',(1.27,-23.876,2.54));
#1862 = VECTOR('',#1863,1.);
#1863 = DIRECTION('',(0.,1.,0.));
#1864 = ORIENTED_EDGE('',*,*,#1865,.T.);
#1865 = EDGE_CURVE('',#1858,#1866,#1868,.T.);
#1866 = VERTEX_POINT('',#1867);
#1867 = CARTESIAN_POINT('',(1.016,-21.59,2.54));
#1868 = LINE('',#1869,#1870);
#1869 = CARTESIAN_POINT('',(1.27,-21.844,2.54));
#1870 = VECTOR('',#1871,1.);
#1871 = DIRECTION('',(-0.707106781187,0.707106781187,0.));
#1872 = ORIENTED_EDGE('',*,*,#1873,.T.);
#1873 = EDGE_CURVE('',#1866,#1874,#1876,.T.);
#1874 = VERTEX_POINT('',#1875);
#1875 = CARTESIAN_POINT('',(1.27,-21.336,2.54));
#1876 = LINE('',#1877,#1878);
#1877 = CARTESIAN_POINT('',(1.016,-21.59,2.54));
#1878 = VECTOR('',#1879,1.);
#1879 = DIRECTION('',(0.707106781187,0.707106781187,0.));
#1880 = ORIENTED_EDGE('',*,*,#1881,.T.);
#1881 = EDGE_CURVE('',#1874,#1882,#1884,.T.);
#1882 = VERTEX_POINT('',#1883);
#1883 = CARTESIAN_POINT('',(1.27,-19.304,2.54));
#1884 = LINE('',#1885,#1886);
#1885 = CARTESIAN_POINT('',(1.27,-21.336,2.54));
#1886 = VECTOR('',#1887,1.);
#1887 = DIRECTION('',(0.,1.,0.));
#1888 = ORIENTED_EDGE('',*,*,#1889,.T.);
#1889 = EDGE_CURVE('',#1882,#1890,#1892,.T.);
#1890 = VERTEX_POINT('',#1891);
#1891 = CARTESIAN_POINT('',(1.016,-19.05,2.54));
#1892 = LINE('',#1893,#1894);
#1893 = CARTESIAN_POINT('',(1.27,-19.304,2.54));
#1894 = VECTOR('',#1895,1.);
#1895 = DIRECTION('',(-0.707106781187,0.707106781187,0.));
#1896 = ORIENTED_EDGE('',*,*,#1897,.T.);
#1897 = EDGE_CURVE('',#1890,#1898,#1900,.T.);
#1898 = VERTEX_POINT('',#1899);
#1899 = CARTESIAN_POINT('',(1.27,-18.796,2.54));
#1900 = LINE('',#1901,#1902);
#1901 = CARTESIAN_POINT('',(1.016,-19.05,2.54));
#1902 = VECTOR('',#1903,1.);
#1903 = DIRECTION('',(0.707106781187,0.707106781187,0.));
#1904 = ORIENTED_EDGE('',*,*,#1905,.T.);
#1905 = EDGE_CURVE('',#1898,#1906,#1908,.T.);
#1906 = VERTEX_POINT('',#1907);
#1907 = CARTESIAN_POINT('',(1.27,-16.764,2.54));
#1908 = LINE('',#1909,#1910);
#1909 = CARTESIAN_POINT('',(1.27,-18.796,2.54));
#1910 = VECTOR('',#1911,1.);
#1911 = DIRECTION('',(0.,1.,0.));
#1912 = ORIENTED_EDGE('',*,*,#1913,.T.);
#1913 = EDGE_CURVE('',#1906,#1914,#1916,.T.);
#1914 = VERTEX_POINT('',#1915);
#1915 = CARTESIAN_POINT('',(1.016,-16.51,2.54));
#1916 = LINE('',#1917,#1918);
#1917 = CARTESIAN_POINT('',(1.27,-16.764,2.54));
#1918 = VECTOR('',#1919,1.);
#1919 = DIRECTION('',(-0.707106781187,0.707106781187,0.));
#1920 = ORIENTED_EDGE('',*,*,#1921,.T.);
#1921 = EDGE_CURVE('',#1914,#1922,#1924,.T.);
#1922 = VERTEX_POINT('',#1923);
#1923 = CARTESIAN_POINT('',(1.27,-16.256,2.54));
#1924 = LINE('',#1925,#1926);
#1925 = CARTESIAN_POINT('',(1.016,-16.51,2.54));
#1926 = VECTOR('',#1927,1.);
#1927 = DIRECTION('',(0.707106781187,0.707106781187,0.));
#1928 = ORIENTED_EDGE('',*,*,#1929,.T.);
#1929 = EDGE_CURVE('',#1922,#1930,#1932,.T.);
#1930 = VERTEX_POINT('',#1931);
#1931 = CARTESIAN_POINT('',(1.27,-14.224,2.54));
#1932 = LINE('',#1933,#1934);
#1933 = CARTESIAN_POINT('',(1.27,-16.256,2.54));
#1934 = VECTOR('',#1935,1.);
#1935 = DIRECTION('',(0.,1.,0.));
#1936 = ORIENTED_EDGE('',*,*,#1937,.T.);
#1937 = EDGE_CURVE('',#1930,#1938,#1940,.T.);
#1938 = VERTEX_POINT('',#1939);
#1939 = CARTESIAN_POINT('',(1.016,-13.97,2.54));
#1940 = LINE('',#1941,#1942);
#1941 = CARTESIAN_POINT('',(1.27,-14.224,2.54));
#1942 = VECTOR('',#1943,1.);
#1943 = DIRECTION('',(-0.707106781187,0.707106781187,0.));
#1944 = ORIENTED_EDGE('',*,*,#1945,.T.);
#1945 = EDGE_CURVE('',#1938,#1946,#1948,.T.);
#1946 = VERTEX_POINT('',#1947);
#1947 = CARTESIAN_POINT('',(1.27,-13.716,2.54));
#1948 = LINE('',#1949,#1950);
#1949 = CARTESIAN_POINT('',(1.016,-13.97,2.54));
#1950 = VECTOR('',#1951,1.);
#1951 = DIRECTION('',(0.707106781187,0.707106781187,0.));
#1952 = ORIENTED_EDGE('',*,*,#1953,.T.);
#1953 = EDGE_CURVE('',#1946,#1954,#1956,.T.);
#1954 = VERTEX_POINT('',#1955);
#1955 = CARTESIAN_POINT('',(1.27,-11.684,2.54));
#1956 = LINE('',#1957,#1958);
#1957 = CARTESIAN_POINT('',(1.27,-13.716,2.54));
#1958 = VECTOR('',#1959,1.);
#1959 = DIRECTION('',(0.,1.,0.));
#1960 = ORIENTED_EDGE('',*,*,#1961,.T.);
#1961 = EDGE_CURVE('',#1954,#1962,#1964,.T.);
#1962 = VERTEX_POINT('',#1963);
#1963 = CARTESIAN_POINT('',(1.016,-11.43,2.54));
#1964 = LINE('',#1965,#1966);
#1965 = CARTESIAN_POINT('',(1.27,-11.684,2.54));
#1966 = VECTOR('',#1967,1.);
#1967 = DIRECTION('',(-0.707106781187,0.707106781187,0.));
#1968 = ORIENTED_EDGE('',*,*,#1969,.T.);
#1969 = EDGE_CURVE('',#1962,#1970,#1972,.T.);
#1970 = VERTEX_POINT('',#1971);
#1971 = CARTESIAN_POINT('',(1.27,-11.176,2.54));
#1972 = LINE('',#1973,#1974);
#1973 = CARTESIAN_POINT('',(1.016,-11.43,2.54));
#1974 = VECTOR('',#1975,1.);
#1975 = DIRECTION('',(0.707106781187,0.707106781187,0.));
#1976 = ORIENTED_EDGE('',*,*,#1977,.T.);
#1977 = EDGE_CURVE('',#1970,#1978,#1980,.T.);
#1978 = VERTEX_POINT('',#1979);
#1979 = CARTESIAN_POINT('',(1.27,-9.144,2.54));
#1980 = LINE('',#1981,#1982);
#1981 = CARTESIAN_POINT('',(1.27,-11.176,2.54));
#1982 = VECTOR('',#1983,1.);
#1983 = DIRECTION('',(0.,1.,0.));
#1984 = ORIENTED_EDGE('',*,*,#1985,.T.);
#1985 = EDGE_CURVE('',#1978,#1986,#1988,.T.);
#1986 = VERTEX_POINT('',#1987);
#1987 = CARTESIAN_POINT('',(1.016,-8.89,2.54));
#1988 = LINE('',#1989,#1990);
#1989 = CARTESIAN_POINT('',(1.27,-9.144,2.54));
#1990 = VECTOR('',#1991,1.);
#1991 = DIRECTION('',(-0.707106781187,0.707106781187,0.));
#1992 = ORIENTED_EDGE('',*,*,#1993,.T.);
#1993 = EDGE_CURVE('',#1986,#1994,#1996,.T.);
#1994 = VERTEX_POINT('',#1995);
#1995 = CARTESIAN_POINT('',(1.27,-8.636,2.54));
#1996 = LINE('',#1997,#1998);
#1997 = CARTESIAN_POINT('',(1.016,-8.89,2.54));
#1998 = VECTOR('',#1999,1.);
#1999 = DIRECTION('',(0.707106781187,0.707106781187,0.));
#2000 = ORIENTED_EDGE('',*,*,#2001,.T.);
#2001 = EDGE_CURVE('',#1994,#2002,#2004,.T.);
#2002 = VERTEX_POINT('',#2003);
#2003 = CARTESIAN_POINT('',(1.27,-6.604,2.54));
#2004 = LINE('',#2005,#2006);
#2005 = CARTESIAN_POINT('',(1.27,-8.636,2.54));
#2006 = VECTOR('',#2007,1.);
#2007 = DIRECTION('',(0.,1.,0.));
#2008 = ORIENTED_EDGE('',*,*,#2009,.T.);
#2009 = EDGE_CURVE('',#2002,#2010,#2012,.T.);
#2010 = VERTEX_POINT('',#2011);
#2011 = CARTESIAN_POINT('',(1.016,-6.35,2.54));
#2012 = LINE('',#2013,#2014);
#2013 = CARTESIAN_POINT('',(1.27,-6.604,2.54));
#2014 = VECTOR('',#2015,1.);
#2015 = DIRECTION('',(-0.707106781187,0.707106781187,0.));
#2016 = ORIENTED_EDGE('',*,*,#2017,.T.);
#2017 = EDGE_CURVE('',#2010,#2018,#2020,.T.);
#2018 = VERTEX_POINT('',#2019);
#2019 = CARTESIAN_POINT('',(1.27,-6.096,2.54));
#2020 = LINE('',#2021,#2022);
#2021 = CARTESIAN_POINT('',(1.016,-6.35,2.54));
#2022 = VECTOR('',#2023,1.);
#2023 = DIRECTION('',(0.707106781187,0.707106781187,0.));
#2024 = ORIENTED_EDGE('',*,*,#2025,.T.);
#2025 = EDGE_CURVE('',#2018,#2026,#2028,.T.);
#2026 = VERTEX_POINT('',#2027);
#2027 = CARTESIAN_POINT('',(1.27,-4.064,2.54));
#2028 = LINE('',#2029,#2030);
#2029 = CARTESIAN_POINT('',(1.27,-6.096,2.54));
#2030 = VECTOR('',#2031,1.);
#2031 = DIRECTION('',(0.,1.,0.));
#2032 = ORIENTED_EDGE('',*,*,#2033,.T.);
#2033 = EDGE_CURVE('',#2026,#2034,#2036,.T.);
#2034 = VERTEX_POINT('',#2035);
#2035 = CARTESIAN_POINT('',(1.016,-3.81,2.54));
#2036 = LINE('',#2037,#2038);
#2037 = CARTESIAN_POINT('',(1.27,-4.064,2.54));
#2038 = VECTOR('',#2039,1.);
#2039 = DIRECTION('',(-0.707106781187,0.707106781187,0.));
#2040 = ORIENTED_EDGE('',*,*,#2041,.T.);
#2041 = EDGE_CURVE('',#2034,#2042,#2044,.T.);
#2042 = VERTEX_POINT('',#2043);
#2043 = CARTESIAN_POINT('',(1.27,-3.556,2.54));
#2044 = LINE('',#2045,#2046);
#2045 = CARTESIAN_POINT('',(1.016,-3.81,2.54));
#2046 = VECTOR('',#2047,1.);
#2047 = DIRECTION('',(0.707106781187,0.707106781187,0.));
#2048 = ORIENTED_EDGE('',*,*,#2049,.T.);
#2049 = EDGE_CURVE('',#2042,#2050,#2052,.T.);
#2050 = VERTEX_POINT('',#2051);
#2051 = CARTESIAN_POINT('',(1.27,-1.524,2.54));
#2052 = LINE('',#2053,#2054);
#2053 = CARTESIAN_POINT('',(1.27,-3.556,2.54));
#2054 = VECTOR('',#2055,1.);
#2055 = DIRECTION('',(0.,1.,0.));
#2056 = ORIENTED_EDGE('',*,*,#2057,.T.);
#2057 = EDGE_CURVE('',#2050,#2058,#2060,.T.);
#2058 = VERTEX_POINT('',#2059);
#2059 = CARTESIAN_POINT('',(1.016,-1.27,2.54));
#2060 = LINE('',#2061,#2062);
#2061 = CARTESIAN_POINT('',(1.27,-1.524,2.54));
#2062 = VECTOR('',#2063,1.);
#2063 = DIRECTION('',(-0.707106781187,0.707106781187,0.));
#2064 = ORIENTED_EDGE('',*,*,#2065,.T.);
#2065 = EDGE_CURVE('',#2058,#2066,#2068,.T.);
#2066 = VERTEX_POINT('',#2067);
#2067 = CARTESIAN_POINT('',(1.27,-1.016,2.54));
#2068 = LINE('',#2069,#2070);
#2069 = CARTESIAN_POINT('',(1.016,-1.27,2.54));
#2070 = VECTOR('',#2071,1.);
#2071 = DIRECTION('',(0.707106781187,0.707106781187,0.));
#2072 = ORIENTED_EDGE('',*,*,#2073,.T.);
#2073 = EDGE_CURVE('',#2066,#2074,#2076,.T.);
#2074 = VERTEX_POINT('',#2075);
#2075 = CARTESIAN_POINT('',(1.27,1.016,2.54));
#2076 = LINE('',#2077,#2078);
#2077 = CARTESIAN_POINT('',(1.27,-1.016,2.54));
#2078 = VECTOR('',#2079,1.);
#2079 = DIRECTION('',(0.,1.,0.));
#2080 = ORIENTED_EDGE('',*,*,#2081,.T.);
#2081 = EDGE_CURVE('',#2074,#475,#2082,.T.);
#2082 = LINE('',#2083,#2084);
#2083 = CARTESIAN_POINT('',(1.27,1.016,2.54));
#2084 = VECTOR('',#2085,1.);
#2085 = DIRECTION('',(-0.707106781187,0.707106781187,0.));
#2086 = ORIENTED_EDGE('',*,*,#482,.T.);
#2087 = FACE_BOUND('',#2088,.T.);
#2088 = EDGE_LOOP('',(#2089,#2099,#2107,#2115));
#2089 = ORIENTED_EDGE('',*,*,#2090,.F.);
#2090 = EDGE_CURVE('',#2091,#2093,#2095,.T.);
#2091 = VERTEX_POINT('',#2092);
#2092 = CARTESIAN_POINT('',(0.32,-5.4,2.54));
#2093 = VERTEX_POINT('',#2094);
#2094 = CARTESIAN_POINT('',(0.32,-4.76,2.54));
#2095 = LINE('',#2096,#2097);
#2096 = CARTESIAN_POINT('',(0.32,-9.685,2.54));
#2097 = VECTOR('',#2098,1.);
#2098 = DIRECTION('',(0.,1.,0.));
#2099 = ORIENTED_EDGE('',*,*,#2100,.T.);
#2100 = EDGE_CURVE('',#2091,#2101,#2103,.T.);
#2101 = VERTEX_POINT('',#2102);
#2102 = CARTESIAN_POINT('',(-0.32,-5.4,2.54));
#2103 = LINE('',#2104,#2105);
#2104 = CARTESIAN_POINT('',(-0.16,-5.4,2.54));
#2105 = VECTOR('',#2106,1.);
#2106 = DIRECTION('',(-1.,0.,0.));
#2107 = ORIENTED_EDGE('',*,*,#2108,.T.);
#2108 = EDGE_CURVE('',#2101,#2109,#2111,.T.);
#2109 = VERTEX_POINT('',#2110);
#2110 = CARTESIAN_POINT('',(-0.32,-4.76,2.54));
#2111 = LINE('',#2112,#2113);
#2112 = CARTESIAN_POINT('',(-0.32,-9.685,2.54));
#2113 = VECTOR('',#2114,1.);
#2114 = DIRECTION('',(0.,1.,0.));
#2115 = ORIENTED_EDGE('',*,*,#2116,.F.);
#2116 = EDGE_CURVE('',#2093,#2109,#2117,.T.);
#2117 = LINE('',#2118,#2119);
#2118 = CARTESIAN_POINT('',(-0.16,-4.76,2.54));
#2119 = VECTOR('',#2120,1.);
#2120 = DIRECTION('',(-1.,0.,0.));
#2121 = FACE_BOUND('',#2122,.T.);
#2122 = EDGE_LOOP('',(#2123,#2133,#2141,#2149));
#2123 = ORIENTED_EDGE('',*,*,#2124,.T.);
#2124 = EDGE_CURVE('',#2125,#2127,#2129,.T.);
#2125 = VERTEX_POINT('',#2126);
#2126 = CARTESIAN_POINT('',(0.32,-7.94,2.54));
#2127 = VERTEX_POINT('',#2128);
#2128 = CARTESIAN_POINT('',(-0.32,-7.94,2.54));
#2129 = LINE('',#2130,#2131);
#2130 = CARTESIAN_POINT('',(-0.16,-7.94,2.54));
#2131 = VECTOR('',#2132,1.);
#2132 = DIRECTION('',(-1.,0.,0.));
#2133 = ORIENTED_EDGE('',*,*,#2134,.T.);
#2134 = EDGE_CURVE('',#2127,#2135,#2137,.T.);
#2135 = VERTEX_POINT('',#2136);
#2136 = CARTESIAN_POINT('',(-0.32,-7.3,2.54));
#2137 = LINE('',#2138,#2139);
#2138 = CARTESIAN_POINT('',(-0.32,-10.955,2.54));
#2139 = VECTOR('',#2140,1.);
#2140 = DIRECTION('',(0.,1.,0.));
#2141 = ORIENTED_EDGE('',*,*,#2142,.F.);
#2142 = EDGE_CURVE('',#2143,#2135,#2145,.T.);
#2143 = VERTEX_POINT('',#2144);
#2144 = CARTESIAN_POINT('',(0.32,-7.3,2.54));
#2145 = LINE('',#2146,#2147);
#2146 = CARTESIAN_POINT('',(-0.16,-7.3,2.54));
#2147 = VECTOR('',#2148,1.);
#2148 = DIRECTION('',(-1.,0.,0.));
#2149 = ORIENTED_EDGE('',*,*,#2150,.F.);
#2150 = EDGE_CURVE('',#2125,#2143,#2151,.T.);
#2151 = LINE('',#2152,#2153);
#2152 = CARTESIAN_POINT('',(0.32,-10.955,2.54));
#2153 = VECTOR('',#2154,1.);
#2154 = DIRECTION('',(0.,1.,0.));
#2155 = FACE_BOUND('',#2156,.T.);
#2156 = EDGE_LOOP('',(#2157,#2167,#2175,#2183));
#2157 = ORIENTED_EDGE('',*,*,#2158,.T.);
#2158 = EDGE_CURVE('',#2159,#2161,#2163,.T.);
#2159 = VERTEX_POINT('',#2160);
#2160 = CARTESIAN_POINT('',(0.32,-13.02,2.54));
#2161 = VERTEX_POINT('',#2162);
#2162 = CARTESIAN_POINT('',(-0.32,-13.02,2.54));
#2163 = LINE('',#2164,#2165);
#2164 = CARTESIAN_POINT('',(-0.16,-13.02,2.54));
#2165 = VECTOR('',#2166,1.);
#2166 = DIRECTION('',(-1.,0.,0.));
#2167 = ORIENTED_EDGE('',*,*,#2168,.T.);
#2168 = EDGE_CURVE('',#2161,#2169,#2171,.T.);
#2169 = VERTEX_POINT('',#2170);
#2170 = CARTESIAN_POINT('',(-0.32,-12.38,2.54));
#2171 = LINE('',#2172,#2173);
#2172 = CARTESIAN_POINT('',(-0.32,-13.495,2.54));
#2173 = VECTOR('',#2174,1.);
#2174 = DIRECTION('',(0.,1.,0.));
#2175 = ORIENTED_EDGE('',*,*,#2176,.F.);
#2176 = EDGE_CURVE('',#2177,#2169,#2179,.T.);
#2177 = VERTEX_POINT('',#2178);
#2178 = CARTESIAN_POINT('',(0.32,-12.38,2.54));
#2179 = LINE('',#2180,#2181);
#2180 = CARTESIAN_POINT('',(-0.16,-12.38,2.54));
#2181 = VECTOR('',#2182,1.);
#2182 = DIRECTION('',(-1.,0.,0.));
#2183 = ORIENTED_EDGE('',*,*,#2184,.F.);
#2184 = EDGE_CURVE('',#2159,#2177,#2185,.T.);
#2185 = LINE('',#2186,#2187);
#2186 = CARTESIAN_POINT('',(0.32,-13.495,2.54));
#2187 = VECTOR('',#2188,1.);
#2188 = DIRECTION('',(0.,1.,0.));
#2189 = FACE_BOUND('',#2190,.T.);
#2190 = EDGE_LOOP('',(#2191,#2201,#2209,#2217));
#2191 = ORIENTED_EDGE('',*,*,#2192,.F.);
#2192 = EDGE_CURVE('',#2193,#2195,#2197,.T.);
#2193 = VERTEX_POINT('',#2194);
#2194 = CARTESIAN_POINT('',(0.32,-10.48,2.54));
#2195 = VERTEX_POINT('',#2196);
#2196 = CARTESIAN_POINT('',(0.32,-9.84,2.54));
#2197 = LINE('',#2198,#2199);
#2198 = CARTESIAN_POINT('',(0.32,-12.225,2.54));
#2199 = VECTOR('',#2200,1.);
#2200 = DIRECTION('',(0.,1.,0.));
#2201 = ORIENTED_EDGE('',*,*,#2202,.T.);
#2202 = EDGE_CURVE('',#2193,#2203,#2205,.T.);
#2203 = VERTEX_POINT('',#2204);
#2204 = CARTESIAN_POINT('',(-0.32,-10.48,2.54));
#2205 = LINE('',#2206,#2207);
#2206 = CARTESIAN_POINT('',(-0.16,-10.48,2.54));
#2207 = VECTOR('',#2208,1.);
#2208 = DIRECTION('',(-1.,0.,0.));
#2209 = ORIENTED_EDGE('',*,*,#2210,.T.);
#2210 = EDGE_CURVE('',#2203,#2211,#2213,.T.);
#2211 = VERTEX_POINT('',#2212);
#2212 = CARTESIAN_POINT('',(-0.32,-9.84,2.54));
#2213 = LINE('',#2214,#2215);
#2214 = CARTESIAN_POINT('',(-0.32,-12.225,2.54));
#2215 = VECTOR('',#2216,1.);
#2216 = DIRECTION('',(0.,1.,0.));
#2217 = ORIENTED_EDGE('',*,*,#2218,.F.);
#2218 = EDGE_CURVE('',#2195,#2211,#2219,.T.);
#2219 = LINE('',#2220,#2221);
#2220 = CARTESIAN_POINT('',(-0.16,-9.84,2.54));
#2221 = VECTOR('',#2222,1.);
#2222 = DIRECTION('',(-1.,0.,0.));
#2223 = FACE_BOUND('',#2224,.T.);
#2224 = EDGE_LOOP('',(#2225,#2235,#2243,#2251));
#2225 = ORIENTED_EDGE('',*,*,#2226,.F.);
#2226 = EDGE_CURVE('',#2227,#2229,#2231,.T.);
#2227 = VERTEX_POINT('',#2228);
#2228 = CARTESIAN_POINT('',(0.32,-20.,2.54));
#2229 = VERTEX_POINT('',#2230);
#2230 = CARTESIAN_POINT('',(-0.32,-20.,2.54));
#2231 = LINE('',#2232,#2233);
#2232 = CARTESIAN_POINT('',(-0.16,-20.,2.54));
#2233 = VECTOR('',#2234,1.);
#2234 = DIRECTION('',(-1.,0.,0.));
#2235 = ORIENTED_EDGE('',*,*,#2236,.F.);
#2236 = EDGE_CURVE('',#2237,#2227,#2239,.T.);
#2237 = VERTEX_POINT('',#2238);
#2238 = CARTESIAN_POINT('',(0.32,-20.64,2.54));
#2239 = LINE('',#2240,#2241);
#2240 = CARTESIAN_POINT('',(0.32,-17.305,2.54));
#2241 = VECTOR('',#2242,1.);
#2242 = DIRECTION('',(0.,1.,0.));
#2243 = ORIENTED_EDGE('',*,*,#2244,.T.);
#2244 = EDGE_CURVE('',#2237,#2245,#2247,.T.);
#2245 = VERTEX_POINT('',#2246);
#2246 = CARTESIAN_POINT('',(-0.32,-20.64,2.54));
#2247 = LINE('',#2248,#2249);
#2248 = CARTESIAN_POINT('',(-0.16,-20.64,2.54));
#2249 = VECTOR('',#2250,1.);
#2250 = DIRECTION('',(-1.,0.,0.));
#2251 = ORIENTED_EDGE('',*,*,#2252,.T.);
#2252 = EDGE_CURVE('',#2245,#2229,#2253,.T.);
#2253 = LINE('',#2254,#2255);
#2254 = CARTESIAN_POINT('',(-0.32,-17.305,2.54));
#2255 = VECTOR('',#2256,1.);
#2256 = DIRECTION('',(0.,1.,0.));
#2257 = FACE_BOUND('',#2258,.T.);
#2258 = EDGE_LOOP('',(#2259,#2269,#2277,#2285));
#2259 = ORIENTED_EDGE('',*,*,#2260,.F.);
#2260 = EDGE_CURVE('',#2261,#2263,#2265,.T.);
#2261 = VERTEX_POINT('',#2262);
#2262 = CARTESIAN_POINT('',(0.32,-18.1,2.54));
#2263 = VERTEX_POINT('',#2264);
#2264 = CARTESIAN_POINT('',(0.32,-17.46,2.54));
#2265 = LINE('',#2266,#2267);
#2266 = CARTESIAN_POINT('',(0.32,-16.035,2.54));
#2267 = VECTOR('',#2268,1.);
#2268 = DIRECTION('',(0.,1.,0.));
#2269 = ORIENTED_EDGE('',*,*,#2270,.T.);
#2270 = EDGE_CURVE('',#2261,#2271,#2273,.T.);
#2271 = VERTEX_POINT('',#2272);
#2272 = CARTESIAN_POINT('',(-0.32,-18.1,2.54));
#2273 = LINE('',#2274,#2275);
#2274 = CARTESIAN_POINT('',(-0.16,-18.1,2.54));
#2275 = VECTOR('',#2276,1.);
#2276 = DIRECTION('',(-1.,0.,0.));
#2277 = ORIENTED_EDGE('',*,*,#2278,.T.);
#2278 = EDGE_CURVE('',#2271,#2279,#2281,.T.);
#2279 = VERTEX_POINT('',#2280);
#2280 = CARTESIAN_POINT('',(-0.32,-17.46,2.54));
#2281 = LINE('',#2282,#2283);
#2282 = CARTESIAN_POINT('',(-0.32,-16.035,2.54));
#2283 = VECTOR('',#2284,1.);
#2284 = DIRECTION('',(0.,1.,0.));
#2285 = ORIENTED_EDGE('',*,*,#2286,.F.);
#2286 = EDGE_CURVE('',#2263,#2279,#2287,.T.);
#2287 = LINE('',#2288,#2289);
#2288 = CARTESIAN_POINT('',(-0.16,-17.46,2.54));
#2289 = VECTOR('',#2290,1.);
#2290 = DIRECTION('',(-1.,0.,0.));
#2291 = FACE_BOUND('',#2292,.T.);
#2292 = EDGE_LOOP('',(#2293,#2303,#2311,#2319));
#2293 = ORIENTED_EDGE('',*,*,#2294,.F.);
#2294 = EDGE_CURVE('',#2295,#2297,#2299,.T.);
#2295 = VERTEX_POINT('',#2296);
#2296 = CARTESIAN_POINT('',(0.32,-14.92,2.54));
#2297 = VERTEX_POINT('',#2298);
#2298 = CARTESIAN_POINT('',(-0.32,-14.92,2.54));
#2299 = LINE('',#2300,#2301);
#2300 = CARTESIAN_POINT('',(-0.16,-14.92,2.54));
#2301 = VECTOR('',#2302,1.);
#2302 = DIRECTION('',(-1.,0.,0.));
#2303 = ORIENTED_EDGE('',*,*,#2304,.F.);
#2304 = EDGE_CURVE('',#2305,#2295,#2307,.T.);
#2305 = VERTEX_POINT('',#2306);
#2306 = CARTESIAN_POINT('',(0.32,-15.56,2.54));
#2307 = LINE('',#2308,#2309);
#2308 = CARTESIAN_POINT('',(0.32,-14.765,2.54));
#2309 = VECTOR('',#2310,1.);
#2310 = DIRECTION('',(0.,1.,0.));
#2311 = ORIENTED_EDGE('',*,*,#2312,.T.);
#2312 = EDGE_CURVE('',#2305,#2313,#2315,.T.);
#2313 = VERTEX_POINT('',#2314);
#2314 = CARTESIAN_POINT('',(-0.32,-15.56,2.54));
#2315 = LINE('',#2316,#2317);
#2316 = CARTESIAN_POINT('',(-0.16,-15.56,2.54));
#2317 = VECTOR('',#2318,1.);
#2318 = DIRECTION('',(-1.,0.,0.));
#2319 = ORIENTED_EDGE('',*,*,#2320,.T.);
#2320 = EDGE_CURVE('',#2313,#2297,#2321,.T.);
#2321 = LINE('',#2322,#2323);
#2322 = CARTESIAN_POINT('',(-0.32,-14.765,2.54));
#2323 = VECTOR('',#2324,1.);
#2324 = DIRECTION('',(0.,1.,0.));
#2325 = FACE_BOUND('',#2326,.T.);
#2326 = EDGE_LOOP('',(#2327,#2337,#2345,#2353));
#2327 = ORIENTED_EDGE('',*,*,#2328,.F.);
#2328 = EDGE_CURVE('',#2329,#2331,#2333,.T.);
#2329 = VERTEX_POINT('',#2330);
#2330 = CARTESIAN_POINT('',(0.32,-0.32,2.54));
#2331 = VERTEX_POINT('',#2332);
#2332 = CARTESIAN_POINT('',(0.32,0.32,2.54));
#2333 = LINE('',#2334,#2335);
#2334 = CARTESIAN_POINT('',(0.32,-7.145,2.54));
#2335 = VECTOR('',#2336,1.);
#2336 = DIRECTION('',(0.,1.,0.));
#2337 = ORIENTED_EDGE('',*,*,#2338,.T.);
#2338 = EDGE_CURVE('',#2329,#2339,#2341,.T.);
#2339 = VERTEX_POINT('',#2340);
#2340 = CARTESIAN_POINT('',(-0.32,-0.32,2.54));
#2341 = LINE('',#2342,#2343);
#2342 = CARTESIAN_POINT('',(-0.16,-0.32,2.54));
#2343 = VECTOR('',#2344,1.);
#2344 = DIRECTION('',(-1.,0.,0.));
#2345 = ORIENTED_EDGE('',*,*,#2346,.T.);
#2346 = EDGE_CURVE('',#2339,#2347,#2349,.T.);
#2347 = VERTEX_POINT('',#2348);
#2348 = CARTESIAN_POINT('',(-0.32,0.32,2.54));
#2349 = LINE('',#2350,#2351);
#2350 = CARTESIAN_POINT('',(-0.32,-7.145,2.54));
#2351 = VECTOR('',#2352,1.);
#2352 = DIRECTION('',(0.,1.,0.));
#2353 = ORIENTED_EDGE('',*,*,#2354,.F.);
#2354 = EDGE_CURVE('',#2331,#2347,#2355,.T.);
#2355 = LINE('',#2356,#2357);
#2356 = CARTESIAN_POINT('',(-0.16,0.32,2.54));
#2357 = VECTOR('',#2358,1.);
#2358 = DIRECTION('',(-1.,0.,0.));
#2359 = FACE_BOUND('',#2360,.T.);
#2360 = EDGE_LOOP('',(#2361,#2371,#2379,#2387));
#2361 = ORIENTED_EDGE('',*,*,#2362,.F.);
#2362 = EDGE_CURVE('',#2363,#2365,#2367,.T.);
#2363 = VERTEX_POINT('',#2364);
#2364 = CARTESIAN_POINT('',(0.32,-2.86,2.54));
#2365 = VERTEX_POINT('',#2366);
#2366 = CARTESIAN_POINT('',(0.32,-2.22,2.54));
#2367 = LINE('',#2368,#2369);
#2368 = CARTESIAN_POINT('',(0.32,-8.415,2.54));
#2369 = VECTOR('',#2370,1.);
#2370 = DIRECTION('',(0.,1.,0.));
#2371 = ORIENTED_EDGE('',*,*,#2372,.T.);
#2372 = EDGE_CURVE('',#2363,#2373,#2375,.T.);
#2373 = VERTEX_POINT('',#2374);
#2374 = CARTESIAN_POINT('',(-0.32,-2.86,2.54));
#2375 = LINE('',#2376,#2377);
#2376 = CARTESIAN_POINT('',(-0.16,-2.86,2.54));
#2377 = VECTOR('',#2378,1.);
#2378 = DIRECTION('',(-1.,0.,0.));
#2379 = ORIENTED_EDGE('',*,*,#2380,.T.);
#2380 = EDGE_CURVE('',#2373,#2381,#2383,.T.);
#2381 = VERTEX_POINT('',#2382);
#2382 = CARTESIAN_POINT('',(-0.32,-2.22,2.54));
#2383 = LINE('',#2384,#2385);
#2384 = CARTESIAN_POINT('',(-0.32,-8.415,2.54));
#2385 = VECTOR('',#2386,1.);
#2386 = DIRECTION('',(0.,1.,0.));
#2387 = ORIENTED_EDGE('',*,*,#2388,.F.);
#2388 = EDGE_CURVE('',#2365,#2381,#2389,.T.);
#2389 = LINE('',#2390,#2391);
#2390 = CARTESIAN_POINT('',(-0.16,-2.22,2.54));
#2391 = VECTOR('',#2392,1.);
#2392 = DIRECTION('',(-1.,0.,0.));
#2393 = FACE_BOUND('',#2394,.T.);
#2394 = EDGE_LOOP('',(#2395,#2405,#2413,#2421));
#2395 = ORIENTED_EDGE('',*,*,#2396,.F.);
#2396 = EDGE_CURVE('',#2397,#2399,#2401,.T.);
#2397 = VERTEX_POINT('',#2398);
#2398 = CARTESIAN_POINT('',(0.32,-27.62,2.54));
#2399 = VERTEX_POINT('',#2400);
#2400 = CARTESIAN_POINT('',(-0.32,-27.62,2.54));
#2401 = LINE('',#2402,#2403);
#2402 = CARTESIAN_POINT('',(-0.16,-27.62,2.54));
#2403 = VECTOR('',#2404,1.);
#2404 = DIRECTION('',(-1.,0.,0.));
#2405 = ORIENTED_EDGE('',*,*,#2406,.F.);
#2406 = EDGE_CURVE('',#2407,#2397,#2409,.T.);
#2407 = VERTEX_POINT('',#2408);
#2408 = CARTESIAN_POINT('',(0.32,-28.26,2.54));
#2409 = LINE('',#2410,#2411);
#2410 = CARTESIAN_POINT('',(0.32,-21.115,2.54));
#2411 = VECTOR('',#2412,1.);
#2412 = DIRECTION('',(0.,1.,0.));
#2413 = ORIENTED_EDGE('',*,*,#2414,.T.);
#2414 = EDGE_CURVE('',#2407,#2415,#2417,.T.);
#2415 = VERTEX_POINT('',#2416);
#2416 = CARTESIAN_POINT('',(-0.32,-28.26,2.54));
#2417 = LINE('',#2418,#2419);
#2418 = CARTESIAN_POINT('',(-0.16,-28.26,2.54));
#2419 = VECTOR('',#2420,1.);
#2420 = DIRECTION('',(-1.,0.,0.));
#2421 = ORIENTED_EDGE('',*,*,#2422,.T.);
#2422 = EDGE_CURVE('',#2415,#2399,#2423,.T.);
#2423 = LINE('',#2424,#2425);
#2424 = CARTESIAN_POINT('',(-0.32,-21.115,2.54));
#2425 = VECTOR('',#2426,1.);
#2426 = DIRECTION('',(0.,1.,0.));
#2427 = FACE_BOUND('',#2428,.T.);
#2428 = EDGE_LOOP('',(#2429,#2439,#2447,#2455));
#2429 = ORIENTED_EDGE('',*,*,#2430,.F.);
#2430 = EDGE_CURVE('',#2431,#2433,#2435,.T.);
#2431 = VERTEX_POINT('',#2432);
#2432 = CARTESIAN_POINT('',(0.32,-23.18,2.54));
#2433 = VERTEX_POINT('',#2434);
#2434 = CARTESIAN_POINT('',(0.32,-22.54,2.54));
#2435 = LINE('',#2436,#2437);
#2436 = CARTESIAN_POINT('',(0.32,-18.575,2.54));
#2437 = VECTOR('',#2438,1.);
#2438 = DIRECTION('',(0.,1.,0.));
#2439 = ORIENTED_EDGE('',*,*,#2440,.T.);
#2440 = EDGE_CURVE('',#2431,#2441,#2443,.T.);
#2441 = VERTEX_POINT('',#2442);
#2442 = CARTESIAN_POINT('',(-0.32,-23.18,2.54));
#2443 = LINE('',#2444,#2445);
#2444 = CARTESIAN_POINT('',(-0.16,-23.18,2.54));
#2445 = VECTOR('',#2446,1.);
#2446 = DIRECTION('',(-1.,0.,0.));
#2447 = ORIENTED_EDGE('',*,*,#2448,.T.);
#2448 = EDGE_CURVE('',#2441,#2449,#2451,.T.);
#2449 = VERTEX_POINT('',#2450);
#2450 = CARTESIAN_POINT('',(-0.32,-22.54,2.54));
#2451 = LINE('',#2452,#2453);
#2452 = CARTESIAN_POINT('',(-0.32,-18.575,2.54));
#2453 = VECTOR('',#2454,1.);
#2454 = DIRECTION('',(0.,1.,0.));
#2455 = ORIENTED_EDGE('',*,*,#2456,.F.);
#2456 = EDGE_CURVE('',#2433,#2449,#2457,.T.);
#2457 = LINE('',#2458,#2459);
#2458 = CARTESIAN_POINT('',(-0.16,-22.54,2.54));
#2459 = VECTOR('',#2460,1.);
#2460 = DIRECTION('',(-1.,0.,0.));
#2461 = FACE_BOUND('',#2462,.T.);
#2462 = EDGE_LOOP('',(#2463,#2473,#2481,#2489));
#2463 = ORIENTED_EDGE('',*,*,#2464,.F.);
#2464 = EDGE_CURVE('',#2465,#2467,#2469,.T.);
#2465 = VERTEX_POINT('',#2466);
#2466 = CARTESIAN_POINT('',(0.32,-25.72,2.54));
#2467 = VERTEX_POINT('',#2468);
#2468 = CARTESIAN_POINT('',(0.32,-25.08,2.54));
#2469 = LINE('',#2470,#2471);
#2470 = CARTESIAN_POINT('',(0.32,-19.845,2.54));
#2471 = VECTOR('',#2472,1.);
#2472 = DIRECTION('',(0.,1.,0.));
#2473 = ORIENTED_EDGE('',*,*,#2474,.T.);
#2474 = EDGE_CURVE('',#2465,#2475,#2477,.T.);
#2475 = VERTEX_POINT('',#2476);
#2476 = CARTESIAN_POINT('',(-0.32,-25.72,2.54));
#2477 = LINE('',#2478,#2479);
#2478 = CARTESIAN_POINT('',(-0.16,-25.72,2.54));
#2479 = VECTOR('',#2480,1.);
#2480 = DIRECTION('',(-1.,0.,0.));
#2481 = ORIENTED_EDGE('',*,*,#2482,.T.);
#2482 = EDGE_CURVE('',#2475,#2483,#2485,.T.);
#2483 = VERTEX_POINT('',#2484);
#2484 = CARTESIAN_POINT('',(-0.32,-25.08,2.54));
#2485 = LINE('',#2486,#2487);
#2486 = CARTESIAN_POINT('',(-0.32,-19.845,2.54));
#2487 = VECTOR('',#2488,1.);
#2488 = DIRECTION('',(0.,1.,0.));
#2489 = ORIENTED_EDGE('',*,*,#2490,.F.);
#2490 = EDGE_CURVE('',#2467,#2483,#2491,.T.);
#2491 = LINE('',#2492,#2493);
#2492 = CARTESIAN_POINT('',(-0.16,-25.08,2.54));
#2493 = VECTOR('',#2494,1.);
#2494 = DIRECTION('',(-1.,0.,0.));
#2495 = PLANE('',#2496);
#2496 = AXIS2_PLACEMENT_3D('',#2497,#2498,#2499);
#2497 = CARTESIAN_POINT('',(-9.506135550473E-18,-13.97,2.54));
#2498 = DIRECTION('',(0.,0.,1.));
#2499 = DIRECTION('',(1.,0.,-0.));
#2500 = ADVANCED_FACE('',(#2501),#2512,.F.);
#2501 = FACE_BOUND('',#2502,.F.);
#2502 = EDGE_LOOP('',(#2503,#2509,#2510,#2511));
#2503 = ORIENTED_EDGE('',*,*,#2504,.T.);
#2504 = EDGE_CURVE('',#1089,#2074,#2505,.T.);
#2505 = LINE('',#2506,#2507);
#2506 = CARTESIAN_POINT('',(1.27,1.016,0.));
#2507 = VECTOR('',#2508,1.);
#2508 = DIRECTION('',(0.,0.,1.));
#2509 = ORIENTED_EDGE('',*,*,#2081,.T.);
#2510 = ORIENTED_EDGE('',*,*,#472,.F.);
#2511 = ORIENTED_EDGE('',*,*,#1096,.F.);
#2512 = PLANE('',#2513);
#2513 = AXIS2_PLACEMENT_3D('',#2514,#2515,#2516);
#2514 = CARTESIAN_POINT('',(1.27,1.016,0.));
#2515 = DIRECTION('',(-0.707106781187,-0.707106781187,0.));
#2516 = DIRECTION('',(-0.707106781187,0.707106781187,0.));
#2517 = ADVANCED_FACE('',(#2518),#2529,.F.);
#2518 = FACE_BOUND('',#2519,.F.);
#2519 = EDGE_LOOP('',(#2520,#2521,#2522,#2528));
#2520 = ORIENTED_EDGE('',*,*,#512,.T.);
#2521 = ORIENTED_EDGE('',*,*,#1521,.T.);
#2522 = ORIENTED_EDGE('',*,*,#2523,.F.);
#2523 = EDGE_CURVE('',#537,#1522,#2524,.T.);
#2524 = LINE('',#2525,#2526);
#2525 = CARTESIAN_POINT('',(-1.016,-1.27,0.));
#2526 = VECTOR('',#2527,1.);
#2527 = DIRECTION('',(0.,0.,1.));
#2528 = ORIENTED_EDGE('',*,*,#536,.F.);
#2529 = PLANE('',#2530);
#2530 = AXIS2_PLACEMENT_3D('',#2531,#2532,#2533);
#2531 = CARTESIAN_POINT('',(-1.27,-1.016,0.));
#2532 = DIRECTION('',(0.707106781187,0.707106781187,0.));
#2533 = DIRECTION('',(0.707106781187,-0.707106781187,0.));
#2534 = ADVANCED_FACE('',(#2535),#2546,.F.);
#2535 = FACE_BOUND('',#2536,.F.);
#2536 = EDGE_LOOP('',(#2537,#2543,#2544,#2545));
#2537 = ORIENTED_EDGE('',*,*,#2538,.T.);
#2538 = EDGE_CURVE('',#1081,#2066,#2539,.T.);
#2539 = LINE('',#2540,#2541);
#2540 = CARTESIAN_POINT('',(1.27,-1.016,0.));
#2541 = VECTOR('',#2542,1.);
#2542 = DIRECTION('',(0.,0.,1.));
#2543 = ORIENTED_EDGE('',*,*,#2073,.T.);
#2544 = ORIENTED_EDGE('',*,*,#2504,.F.);
#2545 = ORIENTED_EDGE('',*,*,#1088,.F.);
#2546 = PLANE('',#2547);
#2547 = AXIS2_PLACEMENT_3D('',#2548,#2549,#2550);
#2548 = CARTESIAN_POINT('',(1.27,-1.016,0.));
#2549 = DIRECTION('',(-1.,0.,0.));
#2550 = DIRECTION('',(0.,1.,0.));
#2551 = ADVANCED_FACE('',(#2552),#2563,.F.);
#2552 = FACE_BOUND('',#2553,.F.);
#2553 = EDGE_LOOP('',(#2554,#2555,#2556,#2562));
#2554 = ORIENTED_EDGE('',*,*,#2523,.T.);
#2555 = ORIENTED_EDGE('',*,*,#1529,.T.);
#2556 = ORIENTED_EDGE('',*,*,#2557,.F.);
#2557 = EDGE_CURVE('',#545,#1530,#2558,.T.);
#2558 = LINE('',#2559,#2560);
#2559 = CARTESIAN_POINT('',(-1.27,-1.524,0.));
#2560 = VECTOR('',#2561,1.);
#2561 = DIRECTION('',(0.,0.,1.));
#2562 = ORIENTED_EDGE('',*,*,#544,.F.);
#2563 = PLANE('',#2564);
#2564 = AXIS2_PLACEMENT_3D('',#2565,#2566,#2567);
#2565 = CARTESIAN_POINT('',(-1.016,-1.27,0.));
#2566 = DIRECTION('',(0.707106781187,-0.707106781187,0.));
#2567 = DIRECTION('',(-0.707106781187,-0.707106781187,0.));
#2568 = ADVANCED_FACE('',(#2569),#2580,.F.);
#2569 = FACE_BOUND('',#2570,.F.);
#2570 = EDGE_LOOP('',(#2571,#2577,#2578,#2579));
#2571 = ORIENTED_EDGE('',*,*,#2572,.T.);
#2572 = EDGE_CURVE('',#1073,#2058,#2573,.T.);
#2573 = LINE('',#2574,#2575);
#2574 = CARTESIAN_POINT('',(1.016,-1.27,0.));
#2575 = VECTOR('',#2576,1.);
#2576 = DIRECTION('',(0.,0.,1.));
#2577 = ORIENTED_EDGE('',*,*,#2065,.T.);
#2578 = ORIENTED_EDGE('',*,*,#2538,.F.);
#2579 = ORIENTED_EDGE('',*,*,#1080,.F.);
#2580 = PLANE('',#2581);
#2581 = AXIS2_PLACEMENT_3D('',#2582,#2583,#2584);
#2582 = CARTESIAN_POINT('',(1.016,-1.27,0.));
#2583 = DIRECTION('',(-0.707106781187,0.707106781187,0.));
#2584 = DIRECTION('',(0.707106781187,0.707106781187,0.));
#2585 = ADVANCED_FACE('',(#2586),#2597,.F.);
#2586 = FACE_BOUND('',#2587,.F.);
#2587 = EDGE_LOOP('',(#2588,#2589,#2590,#2596));
#2588 = ORIENTED_EDGE('',*,*,#2557,.T.);
#2589 = ORIENTED_EDGE('',*,*,#1537,.T.);
#2590 = ORIENTED_EDGE('',*,*,#2591,.F.);
#2591 = EDGE_CURVE('',#553,#1538,#2592,.T.);
#2592 = LINE('',#2593,#2594);
#2593 = CARTESIAN_POINT('',(-1.27,-3.556,0.));
#2594 = VECTOR('',#2595,1.);
#2595 = DIRECTION('',(0.,0.,1.));
#2596 = ORIENTED_EDGE('',*,*,#552,.F.);
#2597 = PLANE('',#2598);
#2598 = AXIS2_PLACEMENT_3D('',#2599,#2600,#2601);
#2599 = CARTESIAN_POINT('',(-1.27,-1.524,0.));
#2600 = DIRECTION('',(1.,0.,0.));
#2601 = DIRECTION('',(0.,-1.,0.));
#2602 = ADVANCED_FACE('',(#2603),#2614,.F.);
#2603 = FACE_BOUND('',#2604,.F.);
#2604 = EDGE_LOOP('',(#2605,#2611,#2612,#2613));
#2605 = ORIENTED_EDGE('',*,*,#2606,.T.);
#2606 = EDGE_CURVE('',#1065,#2050,#2607,.T.);
#2607 = LINE('',#2608,#2609);
#2608 = CARTESIAN_POINT('',(1.27,-1.524,0.));
#2609 = VECTOR('',#2610,1.);
#2610 = DIRECTION('',(0.,0.,1.));
#2611 = ORIENTED_EDGE('',*,*,#2057,.T.);
#2612 = ORIENTED_EDGE('',*,*,#2572,.F.);
#2613 = ORIENTED_EDGE('',*,*,#1072,.F.);
#2614 = PLANE('',#2615);
#2615 = AXIS2_PLACEMENT_3D('',#2616,#2617,#2618);
#2616 = CARTESIAN_POINT('',(1.27,-1.524,0.));
#2617 = DIRECTION('',(-0.707106781187,-0.707106781187,0.));
#2618 = DIRECTION('',(-0.707106781187,0.707106781187,0.));
#2619 = ADVANCED_FACE('',(#2620),#2631,.F.);
#2620 = FACE_BOUND('',#2621,.F.);
#2621 = EDGE_LOOP('',(#2622,#2623,#2624,#2630));
#2622 = ORIENTED_EDGE('',*,*,#2591,.T.);
#2623 = ORIENTED_EDGE('',*,*,#1545,.T.);
#2624 = ORIENTED_EDGE('',*,*,#2625,.F.);
#2625 = EDGE_CURVE('',#561,#1546,#2626,.T.);
#2626 = LINE('',#2627,#2628);
#2627 = CARTESIAN_POINT('',(-1.016,-3.81,0.));
#2628 = VECTOR('',#2629,1.);
#2629 = DIRECTION('',(0.,0.,1.));
#2630 = ORIENTED_EDGE('',*,*,#560,.F.);
#2631 = PLANE('',#2632);
#2632 = AXIS2_PLACEMENT_3D('',#2633,#2634,#2635);
#2633 = CARTESIAN_POINT('',(-1.27,-3.556,0.));
#2634 = DIRECTION('',(0.707106781187,0.707106781187,0.));
#2635 = DIRECTION('',(0.707106781187,-0.707106781187,0.));
#2636 = ADVANCED_FACE('',(#2637),#2648,.F.);
#2637 = FACE_BOUND('',#2638,.F.);
#2638 = EDGE_LOOP('',(#2639,#2645,#2646,#2647));
#2639 = ORIENTED_EDGE('',*,*,#2640,.T.);
#2640 = EDGE_CURVE('',#1057,#2042,#2641,.T.);
#2641 = LINE('',#2642,#2643);
#2642 = CARTESIAN_POINT('',(1.27,-3.556,0.));
#2643 = VECTOR('',#2644,1.);
#2644 = DIRECTION('',(0.,0.,1.));
#2645 = ORIENTED_EDGE('',*,*,#2049,.T.);
#2646 = ORIENTED_EDGE('',*,*,#2606,.F.);
#2647 = ORIENTED_EDGE('',*,*,#1064,.F.);
#2648 = PLANE('',#2649);
#2649 = AXIS2_PLACEMENT_3D('',#2650,#2651,#2652);
#2650 = CARTESIAN_POINT('',(1.27,-3.556,0.));
#2651 = DIRECTION('',(-1.,0.,0.));
#2652 = DIRECTION('',(0.,1.,0.));
#2653 = ADVANCED_FACE('',(#2654),#2665,.F.);
#2654 = FACE_BOUND('',#2655,.F.);
#2655 = EDGE_LOOP('',(#2656,#2657,#2658,#2664));
#2656 = ORIENTED_EDGE('',*,*,#2625,.T.);
#2657 = ORIENTED_EDGE('',*,*,#1553,.T.);
#2658 = ORIENTED_EDGE('',*,*,#2659,.F.);
#2659 = EDGE_CURVE('',#569,#1554,#2660,.T.);
#2660 = LINE('',#2661,#2662);
#2661 = CARTESIAN_POINT('',(-1.27,-4.064,0.));
#2662 = VECTOR('',#2663,1.);
#2663 = DIRECTION('',(0.,0.,1.));
#2664 = ORIENTED_EDGE('',*,*,#568,.F.);
#2665 = PLANE('',#2666);
#2666 = AXIS2_PLACEMENT_3D('',#2667,#2668,#2669);
#2667 = CARTESIAN_POINT('',(-1.016,-3.81,0.));
#2668 = DIRECTION('',(0.707106781187,-0.707106781187,0.));
#2669 = DIRECTION('',(-0.707106781187,-0.707106781187,0.));
#2670 = ADVANCED_FACE('',(#2671),#2682,.F.);
#2671 = FACE_BOUND('',#2672,.F.);
#2672 = EDGE_LOOP('',(#2673,#2679,#2680,#2681));
#2673 = ORIENTED_EDGE('',*,*,#2674,.T.);
#2674 = EDGE_CURVE('',#1049,#2034,#2675,.T.);
#2675 = LINE('',#2676,#2677);
#2676 = CARTESIAN_POINT('',(1.016,-3.81,0.));
#2677 = VECTOR('',#2678,1.);
#2678 = DIRECTION('',(0.,0.,1.));
#2679 = ORIENTED_EDGE('',*,*,#2041,.T.);
#2680 = ORIENTED_EDGE('',*,*,#2640,.F.);
#2681 = ORIENTED_EDGE('',*,*,#1056,.F.);
#2682 = PLANE('',#2683);
#2683 = AXIS2_PLACEMENT_3D('',#2684,#2685,#2686);
#2684 = CARTESIAN_POINT('',(1.016,-3.81,0.));
#2685 = DIRECTION('',(-0.707106781187,0.707106781187,0.));
#2686 = DIRECTION('',(0.707106781187,0.707106781187,0.));
#2687 = ADVANCED_FACE('',(#2688),#2699,.F.);
#2688 = FACE_BOUND('',#2689,.F.);
#2689 = EDGE_LOOP('',(#2690,#2691,#2692,#2698));
#2690 = ORIENTED_EDGE('',*,*,#2659,.T.);
#2691 = ORIENTED_EDGE('',*,*,#1561,.T.);
#2692 = ORIENTED_EDGE('',*,*,#2693,.F.);
#2693 = EDGE_CURVE('',#577,#1562,#2694,.T.);
#2694 = LINE('',#2695,#2696);
#2695 = CARTESIAN_POINT('',(-1.27,-6.096,0.));
#2696 = VECTOR('',#2697,1.);
#2697 = DIRECTION('',(0.,0.,1.));
#2698 = ORIENTED_EDGE('',*,*,#576,.F.);
#2699 = PLANE('',#2700);
#2700 = AXIS2_PLACEMENT_3D('',#2701,#2702,#2703);
#2701 = CARTESIAN_POINT('',(-1.27,-4.064,0.));
#2702 = DIRECTION('',(1.,0.,0.));
#2703 = DIRECTION('',(0.,-1.,0.));
#2704 = ADVANCED_FACE('',(#2705),#2716,.F.);
#2705 = FACE_BOUND('',#2706,.F.);
#2706 = EDGE_LOOP('',(#2707,#2713,#2714,#2715));
#2707 = ORIENTED_EDGE('',*,*,#2708,.T.);
#2708 = EDGE_CURVE('',#1041,#2026,#2709,.T.);
#2709 = LINE('',#2710,#2711);
#2710 = CARTESIAN_POINT('',(1.27,-4.064,0.));
#2711 = VECTOR('',#2712,1.);
#2712 = DIRECTION('',(0.,0.,1.));
#2713 = ORIENTED_EDGE('',*,*,#2033,.T.);
#2714 = ORIENTED_EDGE('',*,*,#2674,.F.);
#2715 = ORIENTED_EDGE('',*,*,#1048,.F.);
#2716 = PLANE('',#2717);
#2717 = AXIS2_PLACEMENT_3D('',#2718,#2719,#2720);
#2718 = CARTESIAN_POINT('',(1.27,-4.064,0.));
#2719 = DIRECTION('',(-0.707106781187,-0.707106781187,0.));
#2720 = DIRECTION('',(-0.707106781187,0.707106781187,0.));
#2721 = ADVANCED_FACE('',(#2722),#2733,.F.);
#2722 = FACE_BOUND('',#2723,.F.);
#2723 = EDGE_LOOP('',(#2724,#2725,#2726,#2732));
#2724 = ORIENTED_EDGE('',*,*,#2693,.T.);
#2725 = ORIENTED_EDGE('',*,*,#1569,.T.);
#2726 = ORIENTED_EDGE('',*,*,#2727,.F.);
#2727 = EDGE_CURVE('',#585,#1570,#2728,.T.);
#2728 = LINE('',#2729,#2730);
#2729 = CARTESIAN_POINT('',(-1.016,-6.35,0.));
#2730 = VECTOR('',#2731,1.);
#2731 = DIRECTION('',(0.,0.,1.));
#2732 = ORIENTED_EDGE('',*,*,#584,.F.);
#2733 = PLANE('',#2734);
#2734 = AXIS2_PLACEMENT_3D('',#2735,#2736,#2737);
#2735 = CARTESIAN_POINT('',(-1.27,-6.096,0.));
#2736 = DIRECTION('',(0.707106781187,0.707106781187,0.));
#2737 = DIRECTION('',(0.707106781187,-0.707106781187,0.));
#2738 = ADVANCED_FACE('',(#2739),#2750,.F.);
#2739 = FACE_BOUND('',#2740,.F.);
#2740 = EDGE_LOOP('',(#2741,#2747,#2748,#2749));
#2741 = ORIENTED_EDGE('',*,*,#2742,.T.);
#2742 = EDGE_CURVE('',#1033,#2018,#2743,.T.);
#2743 = LINE('',#2744,#2745);
#2744 = CARTESIAN_POINT('',(1.27,-6.096,0.));
#2745 = VECTOR('',#2746,1.);
#2746 = DIRECTION('',(0.,0.,1.));
#2747 = ORIENTED_EDGE('',*,*,#2025,.T.);
#2748 = ORIENTED_EDGE('',*,*,#2708,.F.);
#2749 = ORIENTED_EDGE('',*,*,#1040,.F.);
#2750 = PLANE('',#2751);
#2751 = AXIS2_PLACEMENT_3D('',#2752,#2753,#2754);
#2752 = CARTESIAN_POINT('',(1.27,-6.096,0.));
#2753 = DIRECTION('',(-1.,0.,0.));
#2754 = DIRECTION('',(0.,1.,0.));
#2755 = ADVANCED_FACE('',(#2756),#2767,.F.);
#2756 = FACE_BOUND('',#2757,.F.);
#2757 = EDGE_LOOP('',(#2758,#2759,#2760,#2766));
#2758 = ORIENTED_EDGE('',*,*,#2727,.T.);
#2759 = ORIENTED_EDGE('',*,*,#1577,.T.);
#2760 = ORIENTED_EDGE('',*,*,#2761,.F.);
#2761 = EDGE_CURVE('',#593,#1578,#2762,.T.);
#2762 = LINE('',#2763,#2764);
#2763 = CARTESIAN_POINT('',(-1.27,-6.604,0.));
#2764 = VECTOR('',#2765,1.);
#2765 = DIRECTION('',(0.,0.,1.));
#2766 = ORIENTED_EDGE('',*,*,#592,.F.);
#2767 = PLANE('',#2768);
#2768 = AXIS2_PLACEMENT_3D('',#2769,#2770,#2771);
#2769 = CARTESIAN_POINT('',(-1.016,-6.35,0.));
#2770 = DIRECTION('',(0.707106781187,-0.707106781187,0.));
#2771 = DIRECTION('',(-0.707106781187,-0.707106781187,0.));
#2772 = ADVANCED_FACE('',(#2773),#2784,.F.);
#2773 = FACE_BOUND('',#2774,.F.);
#2774 = EDGE_LOOP('',(#2775,#2781,#2782,#2783));
#2775 = ORIENTED_EDGE('',*,*,#2776,.T.);
#2776 = EDGE_CURVE('',#1025,#2010,#2777,.T.);
#2777 = LINE('',#2778,#2779);
#2778 = CARTESIAN_POINT('',(1.016,-6.35,0.));
#2779 = VECTOR('',#2780,1.);
#2780 = DIRECTION('',(0.,0.,1.));
#2781 = ORIENTED_EDGE('',*,*,#2017,.T.);
#2782 = ORIENTED_EDGE('',*,*,#2742,.F.);
#2783 = ORIENTED_EDGE('',*,*,#1032,.F.);
#2784 = PLANE('',#2785);
#2785 = AXIS2_PLACEMENT_3D('',#2786,#2787,#2788);
#2786 = CARTESIAN_POINT('',(1.016,-6.35,0.));
#2787 = DIRECTION('',(-0.707106781187,0.707106781187,0.));
#2788 = DIRECTION('',(0.707106781187,0.707106781187,0.));
#2789 = ADVANCED_FACE('',(#2790),#2801,.F.);
#2790 = FACE_BOUND('',#2791,.F.);
#2791 = EDGE_LOOP('',(#2792,#2793,#2794,#2800));
#2792 = ORIENTED_EDGE('',*,*,#2761,.T.);
#2793 = ORIENTED_EDGE('',*,*,#1585,.T.);
#2794 = ORIENTED_EDGE('',*,*,#2795,.F.);
#2795 = EDGE_CURVE('',#601,#1586,#2796,.T.);
#2796 = LINE('',#2797,#2798);
#2797 = CARTESIAN_POINT('',(-1.27,-8.636,0.));
#2798 = VECTOR('',#2799,1.);
#2799 = DIRECTION('',(0.,0.,1.));
#2800 = ORIENTED_EDGE('',*,*,#600,.F.);
#2801 = PLANE('',#2802);
#2802 = AXIS2_PLACEMENT_3D('',#2803,#2804,#2805);
#2803 = CARTESIAN_POINT('',(-1.27,-6.604,0.));
#2804 = DIRECTION('',(1.,0.,0.));
#2805 = DIRECTION('',(0.,-1.,0.));
#2806 = ADVANCED_FACE('',(#2807),#2818,.F.);
#2807 = FACE_BOUND('',#2808,.F.);
#2808 = EDGE_LOOP('',(#2809,#2815,#2816,#2817));
#2809 = ORIENTED_EDGE('',*,*,#2810,.T.);
#2810 = EDGE_CURVE('',#1017,#2002,#2811,.T.);
#2811 = LINE('',#2812,#2813);
#2812 = CARTESIAN_POINT('',(1.27,-6.604,0.));
#2813 = VECTOR('',#2814,1.);
#2814 = DIRECTION('',(0.,0.,1.));
#2815 = ORIENTED_EDGE('',*,*,#2009,.T.);
#2816 = ORIENTED_EDGE('',*,*,#2776,.F.);
#2817 = ORIENTED_EDGE('',*,*,#1024,.F.);
#2818 = PLANE('',#2819);
#2819 = AXIS2_PLACEMENT_3D('',#2820,#2821,#2822);
#2820 = CARTESIAN_POINT('',(1.27,-6.604,0.));
#2821 = DIRECTION('',(-0.707106781187,-0.707106781187,0.));
#2822 = DIRECTION('',(-0.707106781187,0.707106781187,0.));
#2823 = ADVANCED_FACE('',(#2824),#2835,.F.);
#2824 = FACE_BOUND('',#2825,.F.);
#2825 = EDGE_LOOP('',(#2826,#2827,#2828,#2834));
#2826 = ORIENTED_EDGE('',*,*,#2795,.T.);
#2827 = ORIENTED_EDGE('',*,*,#1593,.T.);
#2828 = ORIENTED_EDGE('',*,*,#2829,.F.);
#2829 = EDGE_CURVE('',#609,#1594,#2830,.T.);
#2830 = LINE('',#2831,#2832);
#2831 = CARTESIAN_POINT('',(-1.016,-8.89,0.));
#2832 = VECTOR('',#2833,1.);
#2833 = DIRECTION('',(0.,0.,1.));
#2834 = ORIENTED_EDGE('',*,*,#608,.F.);
#2835 = PLANE('',#2836);
#2836 = AXIS2_PLACEMENT_3D('',#2837,#2838,#2839);
#2837 = CARTESIAN_POINT('',(-1.27,-8.636,0.));
#2838 = DIRECTION('',(0.707106781187,0.707106781187,0.));
#2839 = DIRECTION('',(0.707106781187,-0.707106781187,0.));
#2840 = ADVANCED_FACE('',(#2841),#2852,.F.);
#2841 = FACE_BOUND('',#2842,.F.);
#2842 = EDGE_LOOP('',(#2843,#2849,#2850,#2851));
#2843 = ORIENTED_EDGE('',*,*,#2844,.T.);
#2844 = EDGE_CURVE('',#1009,#1994,#2845,.T.);
#2845 = LINE('',#2846,#2847);
#2846 = CARTESIAN_POINT('',(1.27,-8.636,0.));
#2847 = VECTOR('',#2848,1.);
#2848 = DIRECTION('',(0.,0.,1.));
#2849 = ORIENTED_EDGE('',*,*,#2001,.T.);
#2850 = ORIENTED_EDGE('',*,*,#2810,.F.);
#2851 = ORIENTED_EDGE('',*,*,#1016,.F.);
#2852 = PLANE('',#2853);
#2853 = AXIS2_PLACEMENT_3D('',#2854,#2855,#2856);
#2854 = CARTESIAN_POINT('',(1.27,-8.636,0.));
#2855 = DIRECTION('',(-1.,0.,0.));
#2856 = DIRECTION('',(0.,1.,0.));
#2857 = ADVANCED_FACE('',(#2858),#2869,.F.);
#2858 = FACE_BOUND('',#2859,.F.);
#2859 = EDGE_LOOP('',(#2860,#2861,#2862,#2868));
#2860 = ORIENTED_EDGE('',*,*,#2829,.T.);
#2861 = ORIENTED_EDGE('',*,*,#1601,.T.);
#2862 = ORIENTED_EDGE('',*,*,#2863,.F.);
#2863 = EDGE_CURVE('',#617,#1602,#2864,.T.);
#2864 = LINE('',#2865,#2866);
#2865 = CARTESIAN_POINT('',(-1.27,-9.144,0.));
#2866 = VECTOR('',#2867,1.);
#2867 = DIRECTION('',(0.,0.,1.));
#2868 = ORIENTED_EDGE('',*,*,#616,.F.);
#2869 = PLANE('',#2870);
#2870 = AXIS2_PLACEMENT_3D('',#2871,#2872,#2873);
#2871 = CARTESIAN_POINT('',(-1.016,-8.89,0.));
#2872 = DIRECTION('',(0.707106781187,-0.707106781187,0.));
#2873 = DIRECTION('',(-0.707106781187,-0.707106781187,0.));
#2874 = ADVANCED_FACE('',(#2875),#2886,.F.);
#2875 = FACE_BOUND('',#2876,.F.);
#2876 = EDGE_LOOP('',(#2877,#2883,#2884,#2885));
#2877 = ORIENTED_EDGE('',*,*,#2878,.T.);
#2878 = EDGE_CURVE('',#1001,#1986,#2879,.T.);
#2879 = LINE('',#2880,#2881);
#2880 = CARTESIAN_POINT('',(1.016,-8.89,0.));
#2881 = VECTOR('',#2882,1.);
#2882 = DIRECTION('',(0.,0.,1.));
#2883 = ORIENTED_EDGE('',*,*,#1993,.T.);
#2884 = ORIENTED_EDGE('',*,*,#2844,.F.);
#2885 = ORIENTED_EDGE('',*,*,#1008,.F.);
#2886 = PLANE('',#2887);
#2887 = AXIS2_PLACEMENT_3D('',#2888,#2889,#2890);
#2888 = CARTESIAN_POINT('',(1.016,-8.89,0.));
#2889 = DIRECTION('',(-0.707106781187,0.707106781187,0.));
#2890 = DIRECTION('',(0.707106781187,0.707106781187,0.));
#2891 = ADVANCED_FACE('',(#2892),#2903,.F.);
#2892 = FACE_BOUND('',#2893,.F.);
#2893 = EDGE_LOOP('',(#2894,#2895,#2896,#2902));
#2894 = ORIENTED_EDGE('',*,*,#2863,.T.);
#2895 = ORIENTED_EDGE('',*,*,#1609,.T.);
#2896 = ORIENTED_EDGE('',*,*,#2897,.F.);
#2897 = EDGE_CURVE('',#625,#1610,#2898,.T.);
#2898 = LINE('',#2899,#2900);
#2899 = CARTESIAN_POINT('',(-1.27,-11.176,0.));
#2900 = VECTOR('',#2901,1.);
#2901 = DIRECTION('',(0.,0.,1.));
#2902 = ORIENTED_EDGE('',*,*,#624,.F.);
#2903 = PLANE('',#2904);
#2904 = AXIS2_PLACEMENT_3D('',#2905,#2906,#2907);
#2905 = CARTESIAN_POINT('',(-1.27,-9.144,0.));
#2906 = DIRECTION('',(1.,0.,0.));
#2907 = DIRECTION('',(0.,-1.,0.));
#2908 = ADVANCED_FACE('',(#2909),#2920,.F.);
#2909 = FACE_BOUND('',#2910,.F.);
#2910 = EDGE_LOOP('',(#2911,#2917,#2918,#2919));
#2911 = ORIENTED_EDGE('',*,*,#2912,.T.);
#2912 = EDGE_CURVE('',#993,#1978,#2913,.T.);
#2913 = LINE('',#2914,#2915);
#2914 = CARTESIAN_POINT('',(1.27,-9.144,0.));
#2915 = VECTOR('',#2916,1.);
#2916 = DIRECTION('',(0.,0.,1.));
#2917 = ORIENTED_EDGE('',*,*,#1985,.T.);
#2918 = ORIENTED_EDGE('',*,*,#2878,.F.);
#2919 = ORIENTED_EDGE('',*,*,#1000,.F.);
#2920 = PLANE('',#2921);
#2921 = AXIS2_PLACEMENT_3D('',#2922,#2923,#2924);
#2922 = CARTESIAN_POINT('',(1.27,-9.144,0.));
#2923 = DIRECTION('',(-0.707106781187,-0.707106781187,0.));
#2924 = DIRECTION('',(-0.707106781187,0.707106781187,0.));
#2925 = ADVANCED_FACE('',(#2926),#2937,.F.);
#2926 = FACE_BOUND('',#2927,.F.);
#2927 = EDGE_LOOP('',(#2928,#2929,#2930,#2936));
#2928 = ORIENTED_EDGE('',*,*,#2897,.T.);
#2929 = ORIENTED_EDGE('',*,*,#1617,.T.);
#2930 = ORIENTED_EDGE('',*,*,#2931,.F.);
#2931 = EDGE_CURVE('',#633,#1618,#2932,.T.);
#2932 = LINE('',#2933,#2934);
#2933 = CARTESIAN_POINT('',(-1.016,-11.43,0.));
#2934 = VECTOR('',#2935,1.);
#2935 = DIRECTION('',(0.,0.,1.));
#2936 = ORIENTED_EDGE('',*,*,#632,.F.);
#2937 = PLANE('',#2938);
#2938 = AXIS2_PLACEMENT_3D('',#2939,#2940,#2941);
#2939 = CARTESIAN_POINT('',(-1.27,-11.176,0.));
#2940 = DIRECTION('',(0.707106781187,0.707106781187,0.));
#2941 = DIRECTION('',(0.707106781187,-0.707106781187,0.));
#2942 = ADVANCED_FACE('',(#2943),#2954,.F.);
#2943 = FACE_BOUND('',#2944,.F.);
#2944 = EDGE_LOOP('',(#2945,#2951,#2952,#2953));
#2945 = ORIENTED_EDGE('',*,*,#2946,.T.);
#2946 = EDGE_CURVE('',#985,#1970,#2947,.T.);
#2947 = LINE('',#2948,#2949);
#2948 = CARTESIAN_POINT('',(1.27,-11.176,0.));
#2949 = VECTOR('',#2950,1.);
#2950 = DIRECTION('',(0.,0.,1.));
#2951 = ORIENTED_EDGE('',*,*,#1977,.T.);
#2952 = ORIENTED_EDGE('',*,*,#2912,.F.);
#2953 = ORIENTED_EDGE('',*,*,#992,.F.);
#2954 = PLANE('',#2955);
#2955 = AXIS2_PLACEMENT_3D('',#2956,#2957,#2958);
#2956 = CARTESIAN_POINT('',(1.27,-11.176,0.));
#2957 = DIRECTION('',(-1.,0.,0.));
#2958 = DIRECTION('',(0.,1.,0.));
#2959 = ADVANCED_FACE('',(#2960),#2971,.F.);
#2960 = FACE_BOUND('',#2961,.F.);
#2961 = EDGE_LOOP('',(#2962,#2963,#2964,#2970));
#2962 = ORIENTED_EDGE('',*,*,#2931,.T.);
#2963 = ORIENTED_EDGE('',*,*,#1625,.T.);
#2964 = ORIENTED_EDGE('',*,*,#2965,.F.);
#2965 = EDGE_CURVE('',#641,#1626,#2966,.T.);
#2966 = LINE('',#2967,#2968);
#2967 = CARTESIAN_POINT('',(-1.27,-11.684,0.));
#2968 = VECTOR('',#2969,1.);
#2969 = DIRECTION('',(0.,0.,1.));
#2970 = ORIENTED_EDGE('',*,*,#640,.F.);
#2971 = PLANE('',#2972);
#2972 = AXIS2_PLACEMENT_3D('',#2973,#2974,#2975);
#2973 = CARTESIAN_POINT('',(-1.016,-11.43,0.));
#2974 = DIRECTION('',(0.707106781187,-0.707106781187,0.));
#2975 = DIRECTION('',(-0.707106781187,-0.707106781187,0.));
#2976 = ADVANCED_FACE('',(#2977),#2988,.F.);
#2977 = FACE_BOUND('',#2978,.F.);
#2978 = EDGE_LOOP('',(#2979,#2985,#2986,#2987));
#2979 = ORIENTED_EDGE('',*,*,#2980,.T.);
#2980 = EDGE_CURVE('',#977,#1962,#2981,.T.);
#2981 = LINE('',#2982,#2983);
#2982 = CARTESIAN_POINT('',(1.016,-11.43,0.));
#2983 = VECTOR('',#2984,1.);
#2984 = DIRECTION('',(0.,0.,1.));
#2985 = ORIENTED_EDGE('',*,*,#1969,.T.);
#2986 = ORIENTED_EDGE('',*,*,#2946,.F.);
#2987 = ORIENTED_EDGE('',*,*,#984,.F.);
#2988 = PLANE('',#2989);
#2989 = AXIS2_PLACEMENT_3D('',#2990,#2991,#2992);
#2990 = CARTESIAN_POINT('',(1.016,-11.43,0.));
#2991 = DIRECTION('',(-0.707106781187,0.707106781187,0.));
#2992 = DIRECTION('',(0.707106781187,0.707106781187,0.));
#2993 = ADVANCED_FACE('',(#2994),#3005,.F.);
#2994 = FACE_BOUND('',#2995,.F.);
#2995 = EDGE_LOOP('',(#2996,#2997,#2998,#3004));
#2996 = ORIENTED_EDGE('',*,*,#2965,.T.);
#2997 = ORIENTED_EDGE('',*,*,#1633,.T.);
#2998 = ORIENTED_EDGE('',*,*,#2999,.F.);
#2999 = EDGE_CURVE('',#649,#1634,#3000,.T.);
#3000 = LINE('',#3001,#3002);
#3001 = CARTESIAN_POINT('',(-1.27,-13.716,0.));
#3002 = VECTOR('',#3003,1.);
#3003 = DIRECTION('',(0.,0.,1.));
#3004 = ORIENTED_EDGE('',*,*,#648,.F.);
#3005 = PLANE('',#3006);
#3006 = AXIS2_PLACEMENT_3D('',#3007,#3008,#3009);
#3007 = CARTESIAN_POINT('',(-1.27,-11.684,0.));
#3008 = DIRECTION('',(1.,0.,0.));
#3009 = DIRECTION('',(0.,-1.,0.));
#3010 = ADVANCED_FACE('',(#3011),#3022,.F.);
#3011 = FACE_BOUND('',#3012,.F.);
#3012 = EDGE_LOOP('',(#3013,#3019,#3020,#3021));
#3013 = ORIENTED_EDGE('',*,*,#3014,.T.);
#3014 = EDGE_CURVE('',#969,#1954,#3015,.T.);
#3015 = LINE('',#3016,#3017);
#3016 = CARTESIAN_POINT('',(1.27,-11.684,0.));
#3017 = VECTOR('',#3018,1.);
#3018 = DIRECTION('',(0.,0.,1.));
#3019 = ORIENTED_EDGE('',*,*,#1961,.T.);
#3020 = ORIENTED_EDGE('',*,*,#2980,.F.);
#3021 = ORIENTED_EDGE('',*,*,#976,.F.);
#3022 = PLANE('',#3023);
#3023 = AXIS2_PLACEMENT_3D('',#3024,#3025,#3026);
#3024 = CARTESIAN_POINT('',(1.27,-11.684,0.));
#3025 = DIRECTION('',(-0.707106781187,-0.707106781187,0.));
#3026 = DIRECTION('',(-0.707106781187,0.707106781187,0.));
#3027 = ADVANCED_FACE('',(#3028),#3039,.F.);
#3028 = FACE_BOUND('',#3029,.F.);
#3029 = EDGE_LOOP('',(#3030,#3031,#3032,#3038));
#3030 = ORIENTED_EDGE('',*,*,#2999,.T.);
#3031 = ORIENTED_EDGE('',*,*,#1641,.T.);
#3032 = ORIENTED_EDGE('',*,*,#3033,.F.);
#3033 = EDGE_CURVE('',#657,#1642,#3034,.T.);
#3034 = LINE('',#3035,#3036);
#3035 = CARTESIAN_POINT('',(-1.016,-13.97,0.));
#3036 = VECTOR('',#3037,1.);
#3037 = DIRECTION('',(0.,0.,1.));
#3038 = ORIENTED_EDGE('',*,*,#656,.F.);
#3039 = PLANE('',#3040);
#3040 = AXIS2_PLACEMENT_3D('',#3041,#3042,#3043);
#3041 = CARTESIAN_POINT('',(-1.27,-13.716,0.));
#3042 = DIRECTION('',(0.707106781187,0.707106781187,0.));
#3043 = DIRECTION('',(0.707106781187,-0.707106781187,0.));
#3044 = ADVANCED_FACE('',(#3045),#3056,.F.);
#3045 = FACE_BOUND('',#3046,.F.);
#3046 = EDGE_LOOP('',(#3047,#3053,#3054,#3055));
#3047 = ORIENTED_EDGE('',*,*,#3048,.T.);
#3048 = EDGE_CURVE('',#961,#1946,#3049,.T.);
#3049 = LINE('',#3050,#3051);
#3050 = CARTESIAN_POINT('',(1.27,-13.716,0.));
#3051 = VECTOR('',#3052,1.);
#3052 = DIRECTION('',(0.,0.,1.));
#3053 = ORIENTED_EDGE('',*,*,#1953,.T.);
#3054 = ORIENTED_EDGE('',*,*,#3014,.F.);
#3055 = ORIENTED_EDGE('',*,*,#968,.F.);
#3056 = PLANE('',#3057);
#3057 = AXIS2_PLACEMENT_3D('',#3058,#3059,#3060);
#3058 = CARTESIAN_POINT('',(1.27,-13.716,0.));
#3059 = DIRECTION('',(-1.,0.,0.));
#3060 = DIRECTION('',(0.,1.,0.));
#3061 = ADVANCED_FACE('',(#3062),#3073,.F.);
#3062 = FACE_BOUND('',#3063,.F.);
#3063 = EDGE_LOOP('',(#3064,#3065,#3066,#3072));
#3064 = ORIENTED_EDGE('',*,*,#3033,.T.);
#3065 = ORIENTED_EDGE('',*,*,#1649,.T.);
#3066 = ORIENTED_EDGE('',*,*,#3067,.F.);
#3067 = EDGE_CURVE('',#665,#1650,#3068,.T.);
#3068 = LINE('',#3069,#3070);
#3069 = CARTESIAN_POINT('',(-1.27,-14.224,0.));
#3070 = VECTOR('',#3071,1.);
#3071 = DIRECTION('',(0.,0.,1.));
#3072 = ORIENTED_EDGE('',*,*,#664,.F.);
#3073 = PLANE('',#3074);
#3074 = AXIS2_PLACEMENT_3D('',#3075,#3076,#3077);
#3075 = CARTESIAN_POINT('',(-1.016,-13.97,0.));
#3076 = DIRECTION('',(0.707106781187,-0.707106781187,0.));
#3077 = DIRECTION('',(-0.707106781187,-0.707106781187,0.));
#3078 = ADVANCED_FACE('',(#3079),#3090,.F.);
#3079 = FACE_BOUND('',#3080,.F.);
#3080 = EDGE_LOOP('',(#3081,#3087,#3088,#3089));
#3081 = ORIENTED_EDGE('',*,*,#3082,.T.);
#3082 = EDGE_CURVE('',#953,#1938,#3083,.T.);
#3083 = LINE('',#3084,#3085);
#3084 = CARTESIAN_POINT('',(1.016,-13.97,0.));
#3085 = VECTOR('',#3086,1.);
#3086 = DIRECTION('',(0.,0.,1.));
#3087 = ORIENTED_EDGE('',*,*,#1945,.T.);
#3088 = ORIENTED_EDGE('',*,*,#3048,.F.);
#3089 = ORIENTED_EDGE('',*,*,#960,.F.);
#3090 = PLANE('',#3091);
#3091 = AXIS2_PLACEMENT_3D('',#3092,#3093,#3094);
#3092 = CARTESIAN_POINT('',(1.016,-13.97,0.));
#3093 = DIRECTION('',(-0.707106781187,0.707106781187,0.));
#3094 = DIRECTION('',(0.707106781187,0.707106781187,0.));
#3095 = ADVANCED_FACE('',(#3096),#3107,.F.);
#3096 = FACE_BOUND('',#3097,.F.);
#3097 = EDGE_LOOP('',(#3098,#3099,#3100,#3106));
#3098 = ORIENTED_EDGE('',*,*,#3067,.T.);
#3099 = ORIENTED_EDGE('',*,*,#1657,.T.);
#3100 = ORIENTED_EDGE('',*,*,#3101,.F.);
#3101 = EDGE_CURVE('',#673,#1658,#3102,.T.);
#3102 = LINE('',#3103,#3104);
#3103 = CARTESIAN_POINT('',(-1.27,-16.256,0.));
#3104 = VECTOR('',#3105,1.);
#3105 = DIRECTION('',(0.,0.,1.));
#3106 = ORIENTED_EDGE('',*,*,#672,.F.);
#3107 = PLANE('',#3108);
#3108 = AXIS2_PLACEMENT_3D('',#3109,#3110,#3111);
#3109 = CARTESIAN_POINT('',(-1.27,-14.224,0.));
#3110 = DIRECTION('',(1.,0.,0.));
#3111 = DIRECTION('',(0.,-1.,0.));
#3112 = ADVANCED_FACE('',(#3113),#3124,.F.);
#3113 = FACE_BOUND('',#3114,.F.);
#3114 = EDGE_LOOP('',(#3115,#3121,#3122,#3123));
#3115 = ORIENTED_EDGE('',*,*,#3116,.T.);
#3116 = EDGE_CURVE('',#945,#1930,#3117,.T.);
#3117 = LINE('',#3118,#3119);
#3118 = CARTESIAN_POINT('',(1.27,-14.224,0.));
#3119 = VECTOR('',#3120,1.);
#3120 = DIRECTION('',(0.,0.,1.));
#3121 = ORIENTED_EDGE('',*,*,#1937,.T.);
#3122 = ORIENTED_EDGE('',*,*,#3082,.F.);
#3123 = ORIENTED_EDGE('',*,*,#952,.F.);
#3124 = PLANE('',#3125);
#3125 = AXIS2_PLACEMENT_3D('',#3126,#3127,#3128);
#3126 = CARTESIAN_POINT('',(1.27,-14.224,0.));
#3127 = DIRECTION('',(-0.707106781187,-0.707106781187,0.));
#3128 = DIRECTION('',(-0.707106781187,0.707106781187,0.));
#3129 = ADVANCED_FACE('',(#3130),#3141,.F.);
#3130 = FACE_BOUND('',#3131,.F.);
#3131 = EDGE_LOOP('',(#3132,#3133,#3134,#3140));
#3132 = ORIENTED_EDGE('',*,*,#3101,.T.);
#3133 = ORIENTED_EDGE('',*,*,#1665,.T.);
#3134 = ORIENTED_EDGE('',*,*,#3135,.F.);
#3135 = EDGE_CURVE('',#681,#1666,#3136,.T.);
#3136 = LINE('',#3137,#3138);
#3137 = CARTESIAN_POINT('',(-1.016,-16.51,0.));
#3138 = VECTOR('',#3139,1.);
#3139 = DIRECTION('',(0.,0.,1.));
#3140 = ORIENTED_EDGE('',*,*,#680,.F.);
#3141 = PLANE('',#3142);
#3142 = AXIS2_PLACEMENT_3D('',#3143,#3144,#3145);
#3143 = CARTESIAN_POINT('',(-1.27,-16.256,0.));
#3144 = DIRECTION('',(0.707106781187,0.707106781187,0.));
#3145 = DIRECTION('',(0.707106781187,-0.707106781187,0.));
#3146 = ADVANCED_FACE('',(#3147),#3158,.F.);
#3147 = FACE_BOUND('',#3148,.F.);
#3148 = EDGE_LOOP('',(#3149,#3155,#3156,#3157));
#3149 = ORIENTED_EDGE('',*,*,#3150,.T.);
#3150 = EDGE_CURVE('',#937,#1922,#3151,.T.);
#3151 = LINE('',#3152,#3153);
#3152 = CARTESIAN_POINT('',(1.27,-16.256,0.));
#3153 = VECTOR('',#3154,1.);
#3154 = DIRECTION('',(0.,0.,1.));
#3155 = ORIENTED_EDGE('',*,*,#1929,.T.);
#3156 = ORIENTED_EDGE('',*,*,#3116,.F.);
#3157 = ORIENTED_EDGE('',*,*,#944,.F.);
#3158 = PLANE('',#3159);
#3159 = AXIS2_PLACEMENT_3D('',#3160,#3161,#3162);
#3160 = CARTESIAN_POINT('',(1.27,-16.256,0.));
#3161 = DIRECTION('',(-1.,0.,0.));
#3162 = DIRECTION('',(0.,1.,0.));
#3163 = ADVANCED_FACE('',(#3164),#3175,.F.);
#3164 = FACE_BOUND('',#3165,.F.);
#3165 = EDGE_LOOP('',(#3166,#3167,#3168,#3174));
#3166 = ORIENTED_EDGE('',*,*,#3135,.T.);
#3167 = ORIENTED_EDGE('',*,*,#1673,.T.);
#3168 = ORIENTED_EDGE('',*,*,#3169,.F.);
#3169 = EDGE_CURVE('',#689,#1674,#3170,.T.);
#3170 = LINE('',#3171,#3172);
#3171 = CARTESIAN_POINT('',(-1.27,-16.764,0.));
#3172 = VECTOR('',#3173,1.);
#3173 = DIRECTION('',(0.,0.,1.));
#3174 = ORIENTED_EDGE('',*,*,#688,.F.);
#3175 = PLANE('',#3176);
#3176 = AXIS2_PLACEMENT_3D('',#3177,#3178,#3179);
#3177 = CARTESIAN_POINT('',(-1.016,-16.51,0.));
#3178 = DIRECTION('',(0.707106781187,-0.707106781187,0.));
#3179 = DIRECTION('',(-0.707106781187,-0.707106781187,0.));
#3180 = ADVANCED_FACE('',(#3181),#3192,.F.);
#3181 = FACE_BOUND('',#3182,.F.);
#3182 = EDGE_LOOP('',(#3183,#3189,#3190,#3191));
#3183 = ORIENTED_EDGE('',*,*,#3184,.T.);
#3184 = EDGE_CURVE('',#929,#1914,#3185,.T.);
#3185 = LINE('',#3186,#3187);
#3186 = CARTESIAN_POINT('',(1.016,-16.51,0.));
#3187 = VECTOR('',#3188,1.);
#3188 = DIRECTION('',(0.,0.,1.));
#3189 = ORIENTED_EDGE('',*,*,#1921,.T.);
#3190 = ORIENTED_EDGE('',*,*,#3150,.F.);
#3191 = ORIENTED_EDGE('',*,*,#936,.F.);
#3192 = PLANE('',#3193);
#3193 = AXIS2_PLACEMENT_3D('',#3194,#3195,#3196);
#3194 = CARTESIAN_POINT('',(1.016,-16.51,0.));
#3195 = DIRECTION('',(-0.707106781187,0.707106781187,0.));
#3196 = DIRECTION('',(0.707106781187,0.707106781187,0.));
#3197 = ADVANCED_FACE('',(#3198),#3209,.F.);
#3198 = FACE_BOUND('',#3199,.F.);
#3199 = EDGE_LOOP('',(#3200,#3201,#3202,#3208));
#3200 = ORIENTED_EDGE('',*,*,#3169,.T.);
#3201 = ORIENTED_EDGE('',*,*,#1681,.T.);
#3202 = ORIENTED_EDGE('',*,*,#3203,.F.);
#3203 = EDGE_CURVE('',#697,#1682,#3204,.T.);
#3204 = LINE('',#3205,#3206);
#3205 = CARTESIAN_POINT('',(-1.27,-18.796,0.));
#3206 = VECTOR('',#3207,1.);
#3207 = DIRECTION('',(0.,0.,1.));
#3208 = ORIENTED_EDGE('',*,*,#696,.F.);
#3209 = PLANE('',#3210);
#3210 = AXIS2_PLACEMENT_3D('',#3211,#3212,#3213);
#3211 = CARTESIAN_POINT('',(-1.27,-16.764,0.));
#3212 = DIRECTION('',(1.,0.,0.));
#3213 = DIRECTION('',(0.,-1.,0.));
#3214 = ADVANCED_FACE('',(#3215),#3226,.F.);
#3215 = FACE_BOUND('',#3216,.F.);
#3216 = EDGE_LOOP('',(#3217,#3223,#3224,#3225));
#3217 = ORIENTED_EDGE('',*,*,#3218,.T.);
#3218 = EDGE_CURVE('',#921,#1906,#3219,.T.);
#3219 = LINE('',#3220,#3221);
#3220 = CARTESIAN_POINT('',(1.27,-16.764,0.));
#3221 = VECTOR('',#3222,1.);
#3222 = DIRECTION('',(0.,0.,1.));
#3223 = ORIENTED_EDGE('',*,*,#1913,.T.);
#3224 = ORIENTED_EDGE('',*,*,#3184,.F.);
#3225 = ORIENTED_EDGE('',*,*,#928,.F.);
#3226 = PLANE('',#3227);
#3227 = AXIS2_PLACEMENT_3D('',#3228,#3229,#3230);
#3228 = CARTESIAN_POINT('',(1.27,-16.764,0.));
#3229 = DIRECTION('',(-0.707106781187,-0.707106781187,0.));
#3230 = DIRECTION('',(-0.707106781187,0.707106781187,0.));
#3231 = ADVANCED_FACE('',(#3232),#3243,.F.);
#3232 = FACE_BOUND('',#3233,.F.);
#3233 = EDGE_LOOP('',(#3234,#3235,#3236,#3242));
#3234 = ORIENTED_EDGE('',*,*,#3203,.T.);
#3235 = ORIENTED_EDGE('',*,*,#1689,.T.);
#3236 = ORIENTED_EDGE('',*,*,#3237,.F.);
#3237 = EDGE_CURVE('',#705,#1690,#3238,.T.);
#3238 = LINE('',#3239,#3240);
#3239 = CARTESIAN_POINT('',(-1.016,-19.05,0.));
#3240 = VECTOR('',#3241,1.);
#3241 = DIRECTION('',(0.,0.,1.));
#3242 = ORIENTED_EDGE('',*,*,#704,.F.);
#3243 = PLANE('',#3244);
#3244 = AXIS2_PLACEMENT_3D('',#3245,#3246,#3247);
#3245 = CARTESIAN_POINT('',(-1.27,-18.796,0.));
#3246 = DIRECTION('',(0.707106781187,0.707106781187,0.));
#3247 = DIRECTION('',(0.707106781187,-0.707106781187,0.));
#3248 = ADVANCED_FACE('',(#3249),#3260,.F.);
#3249 = FACE_BOUND('',#3250,.F.);
#3250 = EDGE_LOOP('',(#3251,#3257,#3258,#3259));
#3251 = ORIENTED_EDGE('',*,*,#3252,.T.);
#3252 = EDGE_CURVE('',#913,#1898,#3253,.T.);
#3253 = LINE('',#3254,#3255);
#3254 = CARTESIAN_POINT('',(1.27,-18.796,0.));
#3255 = VECTOR('',#3256,1.);
#3256 = DIRECTION('',(0.,0.,1.));
#3257 = ORIENTED_EDGE('',*,*,#1905,.T.);
#3258 = ORIENTED_EDGE('',*,*,#3218,.F.);
#3259 = ORIENTED_EDGE('',*,*,#920,.F.);
#3260 = PLANE('',#3261);
#3261 = AXIS2_PLACEMENT_3D('',#3262,#3263,#3264);
#3262 = CARTESIAN_POINT('',(1.27,-18.796,0.));
#3263 = DIRECTION('',(-1.,0.,0.));
#3264 = DIRECTION('',(0.,1.,0.));
#3265 = ADVANCED_FACE('',(#3266),#3277,.F.);
#3266 = FACE_BOUND('',#3267,.F.);
#3267 = EDGE_LOOP('',(#3268,#3269,#3270,#3276));
#3268 = ORIENTED_EDGE('',*,*,#3237,.T.);
#3269 = ORIENTED_EDGE('',*,*,#1697,.T.);
#3270 = ORIENTED_EDGE('',*,*,#3271,.F.);
#3271 = EDGE_CURVE('',#713,#1698,#3272,.T.);
#3272 = LINE('',#3273,#3274);
#3273 = CARTESIAN_POINT('',(-1.27,-19.304,0.));
#3274 = VECTOR('',#3275,1.);
#3275 = DIRECTION('',(0.,0.,1.));
#3276 = ORIENTED_EDGE('',*,*,#712,.F.);
#3277 = PLANE('',#3278);
#3278 = AXIS2_PLACEMENT_3D('',#3279,#3280,#3281);
#3279 = CARTESIAN_POINT('',(-1.016,-19.05,0.));
#3280 = DIRECTION('',(0.707106781187,-0.707106781187,0.));
#3281 = DIRECTION('',(-0.707106781187,-0.707106781187,0.));
#3282 = ADVANCED_FACE('',(#3283),#3294,.F.);
#3283 = FACE_BOUND('',#3284,.F.);
#3284 = EDGE_LOOP('',(#3285,#3291,#3292,#3293));
#3285 = ORIENTED_EDGE('',*,*,#3286,.T.);
#3286 = EDGE_CURVE('',#905,#1890,#3287,.T.);
#3287 = LINE('',#3288,#3289);
#3288 = CARTESIAN_POINT('',(1.016,-19.05,0.));
#3289 = VECTOR('',#3290,1.);
#3290 = DIRECTION('',(0.,0.,1.));
#3291 = ORIENTED_EDGE('',*,*,#1897,.T.);
#3292 = ORIENTED_EDGE('',*,*,#3252,.F.);
#3293 = ORIENTED_EDGE('',*,*,#912,.F.);
#3294 = PLANE('',#3295);
#3295 = AXIS2_PLACEMENT_3D('',#3296,#3297,#3298);
#3296 = CARTESIAN_POINT('',(1.016,-19.05,0.));
#3297 = DIRECTION('',(-0.707106781187,0.707106781187,0.));
#3298 = DIRECTION('',(0.707106781187,0.707106781187,0.));
#3299 = ADVANCED_FACE('',(#3300),#3311,.F.);
#3300 = FACE_BOUND('',#3301,.F.);
#3301 = EDGE_LOOP('',(#3302,#3303,#3304,#3310));
#3302 = ORIENTED_EDGE('',*,*,#3271,.T.);
#3303 = ORIENTED_EDGE('',*,*,#1705,.T.);
#3304 = ORIENTED_EDGE('',*,*,#3305,.F.);
#3305 = EDGE_CURVE('',#721,#1706,#3306,.T.);
#3306 = LINE('',#3307,#3308);
#3307 = CARTESIAN_POINT('',(-1.27,-21.336,0.));
#3308 = VECTOR('',#3309,1.);
#3309 = DIRECTION('',(0.,0.,1.));
#3310 = ORIENTED_EDGE('',*,*,#720,.F.);
#3311 = PLANE('',#3312);
#3312 = AXIS2_PLACEMENT_3D('',#3313,#3314,#3315);
#3313 = CARTESIAN_POINT('',(-1.27,-19.304,0.));
#3314 = DIRECTION('',(1.,0.,0.));
#3315 = DIRECTION('',(0.,-1.,0.));
#3316 = ADVANCED_FACE('',(#3317),#3328,.F.);
#3317 = FACE_BOUND('',#3318,.F.);
#3318 = EDGE_LOOP('',(#3319,#3325,#3326,#3327));
#3319 = ORIENTED_EDGE('',*,*,#3320,.T.);
#3320 = EDGE_CURVE('',#897,#1882,#3321,.T.);
#3321 = LINE('',#3322,#3323);
#3322 = CARTESIAN_POINT('',(1.27,-19.304,0.));
#3323 = VECTOR('',#3324,1.);
#3324 = DIRECTION('',(0.,0.,1.));
#3325 = ORIENTED_EDGE('',*,*,#1889,.T.);
#3326 = ORIENTED_EDGE('',*,*,#3286,.F.);
#3327 = ORIENTED_EDGE('',*,*,#904,.F.);
#3328 = PLANE('',#3329);
#3329 = AXIS2_PLACEMENT_3D('',#3330,#3331,#3332);
#3330 = CARTESIAN_POINT('',(1.27,-19.304,0.));
#3331 = DIRECTION('',(-0.707106781187,-0.707106781187,0.));
#3332 = DIRECTION('',(-0.707106781187,0.707106781187,0.));
#3333 = ADVANCED_FACE('',(#3334),#3345,.F.);
#3334 = FACE_BOUND('',#3335,.F.);
#3335 = EDGE_LOOP('',(#3336,#3337,#3338,#3344));
#3336 = ORIENTED_EDGE('',*,*,#3305,.T.);
#3337 = ORIENTED_EDGE('',*,*,#1713,.T.);
#3338 = ORIENTED_EDGE('',*,*,#3339,.F.);
#3339 = EDGE_CURVE('',#729,#1714,#3340,.T.);
#3340 = LINE('',#3341,#3342);
#3341 = CARTESIAN_POINT('',(-1.016,-21.59,0.));
#3342 = VECTOR('',#3343,1.);
#3343 = DIRECTION('',(0.,0.,1.));
#3344 = ORIENTED_EDGE('',*,*,#728,.F.);
#3345 = PLANE('',#3346);
#3346 = AXIS2_PLACEMENT_3D('',#3347,#3348,#3349);
#3347 = CARTESIAN_POINT('',(-1.27,-21.336,0.));
#3348 = DIRECTION('',(0.707106781187,0.707106781187,0.));
#3349 = DIRECTION('',(0.707106781187,-0.707106781187,0.));
#3350 = ADVANCED_FACE('',(#3351),#3362,.F.);
#3351 = FACE_BOUND('',#3352,.F.);
#3352 = EDGE_LOOP('',(#3353,#3359,#3360,#3361));
#3353 = ORIENTED_EDGE('',*,*,#3354,.T.);
#3354 = EDGE_CURVE('',#889,#1874,#3355,.T.);
#3355 = LINE('',#3356,#3357);
#3356 = CARTESIAN_POINT('',(1.27,-21.336,0.));
#3357 = VECTOR('',#3358,1.);
#3358 = DIRECTION('',(0.,0.,1.));
#3359 = ORIENTED_EDGE('',*,*,#1881,.T.);
#3360 = ORIENTED_EDGE('',*,*,#3320,.F.);
#3361 = ORIENTED_EDGE('',*,*,#896,.F.);
#3362 = PLANE('',#3363);
#3363 = AXIS2_PLACEMENT_3D('',#3364,#3365,#3366);
#3364 = CARTESIAN_POINT('',(1.27,-21.336,0.));
#3365 = DIRECTION('',(-1.,0.,0.));
#3366 = DIRECTION('',(0.,1.,0.));
#3367 = ADVANCED_FACE('',(#3368),#3379,.F.);
#3368 = FACE_BOUND('',#3369,.F.);
#3369 = EDGE_LOOP('',(#3370,#3371,#3372,#3378));
#3370 = ORIENTED_EDGE('',*,*,#3339,.T.);
#3371 = ORIENTED_EDGE('',*,*,#1721,.T.);
#3372 = ORIENTED_EDGE('',*,*,#3373,.F.);
#3373 = EDGE_CURVE('',#737,#1722,#3374,.T.);
#3374 = LINE('',#3375,#3376);
#3375 = CARTESIAN_POINT('',(-1.27,-21.844,0.));
#3376 = VECTOR('',#3377,1.);
#3377 = DIRECTION('',(0.,0.,1.));
#3378 = ORIENTED_EDGE('',*,*,#736,.F.);
#3379 = PLANE('',#3380);
#3380 = AXIS2_PLACEMENT_3D('',#3381,#3382,#3383);
#3381 = CARTESIAN_POINT('',(-1.016,-21.59,0.));
#3382 = DIRECTION('',(0.707106781187,-0.707106781187,0.));
#3383 = DIRECTION('',(-0.707106781187,-0.707106781187,0.));
#3384 = ADVANCED_FACE('',(#3385),#3396,.F.);
#3385 = FACE_BOUND('',#3386,.F.);
#3386 = EDGE_LOOP('',(#3387,#3393,#3394,#3395));
#3387 = ORIENTED_EDGE('',*,*,#3388,.T.);
#3388 = EDGE_CURVE('',#881,#1866,#3389,.T.);
#3389 = LINE('',#3390,#3391);
#3390 = CARTESIAN_POINT('',(1.016,-21.59,0.));
#3391 = VECTOR('',#3392,1.);
#3392 = DIRECTION('',(0.,0.,1.));
#3393 = ORIENTED_EDGE('',*,*,#1873,.T.);
#3394 = ORIENTED_EDGE('',*,*,#3354,.F.);
#3395 = ORIENTED_EDGE('',*,*,#888,.F.);
#3396 = PLANE('',#3397);
#3397 = AXIS2_PLACEMENT_3D('',#3398,#3399,#3400);
#3398 = CARTESIAN_POINT('',(1.016,-21.59,0.));
#3399 = DIRECTION('',(-0.707106781187,0.707106781187,0.));
#3400 = DIRECTION('',(0.707106781187,0.707106781187,0.));
#3401 = ADVANCED_FACE('',(#3402),#3413,.F.);
#3402 = FACE_BOUND('',#3403,.F.);
#3403 = EDGE_LOOP('',(#3404,#3405,#3406,#3412));
#3404 = ORIENTED_EDGE('',*,*,#3373,.T.);
#3405 = ORIENTED_EDGE('',*,*,#1729,.T.);
#3406 = ORIENTED_EDGE('',*,*,#3407,.F.);
#3407 = EDGE_CURVE('',#745,#1730,#3408,.T.);
#3408 = LINE('',#3409,#3410);
#3409 = CARTESIAN_POINT('',(-1.27,-23.876,0.));
#3410 = VECTOR('',#3411,1.);
#3411 = DIRECTION('',(0.,0.,1.));
#3412 = ORIENTED_EDGE('',*,*,#744,.F.);
#3413 = PLANE('',#3414);
#3414 = AXIS2_PLACEMENT_3D('',#3415,#3416,#3417);
#3415 = CARTESIAN_POINT('',(-1.27,-21.844,0.));
#3416 = DIRECTION('',(1.,0.,0.));
#3417 = DIRECTION('',(0.,-1.,0.));
#3418 = ADVANCED_FACE('',(#3419),#3430,.F.);
#3419 = FACE_BOUND('',#3420,.F.);
#3420 = EDGE_LOOP('',(#3421,#3427,#3428,#3429));
#3421 = ORIENTED_EDGE('',*,*,#3422,.T.);
#3422 = EDGE_CURVE('',#873,#1858,#3423,.T.);
#3423 = LINE('',#3424,#3425);
#3424 = CARTESIAN_POINT('',(1.27,-21.844,0.));
#3425 = VECTOR('',#3426,1.);
#3426 = DIRECTION('',(0.,0.,1.));
#3427 = ORIENTED_EDGE('',*,*,#1865,.T.);
#3428 = ORIENTED_EDGE('',*,*,#3388,.F.);
#3429 = ORIENTED_EDGE('',*,*,#880,.F.);
#3430 = PLANE('',#3431);
#3431 = AXIS2_PLACEMENT_3D('',#3432,#3433,#3434);
#3432 = CARTESIAN_POINT('',(1.27,-21.844,0.));
#3433 = DIRECTION('',(-0.707106781187,-0.707106781187,0.));
#3434 = DIRECTION('',(-0.707106781187,0.707106781187,0.));
#3435 = ADVANCED_FACE('',(#3436),#3447,.F.);
#3436 = FACE_BOUND('',#3437,.F.);
#3437 = EDGE_LOOP('',(#3438,#3439,#3440,#3446));
#3438 = ORIENTED_EDGE('',*,*,#3407,.T.);
#3439 = ORIENTED_EDGE('',*,*,#1737,.T.);
#3440 = ORIENTED_EDGE('',*,*,#3441,.F.);
#3441 = EDGE_CURVE('',#753,#1738,#3442,.T.);
#3442 = LINE('',#3443,#3444);
#3443 = CARTESIAN_POINT('',(-1.016,-24.13,0.));
#3444 = VECTOR('',#3445,1.);
#3445 = DIRECTION('',(0.,0.,1.));
#3446 = ORIENTED_EDGE('',*,*,#752,.F.);
#3447 = PLANE('',#3448);
#3448 = AXIS2_PLACEMENT_3D('',#3449,#3450,#3451);
#3449 = CARTESIAN_POINT('',(-1.27,-23.876,0.));
#3450 = DIRECTION('',(0.707106781187,0.707106781187,0.));
#3451 = DIRECTION('',(0.707106781187,-0.707106781187,0.));
#3452 = ADVANCED_FACE('',(#3453),#3464,.F.);
#3453 = FACE_BOUND('',#3454,.F.);
#3454 = EDGE_LOOP('',(#3455,#3461,#3462,#3463));
#3455 = ORIENTED_EDGE('',*,*,#3456,.T.);
#3456 = EDGE_CURVE('',#865,#1850,#3457,.T.);
#3457 = LINE('',#3458,#3459);
#3458 = CARTESIAN_POINT('',(1.27,-23.876,0.));
#3459 = VECTOR('',#3460,1.);
#3460 = DIRECTION('',(0.,0.,1.));
#3461 = ORIENTED_EDGE('',*,*,#1857,.T.);
#3462 = ORIENTED_EDGE('',*,*,#3422,.F.);
#3463 = ORIENTED_EDGE('',*,*,#872,.F.);
#3464 = PLANE('',#3465);
#3465 = AXIS2_PLACEMENT_3D('',#3466,#3467,#3468);
#3466 = CARTESIAN_POINT('',(1.27,-23.876,0.));
#3467 = DIRECTION('',(-1.,0.,0.));
#3468 = DIRECTION('',(0.,1.,0.));
#3469 = ADVANCED_FACE('',(#3470),#3481,.F.);
#3470 = FACE_BOUND('',#3471,.F.);
#3471 = EDGE_LOOP('',(#3472,#3473,#3474,#3480));
#3472 = ORIENTED_EDGE('',*,*,#3441,.T.);
#3473 = ORIENTED_EDGE('',*,*,#1745,.T.);
#3474 = ORIENTED_EDGE('',*,*,#3475,.F.);
#3475 = EDGE_CURVE('',#761,#1746,#3476,.T.);
#3476 = LINE('',#3477,#3478);
#3477 = CARTESIAN_POINT('',(-1.27,-24.384,0.));
#3478 = VECTOR('',#3479,1.);
#3479 = DIRECTION('',(0.,0.,1.));
#3480 = ORIENTED_EDGE('',*,*,#760,.F.);
#3481 = PLANE('',#3482);
#3482 = AXIS2_PLACEMENT_3D('',#3483,#3484,#3485);
#3483 = CARTESIAN_POINT('',(-1.016,-24.13,0.));
#3484 = DIRECTION('',(0.707106781187,-0.707106781187,0.));
#3485 = DIRECTION('',(-0.707106781187,-0.707106781187,0.));
#3486 = ADVANCED_FACE('',(#3487),#3498,.F.);
#3487 = FACE_BOUND('',#3488,.F.);
#3488 = EDGE_LOOP('',(#3489,#3495,#3496,#3497));
#3489 = ORIENTED_EDGE('',*,*,#3490,.T.);
#3490 = EDGE_CURVE('',#857,#1842,#3491,.T.);
#3491 = LINE('',#3492,#3493);
#3492 = CARTESIAN_POINT('',(1.016,-24.13,0.));
#3493 = VECTOR('',#3494,1.);
#3494 = DIRECTION('',(0.,0.,1.));
#3495 = ORIENTED_EDGE('',*,*,#1849,.T.);
#3496 = ORIENTED_EDGE('',*,*,#3456,.F.);
#3497 = ORIENTED_EDGE('',*,*,#864,.F.);
#3498 = PLANE('',#3499);
#3499 = AXIS2_PLACEMENT_3D('',#3500,#3501,#3502);
#3500 = CARTESIAN_POINT('',(1.016,-24.13,0.));
#3501 = DIRECTION('',(-0.707106781187,0.707106781187,0.));
#3502 = DIRECTION('',(0.707106781187,0.707106781187,0.));
#3503 = ADVANCED_FACE('',(#3504),#3515,.F.);
#3504 = FACE_BOUND('',#3505,.F.);
#3505 = EDGE_LOOP('',(#3506,#3507,#3508,#3514));
#3506 = ORIENTED_EDGE('',*,*,#3475,.T.);
#3507 = ORIENTED_EDGE('',*,*,#1753,.T.);
#3508 = ORIENTED_EDGE('',*,*,#3509,.F.);
#3509 = EDGE_CURVE('',#769,#1754,#3510,.T.);
#3510 = LINE('',#3511,#3512);
#3511 = CARTESIAN_POINT('',(-1.27,-26.416,0.));
#3512 = VECTOR('',#3513,1.);
#3513 = DIRECTION('',(0.,0.,1.));
#3514 = ORIENTED_EDGE('',*,*,#768,.F.);
#3515 = PLANE('',#3516);
#3516 = AXIS2_PLACEMENT_3D('',#3517,#3518,#3519);
#3517 = CARTESIAN_POINT('',(-1.27,-24.384,0.));
#3518 = DIRECTION('',(1.,0.,0.));
#3519 = DIRECTION('',(0.,-1.,0.));
#3520 = ADVANCED_FACE('',(#3521),#3532,.F.);
#3521 = FACE_BOUND('',#3522,.F.);
#3522 = EDGE_LOOP('',(#3523,#3529,#3530,#3531));
#3523 = ORIENTED_EDGE('',*,*,#3524,.T.);
#3524 = EDGE_CURVE('',#849,#1834,#3525,.T.);
#3525 = LINE('',#3526,#3527);
#3526 = CARTESIAN_POINT('',(1.27,-24.384,0.));
#3527 = VECTOR('',#3528,1.);
#3528 = DIRECTION('',(0.,0.,1.));
#3529 = ORIENTED_EDGE('',*,*,#1841,.T.);
#3530 = ORIENTED_EDGE('',*,*,#3490,.F.);
#3531 = ORIENTED_EDGE('',*,*,#856,.F.);
#3532 = PLANE('',#3533);
#3533 = AXIS2_PLACEMENT_3D('',#3534,#3535,#3536);
#3534 = CARTESIAN_POINT('',(1.27,-24.384,0.));
#3535 = DIRECTION('',(-0.707106781187,-0.707106781187,0.));
#3536 = DIRECTION('',(-0.707106781187,0.707106781187,0.));
#3537 = ADVANCED_FACE('',(#3538),#3549,.F.);
#3538 = FACE_BOUND('',#3539,.F.);
#3539 = EDGE_LOOP('',(#3540,#3541,#3542,#3548));
#3540 = ORIENTED_EDGE('',*,*,#3509,.T.);
#3541 = ORIENTED_EDGE('',*,*,#1761,.T.);
#3542 = ORIENTED_EDGE('',*,*,#3543,.F.);
#3543 = EDGE_CURVE('',#777,#1762,#3544,.T.);
#3544 = LINE('',#3545,#3546);
#3545 = CARTESIAN_POINT('',(-1.016,-26.67,0.));
#3546 = VECTOR('',#3547,1.);
#3547 = DIRECTION('',(0.,0.,1.));
#3548 = ORIENTED_EDGE('',*,*,#776,.F.);
#3549 = PLANE('',#3550);
#3550 = AXIS2_PLACEMENT_3D('',#3551,#3552,#3553);
#3551 = CARTESIAN_POINT('',(-1.27,-26.416,0.));
#3552 = DIRECTION('',(0.707106781187,0.707106781187,0.));
#3553 = DIRECTION('',(0.707106781187,-0.707106781187,0.));
#3554 = ADVANCED_FACE('',(#3555),#3566,.F.);
#3555 = FACE_BOUND('',#3556,.F.);
#3556 = EDGE_LOOP('',(#3557,#3563,#3564,#3565));
#3557 = ORIENTED_EDGE('',*,*,#3558,.T.);
#3558 = EDGE_CURVE('',#841,#1826,#3559,.T.);
#3559 = LINE('',#3560,#3561);
#3560 = CARTESIAN_POINT('',(1.27,-26.416,0.));
#3561 = VECTOR('',#3562,1.);
#3562 = DIRECTION('',(0.,0.,1.));
#3563 = ORIENTED_EDGE('',*,*,#1833,.T.);
#3564 = ORIENTED_EDGE('',*,*,#3524,.F.);
#3565 = ORIENTED_EDGE('',*,*,#848,.F.);
#3566 = PLANE('',#3567);
#3567 = AXIS2_PLACEMENT_3D('',#3568,#3569,#3570);
#3568 = CARTESIAN_POINT('',(1.27,-26.416,0.));
#3569 = DIRECTION('',(-1.,0.,0.));
#3570 = DIRECTION('',(0.,1.,0.));
#3571 = ADVANCED_FACE('',(#3572),#3583,.F.);
#3572 = FACE_BOUND('',#3573,.F.);
#3573 = EDGE_LOOP('',(#3574,#3575,#3576,#3582));
#3574 = ORIENTED_EDGE('',*,*,#3543,.T.);
#3575 = ORIENTED_EDGE('',*,*,#1769,.T.);
#3576 = ORIENTED_EDGE('',*,*,#3577,.F.);
#3577 = EDGE_CURVE('',#785,#1770,#3578,.T.);
#3578 = LINE('',#3579,#3580);
#3579 = CARTESIAN_POINT('',(-1.27,-26.924,0.));
#3580 = VECTOR('',#3581,1.);
#3581 = DIRECTION('',(0.,0.,1.));
#3582 = ORIENTED_EDGE('',*,*,#784,.F.);
#3583 = PLANE('',#3584);
#3584 = AXIS2_PLACEMENT_3D('',#3585,#3586,#3587);
#3585 = CARTESIAN_POINT('',(-1.016,-26.67,0.));
#3586 = DIRECTION('',(0.707106781187,-0.707106781187,0.));
#3587 = DIRECTION('',(-0.707106781187,-0.707106781187,0.));
#3588 = ADVANCED_FACE('',(#3589),#3600,.F.);
#3589 = FACE_BOUND('',#3590,.F.);
#3590 = EDGE_LOOP('',(#3591,#3597,#3598,#3599));
#3591 = ORIENTED_EDGE('',*,*,#3592,.T.);
#3592 = EDGE_CURVE('',#833,#1818,#3593,.T.);
#3593 = LINE('',#3594,#3595);
#3594 = CARTESIAN_POINT('',(1.016,-26.67,0.));
#3595 = VECTOR('',#3596,1.);
#3596 = DIRECTION('',(0.,0.,1.));
#3597 = ORIENTED_EDGE('',*,*,#1825,.T.);
#3598 = ORIENTED_EDGE('',*,*,#3558,.F.);
#3599 = ORIENTED_EDGE('',*,*,#840,.F.);
#3600 = PLANE('',#3601);
#3601 = AXIS2_PLACEMENT_3D('',#3602,#3603,#3604);
#3602 = CARTESIAN_POINT('',(1.016,-26.67,0.));
#3603 = DIRECTION('',(-0.707106781187,0.707106781187,0.));
#3604 = DIRECTION('',(0.707106781187,0.707106781187,0.));
#3605 = ADVANCED_FACE('',(#3606),#3617,.F.);
#3606 = FACE_BOUND('',#3607,.F.);
#3607 = EDGE_LOOP('',(#3608,#3609,#3610,#3616));
#3608 = ORIENTED_EDGE('',*,*,#3577,.T.);
#3609 = ORIENTED_EDGE('',*,*,#1777,.T.);
#3610 = ORIENTED_EDGE('',*,*,#3611,.F.);
#3611 = EDGE_CURVE('',#793,#1778,#3612,.T.);
#3612 = LINE('',#3613,#3614);
#3613 = CARTESIAN_POINT('',(-1.27,-28.956,0.));
#3614 = VECTOR('',#3615,1.);
#3615 = DIRECTION('',(0.,0.,1.));
#3616 = ORIENTED_EDGE('',*,*,#792,.F.);
#3617 = PLANE('',#3618);
#3618 = AXIS2_PLACEMENT_3D('',#3619,#3620,#3621);
#3619 = CARTESIAN_POINT('',(-1.27,-26.924,0.));
#3620 = DIRECTION('',(1.,0.,0.));
#3621 = DIRECTION('',(0.,-1.,0.));
#3622 = ADVANCED_FACE('',(#3623),#3634,.F.);
#3623 = FACE_BOUND('',#3624,.F.);
#3624 = EDGE_LOOP('',(#3625,#3631,#3632,#3633));
#3625 = ORIENTED_EDGE('',*,*,#3626,.T.);
#3626 = EDGE_CURVE('',#825,#1810,#3627,.T.);
#3627 = LINE('',#3628,#3629);
#3628 = CARTESIAN_POINT('',(1.27,-26.924,0.));
#3629 = VECTOR('',#3630,1.);
#3630 = DIRECTION('',(0.,0.,1.));
#3631 = ORIENTED_EDGE('',*,*,#1817,.T.);
#3632 = ORIENTED_EDGE('',*,*,#3592,.F.);
#3633 = ORIENTED_EDGE('',*,*,#832,.F.);
#3634 = PLANE('',#3635);
#3635 = AXIS2_PLACEMENT_3D('',#3636,#3637,#3638);
#3636 = CARTESIAN_POINT('',(1.27,-26.924,0.));
#3637 = DIRECTION('',(-0.707106781187,-0.707106781187,0.));
#3638 = DIRECTION('',(-0.707106781187,0.707106781187,0.));
#3639 = ADVANCED_FACE('',(#3640),#3651,.F.);
#3640 = FACE_BOUND('',#3641,.F.);
#3641 = EDGE_LOOP('',(#3642,#3643,#3644,#3650));
#3642 = ORIENTED_EDGE('',*,*,#3611,.T.);
#3643 = ORIENTED_EDGE('',*,*,#1785,.T.);
#3644 = ORIENTED_EDGE('',*,*,#3645,.F.);
#3645 = EDGE_CURVE('',#801,#1786,#3646,.T.);
#3646 = LINE('',#3647,#3648);
#3647 = CARTESIAN_POINT('',(-1.016,-29.21,0.));
#3648 = VECTOR('',#3649,1.);
#3649 = DIRECTION('',(0.,0.,1.));
#3650 = ORIENTED_EDGE('',*,*,#800,.F.);
#3651 = PLANE('',#3652);
#3652 = AXIS2_PLACEMENT_3D('',#3653,#3654,#3655);
#3653 = CARTESIAN_POINT('',(-1.27,-28.956,0.));
#3654 = DIRECTION('',(0.707106781187,0.707106781187,0.));
#3655 = DIRECTION('',(0.707106781187,-0.707106781187,0.));
#3656 = ADVANCED_FACE('',(#3657),#3668,.F.);
#3657 = FACE_BOUND('',#3658,.F.);
#3658 = EDGE_LOOP('',(#3659,#3665,#3666,#3667));
#3659 = ORIENTED_EDGE('',*,*,#3660,.T.);
#3660 = EDGE_CURVE('',#817,#1802,#3661,.T.);
#3661 = LINE('',#3662,#3663);
#3662 = CARTESIAN_POINT('',(1.27,-28.956,0.));
#3663 = VECTOR('',#3664,1.);
#3664 = DIRECTION('',(0.,0.,1.));
#3665 = ORIENTED_EDGE('',*,*,#1809,.T.);
#3666 = ORIENTED_EDGE('',*,*,#3626,.F.);
#3667 = ORIENTED_EDGE('',*,*,#824,.F.);
#3668 = PLANE('',#3669);
#3669 = AXIS2_PLACEMENT_3D('',#3670,#3671,#3672);
#3670 = CARTESIAN_POINT('',(1.27,-28.956,0.));
#3671 = DIRECTION('',(-1.,0.,0.));
#3672 = DIRECTION('',(0.,1.,0.));
#3673 = ADVANCED_FACE('',(#3674),#3685,.F.);
#3674 = FACE_BOUND('',#3675,.F.);
#3675 = EDGE_LOOP('',(#3676,#3677,#3678,#3684));
#3676 = ORIENTED_EDGE('',*,*,#3645,.T.);
#3677 = ORIENTED_EDGE('',*,*,#1793,.T.);
#3678 = ORIENTED_EDGE('',*,*,#3679,.F.);
#3679 = EDGE_CURVE('',#809,#1794,#3680,.T.);
#3680 = LINE('',#3681,#3682);
#3681 = CARTESIAN_POINT('',(1.016,-29.21,0.));
#3682 = VECTOR('',#3683,1.);
#3683 = DIRECTION('',(0.,0.,1.));
#3684 = ORIENTED_EDGE('',*,*,#808,.F.);
#3685 = PLANE('',#3686);
#3686 = AXIS2_PLACEMENT_3D('',#3687,#3688,#3689);
#3687 = CARTESIAN_POINT('',(-1.016,-29.21,0.));
#3688 = DIRECTION('',(0.,1.,0.));
#3689 = DIRECTION('',(1.,0.,0.));
#3690 = ADVANCED_FACE('',(#3691),#3697,.F.);
#3691 = FACE_BOUND('',#3692,.F.);
#3692 = EDGE_LOOP('',(#3693,#3694,#3695,#3696));
#3693 = ORIENTED_EDGE('',*,*,#3679,.T.);
#3694 = ORIENTED_EDGE('',*,*,#1801,.T.);
#3695 = ORIENTED_EDGE('',*,*,#3660,.F.);
#3696 = ORIENTED_EDGE('',*,*,#816,.F.);
#3697 = PLANE('',#3698);
#3698 = AXIS2_PLACEMENT_3D('',#3699,#3700,#3701);
#3699 = CARTESIAN_POINT('',(1.016,-29.21,0.));
#3700 = DIRECTION('',(-0.707106781187,0.707106781187,0.));
#3701 = DIRECTION('',(0.707106781187,0.707106781187,0.));
#3702 = ADVANCED_FACE('',(#3703),#3728,.T.);
#3703 = FACE_BOUND('',#3704,.T.);
#3704 = EDGE_LOOP('',(#3705,#3713,#3721,#3727));
#3705 = ORIENTED_EDGE('',*,*,#3706,.F.);
#3706 = EDGE_CURVE('',#3707,#1106,#3709,.T.);
#3707 = VERTEX_POINT('',#3708);
#3708 = CARTESIAN_POINT('',(0.32,-5.4,-2.84));
#3709 = LINE('',#3710,#3711);
#3710 = CARTESIAN_POINT('',(0.32,-5.4,-3.));
#3711 = VECTOR('',#3712,1.);
#3712 = DIRECTION('',(0.,0.,1.));
#3713 = ORIENTED_EDGE('',*,*,#3714,.T.);
#3714 = EDGE_CURVE('',#3707,#3715,#3717,.T.);
#3715 = VERTEX_POINT('',#3716);
#3716 = CARTESIAN_POINT('',(0.32,-4.76,-2.84));
#3717 = LINE('',#3718,#3719);
#3718 = CARTESIAN_POINT('',(0.32,-5.4,-2.84));
#3719 = VECTOR('',#3720,1.);
#3720 = DIRECTION('',(0.,1.,0.));
#3721 = ORIENTED_EDGE('',*,*,#3722,.T.);
#3722 = EDGE_CURVE('',#3715,#1108,#3723,.T.);
#3723 = LINE('',#3724,#3725);
#3724 = CARTESIAN_POINT('',(0.32,-4.76,-3.));
#3725 = VECTOR('',#3726,1.);
#3726 = DIRECTION('',(0.,0.,1.));
#3727 = ORIENTED_EDGE('',*,*,#1105,.F.);
#3728 = PLANE('',#3729);
#3729 = AXIS2_PLACEMENT_3D('',#3730,#3731,#3732);
#3730 = CARTESIAN_POINT('',(0.32,-5.4,-3.));
#3731 = DIRECTION('',(1.,0.,0.));
#3732 = DIRECTION('',(0.,0.,1.));
#3733 = ADVANCED_FACE('',(#3734),#3752,.T.);
#3734 = FACE_BOUND('',#3735,.T.);
#3735 = EDGE_LOOP('',(#3736,#3737,#3745,#3751));
#3736 = ORIENTED_EDGE('',*,*,#3722,.F.);
#3737 = ORIENTED_EDGE('',*,*,#3738,.F.);
#3738 = EDGE_CURVE('',#3739,#3715,#3741,.T.);
#3739 = VERTEX_POINT('',#3740);
#3740 = CARTESIAN_POINT('',(-0.32,-4.76,-2.84));
#3741 = LINE('',#3742,#3743);
#3742 = CARTESIAN_POINT('',(-0.32,-4.76,-2.84));
#3743 = VECTOR('',#3744,1.);
#3744 = DIRECTION('',(1.,0.,0.));
#3745 = ORIENTED_EDGE('',*,*,#3746,.T.);
#3746 = EDGE_CURVE('',#3739,#1124,#3747,.T.);
#3747 = LINE('',#3748,#3749);
#3748 = CARTESIAN_POINT('',(-0.32,-4.76,-3.));
#3749 = VECTOR('',#3750,1.);
#3750 = DIRECTION('',(0.,0.,1.));
#3751 = ORIENTED_EDGE('',*,*,#1131,.F.);
#3752 = PLANE('',#3753);
#3753 = AXIS2_PLACEMENT_3D('',#3754,#3755,#3756);
#3754 = CARTESIAN_POINT('',(-0.32,-4.76,-3.));
#3755 = DIRECTION('',(0.,1.,0.));
#3756 = DIRECTION('',(0.,-0.,1.));
#3757 = ADVANCED_FACE('',(#3758),#3776,.F.);
#3758 = FACE_BOUND('',#3759,.F.);
#3759 = EDGE_LOOP('',(#3760,#3768,#3774,#3775));
#3760 = ORIENTED_EDGE('',*,*,#3761,.F.);
#3761 = EDGE_CURVE('',#3762,#1116,#3764,.T.);
#3762 = VERTEX_POINT('',#3763);
#3763 = CARTESIAN_POINT('',(-0.32,-5.4,-2.84));
#3764 = LINE('',#3765,#3766);
#3765 = CARTESIAN_POINT('',(-0.32,-5.4,-3.));
#3766 = VECTOR('',#3767,1.);
#3767 = DIRECTION('',(0.,0.,1.));
#3768 = ORIENTED_EDGE('',*,*,#3769,.T.);
#3769 = EDGE_CURVE('',#3762,#3739,#3770,.T.);
#3770 = LINE('',#3771,#3772);
#3771 = CARTESIAN_POINT('',(-0.32,-5.4,-2.84));
#3772 = VECTOR('',#3773,1.);
#3773 = DIRECTION('',(0.,1.,0.));
#3774 = ORIENTED_EDGE('',*,*,#3746,.T.);
#3775 = ORIENTED_EDGE('',*,*,#1123,.F.);
#3776 = PLANE('',#3777);
#3777 = AXIS2_PLACEMENT_3D('',#3778,#3779,#3780);
#3778 = CARTESIAN_POINT('',(-0.32,-5.4,-3.));
#3779 = DIRECTION('',(1.,0.,0.));
#3780 = DIRECTION('',(0.,0.,1.));
#3781 = ADVANCED_FACE('',(#3782),#3793,.F.);
#3782 = FACE_BOUND('',#3783,.F.);
#3783 = EDGE_LOOP('',(#3784,#3785,#3791,#3792));
#3784 = ORIENTED_EDGE('',*,*,#3706,.F.);
#3785 = ORIENTED_EDGE('',*,*,#3786,.F.);
#3786 = EDGE_CURVE('',#3762,#3707,#3787,.T.);
#3787 = LINE('',#3788,#3789);
#3788 = CARTESIAN_POINT('',(-0.32,-5.4,-2.84));
#3789 = VECTOR('',#3790,1.);
#3790 = DIRECTION('',(1.,0.,0.));
#3791 = ORIENTED_EDGE('',*,*,#3761,.T.);
#3792 = ORIENTED_EDGE('',*,*,#1115,.F.);
#3793 = PLANE('',#3794);
#3794 = AXIS2_PLACEMENT_3D('',#3795,#3796,#3797);
#3795 = CARTESIAN_POINT('',(-0.32,-5.4,-3.));
#3796 = DIRECTION('',(0.,1.,0.));
#3797 = DIRECTION('',(0.,-0.,1.));
#3798 = ADVANCED_FACE('',(#3799),#3824,.F.);
#3799 = FACE_BOUND('',#3800,.F.);
#3800 = EDGE_LOOP('',(#3801,#3809,#3817,#3823));
#3801 = ORIENTED_EDGE('',*,*,#3802,.F.);
#3802 = EDGE_CURVE('',#3803,#1140,#3805,.T.);
#3803 = VERTEX_POINT('',#3804);
#3804 = CARTESIAN_POINT('',(0.32,-7.94,-2.84));
#3805 = LINE('',#3806,#3807);
#3806 = CARTESIAN_POINT('',(0.32,-7.94,-3.));
#3807 = VECTOR('',#3808,1.);
#3808 = DIRECTION('',(0.,0.,1.));
#3809 = ORIENTED_EDGE('',*,*,#3810,.F.);
#3810 = EDGE_CURVE('',#3811,#3803,#3813,.T.);
#3811 = VERTEX_POINT('',#3812);
#3812 = CARTESIAN_POINT('',(-0.32,-7.94,-2.84));
#3813 = LINE('',#3814,#3815);
#3814 = CARTESIAN_POINT('',(-0.32,-7.94,-2.84));
#3815 = VECTOR('',#3816,1.);
#3816 = DIRECTION('',(1.,0.,0.));
#3817 = ORIENTED_EDGE('',*,*,#3818,.T.);
#3818 = EDGE_CURVE('',#3811,#1142,#3819,.T.);
#3819 = LINE('',#3820,#3821);
#3820 = CARTESIAN_POINT('',(-0.32,-7.94,-3.));
#3821 = VECTOR('',#3822,1.);
#3822 = DIRECTION('',(0.,0.,1.));
#3823 = ORIENTED_EDGE('',*,*,#1139,.F.);
#3824 = PLANE('',#3825);
#3825 = AXIS2_PLACEMENT_3D('',#3826,#3827,#3828);
#3826 = CARTESIAN_POINT('',(-0.32,-7.94,-3.));
#3827 = DIRECTION('',(0.,1.,0.));
#3828 = DIRECTION('',(0.,-0.,1.));
#3829 = ADVANCED_FACE('',(#3830),#3848,.T.);
#3830 = FACE_BOUND('',#3831,.T.);
#3831 = EDGE_LOOP('',(#3832,#3833,#3841,#3847));
#3832 = ORIENTED_EDGE('',*,*,#3802,.F.);
#3833 = ORIENTED_EDGE('',*,*,#3834,.T.);
#3834 = EDGE_CURVE('',#3803,#3835,#3837,.T.);
#3835 = VERTEX_POINT('',#3836);
#3836 = CARTESIAN_POINT('',(0.32,-7.3,-2.84));
#3837 = LINE('',#3838,#3839);
#3838 = CARTESIAN_POINT('',(0.32,-7.94,-2.84));
#3839 = VECTOR('',#3840,1.);
#3840 = DIRECTION('',(0.,1.,0.));
#3841 = ORIENTED_EDGE('',*,*,#3842,.T.);
#3842 = EDGE_CURVE('',#3835,#1158,#3843,.T.);
#3843 = LINE('',#3844,#3845);
#3844 = CARTESIAN_POINT('',(0.32,-7.3,-3.));
#3845 = VECTOR('',#3846,1.);
#3846 = DIRECTION('',(0.,0.,1.));
#3847 = ORIENTED_EDGE('',*,*,#1165,.F.);
#3848 = PLANE('',#3849);
#3849 = AXIS2_PLACEMENT_3D('',#3850,#3851,#3852);
#3850 = CARTESIAN_POINT('',(0.32,-7.94,-3.));
#3851 = DIRECTION('',(1.,0.,0.));
#3852 = DIRECTION('',(0.,0.,1.));
#3853 = ADVANCED_FACE('',(#3854),#3872,.T.);
#3854 = FACE_BOUND('',#3855,.T.);
#3855 = EDGE_LOOP('',(#3856,#3857,#3865,#3871));
#3856 = ORIENTED_EDGE('',*,*,#3842,.F.);
#3857 = ORIENTED_EDGE('',*,*,#3858,.F.);
#3858 = EDGE_CURVE('',#3859,#3835,#3861,.T.);
#3859 = VERTEX_POINT('',#3860);
#3860 = CARTESIAN_POINT('',(-0.32,-7.3,-2.84));
#3861 = LINE('',#3862,#3863);
#3862 = CARTESIAN_POINT('',(-0.32,-7.3,-2.84));
#3863 = VECTOR('',#3864,1.);
#3864 = DIRECTION('',(1.,0.,0.));
#3865 = ORIENTED_EDGE('',*,*,#3866,.T.);
#3866 = EDGE_CURVE('',#3859,#1150,#3867,.T.);
#3867 = LINE('',#3868,#3869);
#3868 = CARTESIAN_POINT('',(-0.32,-7.3,-3.));
#3869 = VECTOR('',#3870,1.);
#3870 = DIRECTION('',(0.,0.,1.));
#3871 = ORIENTED_EDGE('',*,*,#1157,.F.);
#3872 = PLANE('',#3873);
#3873 = AXIS2_PLACEMENT_3D('',#3874,#3875,#3876);
#3874 = CARTESIAN_POINT('',(-0.32,-7.3,-3.));
#3875 = DIRECTION('',(0.,1.,0.));
#3876 = DIRECTION('',(0.,-0.,1.));
#3877 = ADVANCED_FACE('',(#3878),#3889,.F.);
#3878 = FACE_BOUND('',#3879,.F.);
#3879 = EDGE_LOOP('',(#3880,#3881,#3887,#3888));
#3880 = ORIENTED_EDGE('',*,*,#3818,.F.);
#3881 = ORIENTED_EDGE('',*,*,#3882,.T.);
#3882 = EDGE_CURVE('',#3811,#3859,#3883,.T.);
#3883 = LINE('',#3884,#3885);
#3884 = CARTESIAN_POINT('',(-0.32,-7.94,-2.84));
#3885 = VECTOR('',#3886,1.);
#3886 = DIRECTION('',(0.,1.,0.));
#3887 = ORIENTED_EDGE('',*,*,#3866,.T.);
#3888 = ORIENTED_EDGE('',*,*,#1149,.F.);
#3889 = PLANE('',#3890);
#3890 = AXIS2_PLACEMENT_3D('',#3891,#3892,#3893);
#3891 = CARTESIAN_POINT('',(-0.32,-7.94,-3.));
#3892 = DIRECTION('',(1.,0.,0.));
#3893 = DIRECTION('',(0.,0.,1.));
#3894 = ADVANCED_FACE('',(#3895),#3920,.F.);
#3895 = FACE_BOUND('',#3896,.F.);
#3896 = EDGE_LOOP('',(#3897,#3905,#3913,#3919));
#3897 = ORIENTED_EDGE('',*,*,#3898,.F.);
#3898 = EDGE_CURVE('',#3899,#1174,#3901,.T.);
#3899 = VERTEX_POINT('',#3900);
#3900 = CARTESIAN_POINT('',(0.32,-13.02,-2.84));
#3901 = LINE('',#3902,#3903);
#3902 = CARTESIAN_POINT('',(0.32,-13.02,-3.));
#3903 = VECTOR('',#3904,1.);
#3904 = DIRECTION('',(0.,0.,1.));
#3905 = ORIENTED_EDGE('',*,*,#3906,.F.);
#3906 = EDGE_CURVE('',#3907,#3899,#3909,.T.);
#3907 = VERTEX_POINT('',#3908);
#3908 = CARTESIAN_POINT('',(-0.32,-13.02,-2.84));
#3909 = LINE('',#3910,#3911);
#3910 = CARTESIAN_POINT('',(-0.32,-13.02,-2.84));
#3911 = VECTOR('',#3912,1.);
#3912 = DIRECTION('',(1.,0.,0.));
#3913 = ORIENTED_EDGE('',*,*,#3914,.T.);
#3914 = EDGE_CURVE('',#3907,#1176,#3915,.T.);
#3915 = LINE('',#3916,#3917);
#3916 = CARTESIAN_POINT('',(-0.32,-13.02,-3.));
#3917 = VECTOR('',#3918,1.);
#3918 = DIRECTION('',(0.,0.,1.));
#3919 = ORIENTED_EDGE('',*,*,#1173,.F.);
#3920 = PLANE('',#3921);
#3921 = AXIS2_PLACEMENT_3D('',#3922,#3923,#3924);
#3922 = CARTESIAN_POINT('',(-0.32,-13.02,-3.));
#3923 = DIRECTION('',(0.,1.,0.));
#3924 = DIRECTION('',(0.,-0.,1.));
#3925 = ADVANCED_FACE('',(#3926),#3944,.T.);
#3926 = FACE_BOUND('',#3927,.T.);
#3927 = EDGE_LOOP('',(#3928,#3929,#3937,#3943));
#3928 = ORIENTED_EDGE('',*,*,#3898,.F.);
#3929 = ORIENTED_EDGE('',*,*,#3930,.T.);
#3930 = EDGE_CURVE('',#3899,#3931,#3933,.T.);
#3931 = VERTEX_POINT('',#3932);
#3932 = CARTESIAN_POINT('',(0.32,-12.38,-2.84));
#3933 = LINE('',#3934,#3935);
#3934 = CARTESIAN_POINT('',(0.32,-13.02,-2.84));
#3935 = VECTOR('',#3936,1.);
#3936 = DIRECTION('',(0.,1.,0.));
#3937 = ORIENTED_EDGE('',*,*,#3938,.T.);
#3938 = EDGE_CURVE('',#3931,#1192,#3939,.T.);
#3939 = LINE('',#3940,#3941);
#3940 = CARTESIAN_POINT('',(0.32,-12.38,-3.));
#3941 = VECTOR('',#3942,1.);
#3942 = DIRECTION('',(0.,0.,1.));
#3943 = ORIENTED_EDGE('',*,*,#1199,.F.);
#3944 = PLANE('',#3945);
#3945 = AXIS2_PLACEMENT_3D('',#3946,#3947,#3948);
#3946 = CARTESIAN_POINT('',(0.32,-13.02,-3.));
#3947 = DIRECTION('',(1.,0.,0.));
#3948 = DIRECTION('',(0.,0.,1.));
#3949 = ADVANCED_FACE('',(#3950),#3968,.T.);
#3950 = FACE_BOUND('',#3951,.T.);
#3951 = EDGE_LOOP('',(#3952,#3953,#3961,#3967));
#3952 = ORIENTED_EDGE('',*,*,#3938,.F.);
#3953 = ORIENTED_EDGE('',*,*,#3954,.F.);
#3954 = EDGE_CURVE('',#3955,#3931,#3957,.T.);
#3955 = VERTEX_POINT('',#3956);
#3956 = CARTESIAN_POINT('',(-0.32,-12.38,-2.84));
#3957 = LINE('',#3958,#3959);
#3958 = CARTESIAN_POINT('',(-0.32,-12.38,-2.84));
#3959 = VECTOR('',#3960,1.);
#3960 = DIRECTION('',(1.,0.,0.));
#3961 = ORIENTED_EDGE('',*,*,#3962,.T.);
#3962 = EDGE_CURVE('',#3955,#1184,#3963,.T.);
#3963 = LINE('',#3964,#3965);
#3964 = CARTESIAN_POINT('',(-0.32,-12.38,-3.));
#3965 = VECTOR('',#3966,1.);
#3966 = DIRECTION('',(0.,0.,1.));
#3967 = ORIENTED_EDGE('',*,*,#1191,.F.);
#3968 = PLANE('',#3969);
#3969 = AXIS2_PLACEMENT_3D('',#3970,#3971,#3972);
#3970 = CARTESIAN_POINT('',(-0.32,-12.38,-3.));
#3971 = DIRECTION('',(0.,1.,0.));
#3972 = DIRECTION('',(0.,-0.,1.));
#3973 = ADVANCED_FACE('',(#3974),#3985,.F.);
#3974 = FACE_BOUND('',#3975,.F.);
#3975 = EDGE_LOOP('',(#3976,#3977,#3983,#3984));
#3976 = ORIENTED_EDGE('',*,*,#3914,.F.);
#3977 = ORIENTED_EDGE('',*,*,#3978,.T.);
#3978 = EDGE_CURVE('',#3907,#3955,#3979,.T.);
#3979 = LINE('',#3980,#3981);
#3980 = CARTESIAN_POINT('',(-0.32,-13.02,-2.84));
#3981 = VECTOR('',#3982,1.);
#3982 = DIRECTION('',(0.,1.,0.));
#3983 = ORIENTED_EDGE('',*,*,#3962,.T.);
#3984 = ORIENTED_EDGE('',*,*,#1183,.F.);
#3985 = PLANE('',#3986);
#3986 = AXIS2_PLACEMENT_3D('',#3987,#3988,#3989);
#3987 = CARTESIAN_POINT('',(-0.32,-13.02,-3.));
#3988 = DIRECTION('',(1.,0.,0.));
#3989 = DIRECTION('',(0.,0.,1.));
#3990 = ADVANCED_FACE('',(#3991),#4016,.T.);
#3991 = FACE_BOUND('',#3992,.T.);
#3992 = EDGE_LOOP('',(#3993,#4001,#4009,#4015));
#3993 = ORIENTED_EDGE('',*,*,#3994,.F.);
#3994 = EDGE_CURVE('',#3995,#1208,#3997,.T.);
#3995 = VERTEX_POINT('',#3996);
#3996 = CARTESIAN_POINT('',(0.32,-10.48,-2.84));
#3997 = LINE('',#3998,#3999);
#3998 = CARTESIAN_POINT('',(0.32,-10.48,-3.));
#3999 = VECTOR('',#4000,1.);
#4000 = DIRECTION('',(0.,0.,1.));
#4001 = ORIENTED_EDGE('',*,*,#4002,.T.);
#4002 = EDGE_CURVE('',#3995,#4003,#4005,.T.);
#4003 = VERTEX_POINT('',#4004);
#4004 = CARTESIAN_POINT('',(0.32,-9.84,-2.84));
#4005 = LINE('',#4006,#4007);
#4006 = CARTESIAN_POINT('',(0.32,-10.48,-2.84));
#4007 = VECTOR('',#4008,1.);
#4008 = DIRECTION('',(0.,1.,0.));
#4009 = ORIENTED_EDGE('',*,*,#4010,.T.);
#4010 = EDGE_CURVE('',#4003,#1210,#4011,.T.);
#4011 = LINE('',#4012,#4013);
#4012 = CARTESIAN_POINT('',(0.32,-9.84,-3.));
#4013 = VECTOR('',#4014,1.);
#4014 = DIRECTION('',(0.,0.,1.));
#4015 = ORIENTED_EDGE('',*,*,#1207,.F.);
#4016 = PLANE('',#4017);
#4017 = AXIS2_PLACEMENT_3D('',#4018,#4019,#4020);
#4018 = CARTESIAN_POINT('',(0.32,-10.48,-3.));
#4019 = DIRECTION('',(1.,0.,0.));
#4020 = DIRECTION('',(0.,0.,1.));
#4021 = ADVANCED_FACE('',(#4022),#4040,.T.);
#4022 = FACE_BOUND('',#4023,.T.);
#4023 = EDGE_LOOP('',(#4024,#4025,#4033,#4039));
#4024 = ORIENTED_EDGE('',*,*,#4010,.F.);
#4025 = ORIENTED_EDGE('',*,*,#4026,.F.);
#4026 = EDGE_CURVE('',#4027,#4003,#4029,.T.);
#4027 = VERTEX_POINT('',#4028);
#4028 = CARTESIAN_POINT('',(-0.32,-9.84,-2.84));
#4029 = LINE('',#4030,#4031);
#4030 = CARTESIAN_POINT('',(-0.32,-9.84,-2.84));
#4031 = VECTOR('',#4032,1.);
#4032 = DIRECTION('',(1.,0.,0.));
#4033 = ORIENTED_EDGE('',*,*,#4034,.T.);
#4034 = EDGE_CURVE('',#4027,#1226,#4035,.T.);
#4035 = LINE('',#4036,#4037);
#4036 = CARTESIAN_POINT('',(-0.32,-9.84,-3.));
#4037 = VECTOR('',#4038,1.);
#4038 = DIRECTION('',(0.,0.,1.));
#4039 = ORIENTED_EDGE('',*,*,#1233,.F.);
#4040 = PLANE('',#4041);
#4041 = AXIS2_PLACEMENT_3D('',#4042,#4043,#4044);
#4042 = CARTESIAN_POINT('',(-0.32,-9.84,-3.));
#4043 = DIRECTION('',(0.,1.,0.));
#4044 = DIRECTION('',(0.,-0.,1.));
#4045 = ADVANCED_FACE('',(#4046),#4064,.F.);
#4046 = FACE_BOUND('',#4047,.F.);
#4047 = EDGE_LOOP('',(#4048,#4056,#4062,#4063));
#4048 = ORIENTED_EDGE('',*,*,#4049,.F.);
#4049 = EDGE_CURVE('',#4050,#1218,#4052,.T.);
#4050 = VERTEX_POINT('',#4051);
#4051 = CARTESIAN_POINT('',(-0.32,-10.48,-2.84));
#4052 = LINE('',#4053,#4054);
#4053 = CARTESIAN_POINT('',(-0.32,-10.48,-3.));
#4054 = VECTOR('',#4055,1.);
#4055 = DIRECTION('',(0.,0.,1.));
#4056 = ORIENTED_EDGE('',*,*,#4057,.T.);
#4057 = EDGE_CURVE('',#4050,#4027,#4058,.T.);
#4058 = LINE('',#4059,#4060);
#4059 = CARTESIAN_POINT('',(-0.32,-10.48,-2.84));
#4060 = VECTOR('',#4061,1.);
#4061 = DIRECTION('',(0.,1.,0.));
#4062 = ORIENTED_EDGE('',*,*,#4034,.T.);
#4063 = ORIENTED_EDGE('',*,*,#1225,.F.);
#4064 = PLANE('',#4065);
#4065 = AXIS2_PLACEMENT_3D('',#4066,#4067,#4068);
#4066 = CARTESIAN_POINT('',(-0.32,-10.48,-3.));
#4067 = DIRECTION('',(1.,0.,0.));
#4068 = DIRECTION('',(0.,0.,1.));
#4069 = ADVANCED_FACE('',(#4070),#4081,.F.);
#4070 = FACE_BOUND('',#4071,.F.);
#4071 = EDGE_LOOP('',(#4072,#4073,#4079,#4080));
#4072 = ORIENTED_EDGE('',*,*,#3994,.F.);
#4073 = ORIENTED_EDGE('',*,*,#4074,.F.);
#4074 = EDGE_CURVE('',#4050,#3995,#4075,.T.);
#4075 = LINE('',#4076,#4077);
#4076 = CARTESIAN_POINT('',(-0.32,-10.48,-2.84));
#4077 = VECTOR('',#4078,1.);
#4078 = DIRECTION('',(1.,0.,0.));
#4079 = ORIENTED_EDGE('',*,*,#4049,.T.);
#4080 = ORIENTED_EDGE('',*,*,#1217,.F.);
#4081 = PLANE('',#4082);
#4082 = AXIS2_PLACEMENT_3D('',#4083,#4084,#4085);
#4083 = CARTESIAN_POINT('',(-0.32,-10.48,-3.));
#4084 = DIRECTION('',(0.,1.,0.));
#4085 = DIRECTION('',(0.,-0.,1.));
#4086 = ADVANCED_FACE('',(#4087),#4112,.T.);
#4087 = FACE_BOUND('',#4088,.T.);
#4088 = EDGE_LOOP('',(#4089,#4097,#4105,#4111));
#4089 = ORIENTED_EDGE('',*,*,#4090,.F.);
#4090 = EDGE_CURVE('',#4091,#1242,#4093,.T.);
#4091 = VERTEX_POINT('',#4092);
#4092 = CARTESIAN_POINT('',(0.32,-20.,-2.84));
#4093 = LINE('',#4094,#4095);
#4094 = CARTESIAN_POINT('',(0.32,-20.,-3.));
#4095 = VECTOR('',#4096,1.);
#4096 = DIRECTION('',(0.,0.,1.));
#4097 = ORIENTED_EDGE('',*,*,#4098,.F.);
#4098 = EDGE_CURVE('',#4099,#4091,#4101,.T.);
#4099 = VERTEX_POINT('',#4100);
#4100 = CARTESIAN_POINT('',(-0.32,-20.,-2.84));
#4101 = LINE('',#4102,#4103);
#4102 = CARTESIAN_POINT('',(-0.32,-20.,-2.84));
#4103 = VECTOR('',#4104,1.);
#4104 = DIRECTION('',(1.,0.,0.));
#4105 = ORIENTED_EDGE('',*,*,#4106,.T.);
#4106 = EDGE_CURVE('',#4099,#1244,#4107,.T.);
#4107 = LINE('',#4108,#4109);
#4108 = CARTESIAN_POINT('',(-0.32,-20.,-3.));
#4109 = VECTOR('',#4110,1.);
#4110 = DIRECTION('',(0.,0.,1.));
#4111 = ORIENTED_EDGE('',*,*,#1241,.F.);
#4112 = PLANE('',#4113);
#4113 = AXIS2_PLACEMENT_3D('',#4114,#4115,#4116);
#4114 = CARTESIAN_POINT('',(-0.32,-20.,-3.));
#4115 = DIRECTION('',(0.,1.,0.));
#4116 = DIRECTION('',(0.,-0.,1.));
#4117 = ADVANCED_FACE('',(#4118),#4136,.F.);
#4118 = FACE_BOUND('',#4119,.F.);
#4119 = EDGE_LOOP('',(#4120,#4128,#4134,#4135));
#4120 = ORIENTED_EDGE('',*,*,#4121,.F.);
#4121 = EDGE_CURVE('',#4122,#1260,#4124,.T.);
#4122 = VERTEX_POINT('',#4123);
#4123 = CARTESIAN_POINT('',(-0.32,-20.64,-2.84));
#4124 = LINE('',#4125,#4126);
#4125 = CARTESIAN_POINT('',(-0.32,-20.64,-3.));
#4126 = VECTOR('',#4127,1.);
#4127 = DIRECTION('',(0.,0.,1.));
#4128 = ORIENTED_EDGE('',*,*,#4129,.T.);
#4129 = EDGE_CURVE('',#4122,#4099,#4130,.T.);
#4130 = LINE('',#4131,#4132);
#4131 = CARTESIAN_POINT('',(-0.32,-20.64,-2.84));
#4132 = VECTOR('',#4133,1.);
#4133 = DIRECTION('',(0.,1.,0.));
#4134 = ORIENTED_EDGE('',*,*,#4106,.T.);
#4135 = ORIENTED_EDGE('',*,*,#1267,.F.);
#4136 = PLANE('',#4137);
#4137 = AXIS2_PLACEMENT_3D('',#4138,#4139,#4140);
#4138 = CARTESIAN_POINT('',(-0.32,-20.64,-3.));
#4139 = DIRECTION('',(1.,0.,0.));
#4140 = DIRECTION('',(0.,0.,1.));
#4141 = ADVANCED_FACE('',(#4142),#4160,.F.);
#4142 = FACE_BOUND('',#4143,.F.);
#4143 = EDGE_LOOP('',(#4144,#4152,#4158,#4159));
#4144 = ORIENTED_EDGE('',*,*,#4145,.F.);
#4145 = EDGE_CURVE('',#4146,#1252,#4148,.T.);
#4146 = VERTEX_POINT('',#4147);
#4147 = CARTESIAN_POINT('',(0.32,-20.64,-2.84));
#4148 = LINE('',#4149,#4150);
#4149 = CARTESIAN_POINT('',(0.32,-20.64,-3.));
#4150 = VECTOR('',#4151,1.);
#4151 = DIRECTION('',(0.,0.,1.));
#4152 = ORIENTED_EDGE('',*,*,#4153,.F.);
#4153 = EDGE_CURVE('',#4122,#4146,#4154,.T.);
#4154 = LINE('',#4155,#4156);
#4155 = CARTESIAN_POINT('',(-0.32,-20.64,-2.84));
#4156 = VECTOR('',#4157,1.);
#4157 = DIRECTION('',(1.,0.,0.));
#4158 = ORIENTED_EDGE('',*,*,#4121,.T.);
#4159 = ORIENTED_EDGE('',*,*,#1259,.F.);
#4160 = PLANE('',#4161);
#4161 = AXIS2_PLACEMENT_3D('',#4162,#4163,#4164);
#4162 = CARTESIAN_POINT('',(-0.32,-20.64,-3.));
#4163 = DIRECTION('',(0.,1.,0.));
#4164 = DIRECTION('',(0.,-0.,1.));
#4165 = ADVANCED_FACE('',(#4166),#4177,.T.);
#4166 = FACE_BOUND('',#4167,.T.);
#4167 = EDGE_LOOP('',(#4168,#4169,#4175,#4176));
#4168 = ORIENTED_EDGE('',*,*,#4145,.F.);
#4169 = ORIENTED_EDGE('',*,*,#4170,.T.);
#4170 = EDGE_CURVE('',#4146,#4091,#4171,.T.);
#4171 = LINE('',#4172,#4173);
#4172 = CARTESIAN_POINT('',(0.32,-20.64,-2.84));
#4173 = VECTOR('',#4174,1.);
#4174 = DIRECTION('',(0.,1.,0.));
#4175 = ORIENTED_EDGE('',*,*,#4090,.T.);
#4176 = ORIENTED_EDGE('',*,*,#1251,.F.);
#4177 = PLANE('',#4178);
#4178 = AXIS2_PLACEMENT_3D('',#4179,#4180,#4181);
#4179 = CARTESIAN_POINT('',(0.32,-20.64,-3.));
#4180 = DIRECTION('',(1.,0.,0.));
#4181 = DIRECTION('',(0.,0.,1.));
#4182 = ADVANCED_FACE('',(#4183),#4208,.T.);
#4183 = FACE_BOUND('',#4184,.T.);
#4184 = EDGE_LOOP('',(#4185,#4193,#4201,#4207));
#4185 = ORIENTED_EDGE('',*,*,#4186,.F.);
#4186 = EDGE_CURVE('',#4187,#1276,#4189,.T.);
#4187 = VERTEX_POINT('',#4188);
#4188 = CARTESIAN_POINT('',(0.32,-18.1,-2.84));
#4189 = LINE('',#4190,#4191);
#4190 = CARTESIAN_POINT('',(0.32,-18.1,-3.));
#4191 = VECTOR('',#4192,1.);
#4192 = DIRECTION('',(0.,0.,1.));
#4193 = ORIENTED_EDGE('',*,*,#4194,.T.);
#4194 = EDGE_CURVE('',#4187,#4195,#4197,.T.);
#4195 = VERTEX_POINT('',#4196);
#4196 = CARTESIAN_POINT('',(0.32,-17.46,-2.84));
#4197 = LINE('',#4198,#4199);
#4198 = CARTESIAN_POINT('',(0.32,-18.1,-2.84));
#4199 = VECTOR('',#4200,1.);
#4200 = DIRECTION('',(0.,1.,0.));
#4201 = ORIENTED_EDGE('',*,*,#4202,.T.);
#4202 = EDGE_CURVE('',#4195,#1278,#4203,.T.);
#4203 = LINE('',#4204,#4205);
#4204 = CARTESIAN_POINT('',(0.32,-17.46,-3.));
#4205 = VECTOR('',#4206,1.);
#4206 = DIRECTION('',(0.,0.,1.));
#4207 = ORIENTED_EDGE('',*,*,#1275,.F.);
#4208 = PLANE('',#4209);
#4209 = AXIS2_PLACEMENT_3D('',#4210,#4211,#4212);
#4210 = CARTESIAN_POINT('',(0.32,-18.1,-3.));
#4211 = DIRECTION('',(1.,0.,0.));
#4212 = DIRECTION('',(0.,0.,1.));
#4213 = ADVANCED_FACE('',(#4214),#4232,.T.);
#4214 = FACE_BOUND('',#4215,.T.);
#4215 = EDGE_LOOP('',(#4216,#4217,#4225,#4231));
#4216 = ORIENTED_EDGE('',*,*,#4202,.F.);
#4217 = ORIENTED_EDGE('',*,*,#4218,.F.);
#4218 = EDGE_CURVE('',#4219,#4195,#4221,.T.);
#4219 = VERTEX_POINT('',#4220);
#4220 = CARTESIAN_POINT('',(-0.32,-17.46,-2.84));
#4221 = LINE('',#4222,#4223);
#4222 = CARTESIAN_POINT('',(-0.32,-17.46,-2.84));
#4223 = VECTOR('',#4224,1.);
#4224 = DIRECTION('',(1.,0.,0.));
#4225 = ORIENTED_EDGE('',*,*,#4226,.T.);
#4226 = EDGE_CURVE('',#4219,#1294,#4227,.T.);
#4227 = LINE('',#4228,#4229);
#4228 = CARTESIAN_POINT('',(-0.32,-17.46,-3.));
#4229 = VECTOR('',#4230,1.);
#4230 = DIRECTION('',(0.,0.,1.));
#4231 = ORIENTED_EDGE('',*,*,#1301,.F.);
#4232 = PLANE('',#4233);
#4233 = AXIS2_PLACEMENT_3D('',#4234,#4235,#4236);
#4234 = CARTESIAN_POINT('',(-0.32,-17.46,-3.));
#4235 = DIRECTION('',(0.,1.,0.));
#4236 = DIRECTION('',(0.,-0.,1.));
#4237 = ADVANCED_FACE('',(#4238),#4256,.F.);
#4238 = FACE_BOUND('',#4239,.F.);
#4239 = EDGE_LOOP('',(#4240,#4248,#4254,#4255));
#4240 = ORIENTED_EDGE('',*,*,#4241,.F.);
#4241 = EDGE_CURVE('',#4242,#1286,#4244,.T.);
#4242 = VERTEX_POINT('',#4243);
#4243 = CARTESIAN_POINT('',(-0.32,-18.1,-2.84));
#4244 = LINE('',#4245,#4246);
#4245 = CARTESIAN_POINT('',(-0.32,-18.1,-3.));
#4246 = VECTOR('',#4247,1.);
#4247 = DIRECTION('',(0.,0.,1.));
#4248 = ORIENTED_EDGE('',*,*,#4249,.T.);
#4249 = EDGE_CURVE('',#4242,#4219,#4250,.T.);
#4250 = LINE('',#4251,#4252);
#4251 = CARTESIAN_POINT('',(-0.32,-18.1,-2.84));
#4252 = VECTOR('',#4253,1.);
#4253 = DIRECTION('',(0.,1.,0.));
#4254 = ORIENTED_EDGE('',*,*,#4226,.T.);
#4255 = ORIENTED_EDGE('',*,*,#1293,.F.);
#4256 = PLANE('',#4257);
#4257 = AXIS2_PLACEMENT_3D('',#4258,#4259,#4260);
#4258 = CARTESIAN_POINT('',(-0.32,-18.1,-3.));
#4259 = DIRECTION('',(1.,0.,0.));
#4260 = DIRECTION('',(0.,0.,1.));
#4261 = ADVANCED_FACE('',(#4262),#4273,.F.);
#4262 = FACE_BOUND('',#4263,.F.);
#4263 = EDGE_LOOP('',(#4264,#4265,#4271,#4272));
#4264 = ORIENTED_EDGE('',*,*,#4186,.F.);
#4265 = ORIENTED_EDGE('',*,*,#4266,.F.);
#4266 = EDGE_CURVE('',#4242,#4187,#4267,.T.);
#4267 = LINE('',#4268,#4269);
#4268 = CARTESIAN_POINT('',(-0.32,-18.1,-2.84));
#4269 = VECTOR('',#4270,1.);
#4270 = DIRECTION('',(1.,0.,0.));
#4271 = ORIENTED_EDGE('',*,*,#4241,.T.);
#4272 = ORIENTED_EDGE('',*,*,#1285,.F.);
#4273 = PLANE('',#4274);
#4274 = AXIS2_PLACEMENT_3D('',#4275,#4276,#4277);
#4275 = CARTESIAN_POINT('',(-0.32,-18.1,-3.));
#4276 = DIRECTION('',(0.,1.,0.));
#4277 = DIRECTION('',(0.,-0.,1.));
#4278 = ADVANCED_FACE('',(#4279),#4304,.T.);
#4279 = FACE_BOUND('',#4280,.T.);
#4280 = EDGE_LOOP('',(#4281,#4289,#4297,#4303));
#4281 = ORIENTED_EDGE('',*,*,#4282,.F.);
#4282 = EDGE_CURVE('',#4283,#1310,#4285,.T.);
#4283 = VERTEX_POINT('',#4284);
#4284 = CARTESIAN_POINT('',(0.32,-14.92,-2.84));
#4285 = LINE('',#4286,#4287);
#4286 = CARTESIAN_POINT('',(0.32,-14.92,-3.));
#4287 = VECTOR('',#4288,1.);
#4288 = DIRECTION('',(0.,0.,1.));
#4289 = ORIENTED_EDGE('',*,*,#4290,.F.);
#4290 = EDGE_CURVE('',#4291,#4283,#4293,.T.);
#4291 = VERTEX_POINT('',#4292);
#4292 = CARTESIAN_POINT('',(-0.32,-14.92,-2.84));
#4293 = LINE('',#4294,#4295);
#4294 = CARTESIAN_POINT('',(-0.32,-14.92,-2.84));
#4295 = VECTOR('',#4296,1.);
#4296 = DIRECTION('',(1.,0.,0.));
#4297 = ORIENTED_EDGE('',*,*,#4298,.T.);
#4298 = EDGE_CURVE('',#4291,#1312,#4299,.T.);
#4299 = LINE('',#4300,#4301);
#4300 = CARTESIAN_POINT('',(-0.32,-14.92,-3.));
#4301 = VECTOR('',#4302,1.);
#4302 = DIRECTION('',(0.,0.,1.));
#4303 = ORIENTED_EDGE('',*,*,#1309,.F.);
#4304 = PLANE('',#4305);
#4305 = AXIS2_PLACEMENT_3D('',#4306,#4307,#4308);
#4306 = CARTESIAN_POINT('',(-0.32,-14.92,-3.));
#4307 = DIRECTION('',(0.,1.,0.));
#4308 = DIRECTION('',(0.,-0.,1.));
#4309 = ADVANCED_FACE('',(#4310),#4328,.F.);
#4310 = FACE_BOUND('',#4311,.F.);
#4311 = EDGE_LOOP('',(#4312,#4320,#4326,#4327));
#4312 = ORIENTED_EDGE('',*,*,#4313,.F.);
#4313 = EDGE_CURVE('',#4314,#1328,#4316,.T.);
#4314 = VERTEX_POINT('',#4315);
#4315 = CARTESIAN_POINT('',(-0.32,-15.56,-2.84));
#4316 = LINE('',#4317,#4318);
#4317 = CARTESIAN_POINT('',(-0.32,-15.56,-3.));
#4318 = VECTOR('',#4319,1.);
#4319 = DIRECTION('',(0.,0.,1.));
#4320 = ORIENTED_EDGE('',*,*,#4321,.T.);
#4321 = EDGE_CURVE('',#4314,#4291,#4322,.T.);
#4322 = LINE('',#4323,#4324);
#4323 = CARTESIAN_POINT('',(-0.32,-15.56,-2.84));
#4324 = VECTOR('',#4325,1.);
#4325 = DIRECTION('',(0.,1.,0.));
#4326 = ORIENTED_EDGE('',*,*,#4298,.T.);
#4327 = ORIENTED_EDGE('',*,*,#1335,.F.);
#4328 = PLANE('',#4329);
#4329 = AXIS2_PLACEMENT_3D('',#4330,#4331,#4332);
#4330 = CARTESIAN_POINT('',(-0.32,-15.56,-3.));
#4331 = DIRECTION('',(1.,0.,0.));
#4332 = DIRECTION('',(0.,0.,1.));
#4333 = ADVANCED_FACE('',(#4334),#4352,.F.);
#4334 = FACE_BOUND('',#4335,.F.);
#4335 = EDGE_LOOP('',(#4336,#4344,#4350,#4351));
#4336 = ORIENTED_EDGE('',*,*,#4337,.F.);
#4337 = EDGE_CURVE('',#4338,#1320,#4340,.T.);
#4338 = VERTEX_POINT('',#4339);
#4339 = CARTESIAN_POINT('',(0.32,-15.56,-2.84));
#4340 = LINE('',#4341,#4342);
#4341 = CARTESIAN_POINT('',(0.32,-15.56,-3.));
#4342 = VECTOR('',#4343,1.);
#4343 = DIRECTION('',(0.,0.,1.));
#4344 = ORIENTED_EDGE('',*,*,#4345,.F.);
#4345 = EDGE_CURVE('',#4314,#4338,#4346,.T.);
#4346 = LINE('',#4347,#4348);
#4347 = CARTESIAN_POINT('',(-0.32,-15.56,-2.84));
#4348 = VECTOR('',#4349,1.);
#4349 = DIRECTION('',(1.,0.,0.));
#4350 = ORIENTED_EDGE('',*,*,#4313,.T.);
#4351 = ORIENTED_EDGE('',*,*,#1327,.F.);
#4352 = PLANE('',#4353);
#4353 = AXIS2_PLACEMENT_3D('',#4354,#4355,#4356);
#4354 = CARTESIAN_POINT('',(-0.32,-15.56,-3.));
#4355 = DIRECTION('',(0.,1.,0.));
#4356 = DIRECTION('',(0.,-0.,1.));
#4357 = ADVANCED_FACE('',(#4358),#4369,.T.);
#4358 = FACE_BOUND('',#4359,.T.);
#4359 = EDGE_LOOP('',(#4360,#4361,#4367,#4368));
#4360 = ORIENTED_EDGE('',*,*,#4337,.F.);
#4361 = ORIENTED_EDGE('',*,*,#4362,.T.);
#4362 = EDGE_CURVE('',#4338,#4283,#4363,.T.);
#4363 = LINE('',#4364,#4365);
#4364 = CARTESIAN_POINT('',(0.32,-15.56,-2.84));
#4365 = VECTOR('',#4366,1.);
#4366 = DIRECTION('',(0.,1.,0.));
#4367 = ORIENTED_EDGE('',*,*,#4282,.T.);
#4368 = ORIENTED_EDGE('',*,*,#1319,.F.);
#4369 = PLANE('',#4370);
#4370 = AXIS2_PLACEMENT_3D('',#4371,#4372,#4373);
#4371 = CARTESIAN_POINT('',(0.32,-15.56,-3.));
#4372 = DIRECTION('',(1.,0.,0.));
#4373 = DIRECTION('',(0.,0.,1.));
#4374 = ADVANCED_FACE('',(#4375),#4400,.T.);
#4375 = FACE_BOUND('',#4376,.T.);
#4376 = EDGE_LOOP('',(#4377,#4385,#4393,#4399));
#4377 = ORIENTED_EDGE('',*,*,#4378,.F.);
#4378 = EDGE_CURVE('',#4379,#1344,#4381,.T.);
#4379 = VERTEX_POINT('',#4380);
#4380 = CARTESIAN_POINT('',(0.32,-0.32,-2.84));
#4381 = LINE('',#4382,#4383);
#4382 = CARTESIAN_POINT('',(0.32,-0.32,-3.));
#4383 = VECTOR('',#4384,1.);
#4384 = DIRECTION('',(0.,0.,1.));
#4385 = ORIENTED_EDGE('',*,*,#4386,.T.);
#4386 = EDGE_CURVE('',#4379,#4387,#4389,.T.);
#4387 = VERTEX_POINT('',#4388);
#4388 = CARTESIAN_POINT('',(0.32,0.32,-2.84));
#4389 = LINE('',#4390,#4391);
#4390 = CARTESIAN_POINT('',(0.32,-0.32,-2.84));
#4391 = VECTOR('',#4392,1.);
#4392 = DIRECTION('',(0.,1.,0.));
#4393 = ORIENTED_EDGE('',*,*,#4394,.T.);
#4394 = EDGE_CURVE('',#4387,#1346,#4395,.T.);
#4395 = LINE('',#4396,#4397);
#4396 = CARTESIAN_POINT('',(0.32,0.32,-3.));
#4397 = VECTOR('',#4398,1.);
#4398 = DIRECTION('',(0.,0.,1.));
#4399 = ORIENTED_EDGE('',*,*,#1343,.F.);
#4400 = PLANE('',#4401);
#4401 = AXIS2_PLACEMENT_3D('',#4402,#4403,#4404);
#4402 = CARTESIAN_POINT('',(0.32,-0.32,-3.));
#4403 = DIRECTION('',(1.,0.,0.));
#4404 = DIRECTION('',(0.,0.,1.));
#4405 = ADVANCED_FACE('',(#4406),#4424,.T.);
#4406 = FACE_BOUND('',#4407,.T.);
#4407 = EDGE_LOOP('',(#4408,#4409,#4417,#4423));
#4408 = ORIENTED_EDGE('',*,*,#4394,.F.);
#4409 = ORIENTED_EDGE('',*,*,#4410,.F.);
#4410 = EDGE_CURVE('',#4411,#4387,#4413,.T.);
#4411 = VERTEX_POINT('',#4412);
#4412 = CARTESIAN_POINT('',(-0.32,0.32,-2.84));
#4413 = LINE('',#4414,#4415);
#4414 = CARTESIAN_POINT('',(-0.32,0.32,-2.84));
#4415 = VECTOR('',#4416,1.);
#4416 = DIRECTION('',(1.,0.,0.));
#4417 = ORIENTED_EDGE('',*,*,#4418,.T.);
#4418 = EDGE_CURVE('',#4411,#1362,#4419,.T.);
#4419 = LINE('',#4420,#4421);
#4420 = CARTESIAN_POINT('',(-0.32,0.32,-3.));
#4421 = VECTOR('',#4422,1.);
#4422 = DIRECTION('',(0.,0.,1.));
#4423 = ORIENTED_EDGE('',*,*,#1369,.F.);
#4424 = PLANE('',#4425);
#4425 = AXIS2_PLACEMENT_3D('',#4426,#4427,#4428);
#4426 = CARTESIAN_POINT('',(-0.32,0.32,-3.));
#4427 = DIRECTION('',(0.,1.,0.));
#4428 = DIRECTION('',(0.,-0.,1.));
#4429 = ADVANCED_FACE('',(#4430),#4448,.F.);
#4430 = FACE_BOUND('',#4431,.F.);
#4431 = EDGE_LOOP('',(#4432,#4440,#4446,#4447));
#4432 = ORIENTED_EDGE('',*,*,#4433,.F.);
#4433 = EDGE_CURVE('',#4434,#1354,#4436,.T.);
#4434 = VERTEX_POINT('',#4435);
#4435 = CARTESIAN_POINT('',(-0.32,-0.32,-2.84));
#4436 = LINE('',#4437,#4438);
#4437 = CARTESIAN_POINT('',(-0.32,-0.32,-3.));
#4438 = VECTOR('',#4439,1.);
#4439 = DIRECTION('',(0.,0.,1.));
#4440 = ORIENTED_EDGE('',*,*,#4441,.T.);
#4441 = EDGE_CURVE('',#4434,#4411,#4442,.T.);
#4442 = LINE('',#4443,#4444);
#4443 = CARTESIAN_POINT('',(-0.32,-0.32,-2.84));
#4444 = VECTOR('',#4445,1.);
#4445 = DIRECTION('',(0.,1.,0.));
#4446 = ORIENTED_EDGE('',*,*,#4418,.T.);
#4447 = ORIENTED_EDGE('',*,*,#1361,.F.);
#4448 = PLANE('',#4449);
#4449 = AXIS2_PLACEMENT_3D('',#4450,#4451,#4452);
#4450 = CARTESIAN_POINT('',(-0.32,-0.32,-3.));
#4451 = DIRECTION('',(1.,0.,0.));
#4452 = DIRECTION('',(0.,0.,1.));
#4453 = ADVANCED_FACE('',(#4454),#4465,.F.);
#4454 = FACE_BOUND('',#4455,.F.);
#4455 = EDGE_LOOP('',(#4456,#4457,#4463,#4464));
#4456 = ORIENTED_EDGE('',*,*,#4378,.F.);
#4457 = ORIENTED_EDGE('',*,*,#4458,.F.);
#4458 = EDGE_CURVE('',#4434,#4379,#4459,.T.);
#4459 = LINE('',#4460,#4461);
#4460 = CARTESIAN_POINT('',(-0.32,-0.32,-2.84));
#4461 = VECTOR('',#4462,1.);
#4462 = DIRECTION('',(1.,0.,0.));
#4463 = ORIENTED_EDGE('',*,*,#4433,.T.);
#4464 = ORIENTED_EDGE('',*,*,#1353,.F.);
#4465 = PLANE('',#4466);
#4466 = AXIS2_PLACEMENT_3D('',#4467,#4468,#4469);
#4467 = CARTESIAN_POINT('',(-0.32,-0.32,-3.));
#4468 = DIRECTION('',(0.,1.,0.));
#4469 = DIRECTION('',(0.,-0.,1.));
#4470 = ADVANCED_FACE('',(#4471),#4496,.T.);
#4471 = FACE_BOUND('',#4472,.T.);
#4472 = EDGE_LOOP('',(#4473,#4481,#4489,#4495));
#4473 = ORIENTED_EDGE('',*,*,#4474,.F.);
#4474 = EDGE_CURVE('',#4475,#1378,#4477,.T.);
#4475 = VERTEX_POINT('',#4476);
#4476 = CARTESIAN_POINT('',(0.32,-2.86,-2.84));
#4477 = LINE('',#4478,#4479);
#4478 = CARTESIAN_POINT('',(0.32,-2.86,-3.));
#4479 = VECTOR('',#4480,1.);
#4480 = DIRECTION('',(0.,0.,1.));
#4481 = ORIENTED_EDGE('',*,*,#4482,.T.);
#4482 = EDGE_CURVE('',#4475,#4483,#4485,.T.);
#4483 = VERTEX_POINT('',#4484);
#4484 = CARTESIAN_POINT('',(0.32,-2.22,-2.84));
#4485 = LINE('',#4486,#4487);
#4486 = CARTESIAN_POINT('',(0.32,-2.86,-2.84));
#4487 = VECTOR('',#4488,1.);
#4488 = DIRECTION('',(0.,1.,0.));
#4489 = ORIENTED_EDGE('',*,*,#4490,.T.);
#4490 = EDGE_CURVE('',#4483,#1380,#4491,.T.);
#4491 = LINE('',#4492,#4493);
#4492 = CARTESIAN_POINT('',(0.32,-2.22,-3.));
#4493 = VECTOR('',#4494,1.);
#4494 = DIRECTION('',(0.,0.,1.));
#4495 = ORIENTED_EDGE('',*,*,#1377,.F.);
#4496 = PLANE('',#4497);
#4497 = AXIS2_PLACEMENT_3D('',#4498,#4499,#4500);
#4498 = CARTESIAN_POINT('',(0.32,-2.86,-3.));
#4499 = DIRECTION('',(1.,0.,0.));
#4500 = DIRECTION('',(0.,0.,1.));
#4501 = ADVANCED_FACE('',(#4502),#4520,.T.);
#4502 = FACE_BOUND('',#4503,.T.);
#4503 = EDGE_LOOP('',(#4504,#4505,#4513,#4519));
#4504 = ORIENTED_EDGE('',*,*,#4490,.F.);
#4505 = ORIENTED_EDGE('',*,*,#4506,.F.);
#4506 = EDGE_CURVE('',#4507,#4483,#4509,.T.);
#4507 = VERTEX_POINT('',#4508);
#4508 = CARTESIAN_POINT('',(-0.32,-2.22,-2.84));
#4509 = LINE('',#4510,#4511);
#4510 = CARTESIAN_POINT('',(-0.32,-2.22,-2.84));
#4511 = VECTOR('',#4512,1.);
#4512 = DIRECTION('',(1.,0.,0.));
#4513 = ORIENTED_EDGE('',*,*,#4514,.T.);
#4514 = EDGE_CURVE('',#4507,#1396,#4515,.T.);
#4515 = LINE('',#4516,#4517);
#4516 = CARTESIAN_POINT('',(-0.32,-2.22,-3.));
#4517 = VECTOR('',#4518,1.);
#4518 = DIRECTION('',(0.,0.,1.));
#4519 = ORIENTED_EDGE('',*,*,#1403,.F.);
#4520 = PLANE('',#4521);
#4521 = AXIS2_PLACEMENT_3D('',#4522,#4523,#4524);
#4522 = CARTESIAN_POINT('',(-0.32,-2.22,-3.));
#4523 = DIRECTION('',(0.,1.,0.));
#4524 = DIRECTION('',(0.,-0.,1.));
#4525 = ADVANCED_FACE('',(#4526),#4544,.F.);
#4526 = FACE_BOUND('',#4527,.F.);
#4527 = EDGE_LOOP('',(#4528,#4536,#4542,#4543));
#4528 = ORIENTED_EDGE('',*,*,#4529,.F.);
#4529 = EDGE_CURVE('',#4530,#1388,#4532,.T.);
#4530 = VERTEX_POINT('',#4531);
#4531 = CARTESIAN_POINT('',(-0.32,-2.86,-2.84));
#4532 = LINE('',#4533,#4534);
#4533 = CARTESIAN_POINT('',(-0.32,-2.86,-3.));
#4534 = VECTOR('',#4535,1.);
#4535 = DIRECTION('',(0.,0.,1.));
#4536 = ORIENTED_EDGE('',*,*,#4537,.T.);
#4537 = EDGE_CURVE('',#4530,#4507,#4538,.T.);
#4538 = LINE('',#4539,#4540);
#4539 = CARTESIAN_POINT('',(-0.32,-2.86,-2.84));
#4540 = VECTOR('',#4541,1.);
#4541 = DIRECTION('',(0.,1.,0.));
#4542 = ORIENTED_EDGE('',*,*,#4514,.T.);
#4543 = ORIENTED_EDGE('',*,*,#1395,.F.);
#4544 = PLANE('',#4545);
#4545 = AXIS2_PLACEMENT_3D('',#4546,#4547,#4548);
#4546 = CARTESIAN_POINT('',(-0.32,-2.86,-3.));
#4547 = DIRECTION('',(1.,0.,0.));
#4548 = DIRECTION('',(0.,0.,1.));
#4549 = ADVANCED_FACE('',(#4550),#4561,.F.);
#4550 = FACE_BOUND('',#4551,.F.);
#4551 = EDGE_LOOP('',(#4552,#4553,#4559,#4560));
#4552 = ORIENTED_EDGE('',*,*,#4474,.F.);
#4553 = ORIENTED_EDGE('',*,*,#4554,.F.);
#4554 = EDGE_CURVE('',#4530,#4475,#4555,.T.);
#4555 = LINE('',#4556,#4557);
#4556 = CARTESIAN_POINT('',(-0.32,-2.86,-2.84));
#4557 = VECTOR('',#4558,1.);
#4558 = DIRECTION('',(1.,0.,0.));
#4559 = ORIENTED_EDGE('',*,*,#4529,.T.);
#4560 = ORIENTED_EDGE('',*,*,#1387,.F.);
#4561 = PLANE('',#4562);
#4562 = AXIS2_PLACEMENT_3D('',#4563,#4564,#4565);
#4563 = CARTESIAN_POINT('',(-0.32,-2.86,-3.));
#4564 = DIRECTION('',(0.,1.,0.));
#4565 = DIRECTION('',(0.,-0.,1.));
#4566 = ADVANCED_FACE('',(#4567),#4592,.T.);
#4567 = FACE_BOUND('',#4568,.T.);
#4568 = EDGE_LOOP('',(#4569,#4577,#4585,#4591));
#4569 = ORIENTED_EDGE('',*,*,#4570,.F.);
#4570 = EDGE_CURVE('',#4571,#1412,#4573,.T.);
#4571 = VERTEX_POINT('',#4572);
#4572 = CARTESIAN_POINT('',(0.32,-27.62,-2.84));
#4573 = LINE('',#4574,#4575);
#4574 = CARTESIAN_POINT('',(0.32,-27.62,-3.));
#4575 = VECTOR('',#4576,1.);
#4576 = DIRECTION('',(0.,0.,1.));
#4577 = ORIENTED_EDGE('',*,*,#4578,.F.);
#4578 = EDGE_CURVE('',#4579,#4571,#4581,.T.);
#4579 = VERTEX_POINT('',#4580);
#4580 = CARTESIAN_POINT('',(-0.32,-27.62,-2.84));
#4581 = LINE('',#4582,#4583);
#4582 = CARTESIAN_POINT('',(-0.32,-27.62,-2.84));
#4583 = VECTOR('',#4584,1.);
#4584 = DIRECTION('',(1.,0.,0.));
#4585 = ORIENTED_EDGE('',*,*,#4586,.T.);
#4586 = EDGE_CURVE('',#4579,#1414,#4587,.T.);
#4587 = LINE('',#4588,#4589);
#4588 = CARTESIAN_POINT('',(-0.32,-27.62,-3.));
#4589 = VECTOR('',#4590,1.);
#4590 = DIRECTION('',(0.,0.,1.));
#4591 = ORIENTED_EDGE('',*,*,#1411,.F.);
#4592 = PLANE('',#4593);
#4593 = AXIS2_PLACEMENT_3D('',#4594,#4595,#4596);
#4594 = CARTESIAN_POINT('',(-0.32,-27.62,-3.));
#4595 = DIRECTION('',(0.,1.,0.));
#4596 = DIRECTION('',(0.,-0.,1.));
#4597 = ADVANCED_FACE('',(#4598),#4616,.F.);
#4598 = FACE_BOUND('',#4599,.F.);
#4599 = EDGE_LOOP('',(#4600,#4608,#4614,#4615));
#4600 = ORIENTED_EDGE('',*,*,#4601,.F.);
#4601 = EDGE_CURVE('',#4602,#1430,#4604,.T.);
#4602 = VERTEX_POINT('',#4603);
#4603 = CARTESIAN_POINT('',(-0.32,-28.26,-2.84));
#4604 = LINE('',#4605,#4606);
#4605 = CARTESIAN_POINT('',(-0.32,-28.26,-3.));
#4606 = VECTOR('',#4607,1.);
#4607 = DIRECTION('',(0.,0.,1.));
#4608 = ORIENTED_EDGE('',*,*,#4609,.T.);
#4609 = EDGE_CURVE('',#4602,#4579,#4610,.T.);
#4610 = LINE('',#4611,#4612);
#4611 = CARTESIAN_POINT('',(-0.32,-28.26,-2.84));
#4612 = VECTOR('',#4613,1.);
#4613 = DIRECTION('',(0.,1.,0.));
#4614 = ORIENTED_EDGE('',*,*,#4586,.T.);
#4615 = ORIENTED_EDGE('',*,*,#1437,.F.);
#4616 = PLANE('',#4617);
#4617 = AXIS2_PLACEMENT_3D('',#4618,#4619,#4620);
#4618 = CARTESIAN_POINT('',(-0.32,-28.26,-3.));
#4619 = DIRECTION('',(1.,0.,0.));
#4620 = DIRECTION('',(0.,0.,1.));
#4621 = ADVANCED_FACE('',(#4622),#4640,.F.);
#4622 = FACE_BOUND('',#4623,.F.);
#4623 = EDGE_LOOP('',(#4624,#4632,#4638,#4639));
#4624 = ORIENTED_EDGE('',*,*,#4625,.F.);
#4625 = EDGE_CURVE('',#4626,#1422,#4628,.T.);
#4626 = VERTEX_POINT('',#4627);
#4627 = CARTESIAN_POINT('',(0.32,-28.26,-2.84));
#4628 = LINE('',#4629,#4630);
#4629 = CARTESIAN_POINT('',(0.32,-28.26,-3.));
#4630 = VECTOR('',#4631,1.);
#4631 = DIRECTION('',(0.,0.,1.));
#4632 = ORIENTED_EDGE('',*,*,#4633,.F.);
#4633 = EDGE_CURVE('',#4602,#4626,#4634,.T.);
#4634 = LINE('',#4635,#4636);
#4635 = CARTESIAN_POINT('',(-0.32,-28.26,-2.84));
#4636 = VECTOR('',#4637,1.);
#4637 = DIRECTION('',(1.,0.,0.));
#4638 = ORIENTED_EDGE('',*,*,#4601,.T.);
#4639 = ORIENTED_EDGE('',*,*,#1429,.F.);
#4640 = PLANE('',#4641);
#4641 = AXIS2_PLACEMENT_3D('',#4642,#4643,#4644);
#4642 = CARTESIAN_POINT('',(-0.32,-28.26,-3.));
#4643 = DIRECTION('',(0.,1.,0.));
#4644 = DIRECTION('',(0.,-0.,1.));
#4645 = ADVANCED_FACE('',(#4646),#4657,.T.);
#4646 = FACE_BOUND('',#4647,.T.);
#4647 = EDGE_LOOP('',(#4648,#4649,#4655,#4656));
#4648 = ORIENTED_EDGE('',*,*,#4625,.F.);
#4649 = ORIENTED_EDGE('',*,*,#4650,.T.);
#4650 = EDGE_CURVE('',#4626,#4571,#4651,.T.);
#4651 = LINE('',#4652,#4653);
#4652 = CARTESIAN_POINT('',(0.32,-28.26,-2.84));
#4653 = VECTOR('',#4654,1.);
#4654 = DIRECTION('',(0.,1.,0.));
#4655 = ORIENTED_EDGE('',*,*,#4570,.T.);
#4656 = ORIENTED_EDGE('',*,*,#1421,.F.);
#4657 = PLANE('',#4658);
#4658 = AXIS2_PLACEMENT_3D('',#4659,#4660,#4661);
#4659 = CARTESIAN_POINT('',(0.32,-28.26,-3.));
#4660 = DIRECTION('',(1.,0.,0.));
#4661 = DIRECTION('',(0.,0.,1.));
#4662 = ADVANCED_FACE('',(#4663),#4688,.T.);
#4663 = FACE_BOUND('',#4664,.T.);
#4664 = EDGE_LOOP('',(#4665,#4673,#4681,#4687));
#4665 = ORIENTED_EDGE('',*,*,#4666,.F.);
#4666 = EDGE_CURVE('',#4667,#1446,#4669,.T.);
#4667 = VERTEX_POINT('',#4668);
#4668 = CARTESIAN_POINT('',(0.32,-23.18,-2.84));
#4669 = LINE('',#4670,#4671);
#4670 = CARTESIAN_POINT('',(0.32,-23.18,-3.));
#4671 = VECTOR('',#4672,1.);
#4672 = DIRECTION('',(0.,0.,1.));
#4673 = ORIENTED_EDGE('',*,*,#4674,.T.);
#4674 = EDGE_CURVE('',#4667,#4675,#4677,.T.);
#4675 = VERTEX_POINT('',#4676);
#4676 = CARTESIAN_POINT('',(0.32,-22.54,-2.84));
#4677 = LINE('',#4678,#4679);
#4678 = CARTESIAN_POINT('',(0.32,-23.18,-2.84));
#4679 = VECTOR('',#4680,1.);
#4680 = DIRECTION('',(0.,1.,0.));
#4681 = ORIENTED_EDGE('',*,*,#4682,.T.);
#4682 = EDGE_CURVE('',#4675,#1448,#4683,.T.);
#4683 = LINE('',#4684,#4685);
#4684 = CARTESIAN_POINT('',(0.32,-22.54,-3.));
#4685 = VECTOR('',#4686,1.);
#4686 = DIRECTION('',(0.,0.,1.));
#4687 = ORIENTED_EDGE('',*,*,#1445,.F.);
#4688 = PLANE('',#4689);
#4689 = AXIS2_PLACEMENT_3D('',#4690,#4691,#4692);
#4690 = CARTESIAN_POINT('',(0.32,-23.18,-3.));
#4691 = DIRECTION('',(1.,0.,0.));
#4692 = DIRECTION('',(0.,0.,1.));
#4693 = ADVANCED_FACE('',(#4694),#4712,.T.);
#4694 = FACE_BOUND('',#4695,.T.);
#4695 = EDGE_LOOP('',(#4696,#4697,#4705,#4711));
#4696 = ORIENTED_EDGE('',*,*,#4682,.F.);
#4697 = ORIENTED_EDGE('',*,*,#4698,.F.);
#4698 = EDGE_CURVE('',#4699,#4675,#4701,.T.);
#4699 = VERTEX_POINT('',#4700);
#4700 = CARTESIAN_POINT('',(-0.32,-22.54,-2.84));
#4701 = LINE('',#4702,#4703);
#4702 = CARTESIAN_POINT('',(-0.32,-22.54,-2.84));
#4703 = VECTOR('',#4704,1.);
#4704 = DIRECTION('',(1.,0.,0.));
#4705 = ORIENTED_EDGE('',*,*,#4706,.T.);
#4706 = EDGE_CURVE('',#4699,#1464,#4707,.T.);
#4707 = LINE('',#4708,#4709);
#4708 = CARTESIAN_POINT('',(-0.32,-22.54,-3.));
#4709 = VECTOR('',#4710,1.);
#4710 = DIRECTION('',(0.,0.,1.));
#4711 = ORIENTED_EDGE('',*,*,#1471,.F.);
#4712 = PLANE('',#4713);
#4713 = AXIS2_PLACEMENT_3D('',#4714,#4715,#4716);
#4714 = CARTESIAN_POINT('',(-0.32,-22.54,-3.));
#4715 = DIRECTION('',(0.,1.,0.));
#4716 = DIRECTION('',(0.,-0.,1.));
#4717 = ADVANCED_FACE('',(#4718),#4736,.F.);
#4718 = FACE_BOUND('',#4719,.F.);
#4719 = EDGE_LOOP('',(#4720,#4728,#4734,#4735));
#4720 = ORIENTED_EDGE('',*,*,#4721,.F.);
#4721 = EDGE_CURVE('',#4722,#1456,#4724,.T.);
#4722 = VERTEX_POINT('',#4723);
#4723 = CARTESIAN_POINT('',(-0.32,-23.18,-2.84));
#4724 = LINE('',#4725,#4726);
#4725 = CARTESIAN_POINT('',(-0.32,-23.18,-3.));
#4726 = VECTOR('',#4727,1.);
#4727 = DIRECTION('',(0.,0.,1.));
#4728 = ORIENTED_EDGE('',*,*,#4729,.T.);
#4729 = EDGE_CURVE('',#4722,#4699,#4730,.T.);
#4730 = LINE('',#4731,#4732);
#4731 = CARTESIAN_POINT('',(-0.32,-23.18,-2.84));
#4732 = VECTOR('',#4733,1.);
#4733 = DIRECTION('',(0.,1.,0.));
#4734 = ORIENTED_EDGE('',*,*,#4706,.T.);
#4735 = ORIENTED_EDGE('',*,*,#1463,.F.);
#4736 = PLANE('',#4737);
#4737 = AXIS2_PLACEMENT_3D('',#4738,#4739,#4740);
#4738 = CARTESIAN_POINT('',(-0.32,-23.18,-3.));
#4739 = DIRECTION('',(1.,0.,0.));
#4740 = DIRECTION('',(0.,0.,1.));
#4741 = ADVANCED_FACE('',(#4742),#4753,.F.);
#4742 = FACE_BOUND('',#4743,.F.);
#4743 = EDGE_LOOP('',(#4744,#4745,#4751,#4752));
#4744 = ORIENTED_EDGE('',*,*,#4666,.F.);
#4745 = ORIENTED_EDGE('',*,*,#4746,.F.);
#4746 = EDGE_CURVE('',#4722,#4667,#4747,.T.);
#4747 = LINE('',#4748,#4749);
#4748 = CARTESIAN_POINT('',(-0.32,-23.18,-2.84));
#4749 = VECTOR('',#4750,1.);
#4750 = DIRECTION('',(1.,0.,0.));
#4751 = ORIENTED_EDGE('',*,*,#4721,.T.);
#4752 = ORIENTED_EDGE('',*,*,#1455,.F.);
#4753 = PLANE('',#4754);
#4754 = AXIS2_PLACEMENT_3D('',#4755,#4756,#4757);
#4755 = CARTESIAN_POINT('',(-0.32,-23.18,-3.));
#4756 = DIRECTION('',(0.,1.,0.));
#4757 = DIRECTION('',(0.,-0.,1.));
#4758 = ADVANCED_FACE('',(#4759),#4784,.T.);
#4759 = FACE_BOUND('',#4760,.T.);
#4760 = EDGE_LOOP('',(#4761,#4769,#4777,#4783));
#4761 = ORIENTED_EDGE('',*,*,#4762,.F.);
#4762 = EDGE_CURVE('',#4763,#1480,#4765,.T.);
#4763 = VERTEX_POINT('',#4764);
#4764 = CARTESIAN_POINT('',(0.32,-25.72,-2.84));
#4765 = LINE('',#4766,#4767);
#4766 = CARTESIAN_POINT('',(0.32,-25.72,-3.));
#4767 = VECTOR('',#4768,1.);
#4768 = DIRECTION('',(0.,0.,1.));
#4769 = ORIENTED_EDGE('',*,*,#4770,.T.);
#4770 = EDGE_CURVE('',#4763,#4771,#4773,.T.);
#4771 = VERTEX_POINT('',#4772);
#4772 = CARTESIAN_POINT('',(0.32,-25.08,-2.84));
#4773 = LINE('',#4774,#4775);
#4774 = CARTESIAN_POINT('',(0.32,-25.72,-2.84));
#4775 = VECTOR('',#4776,1.);
#4776 = DIRECTION('',(0.,1.,0.));
#4777 = ORIENTED_EDGE('',*,*,#4778,.T.);
#4778 = EDGE_CURVE('',#4771,#1482,#4779,.T.);
#4779 = LINE('',#4780,#4781);
#4780 = CARTESIAN_POINT('',(0.32,-25.08,-3.));
#4781 = VECTOR('',#4782,1.);
#4782 = DIRECTION('',(0.,0.,1.));
#4783 = ORIENTED_EDGE('',*,*,#1479,.F.);
#4784 = PLANE('',#4785);
#4785 = AXIS2_PLACEMENT_3D('',#4786,#4787,#4788);
#4786 = CARTESIAN_POINT('',(0.32,-25.72,-3.));
#4787 = DIRECTION('',(1.,0.,0.));
#4788 = DIRECTION('',(0.,0.,1.));
#4789 = ADVANCED_FACE('',(#4790),#4808,.T.);
#4790 = FACE_BOUND('',#4791,.T.);
#4791 = EDGE_LOOP('',(#4792,#4793,#4801,#4807));
#4792 = ORIENTED_EDGE('',*,*,#4778,.F.);
#4793 = ORIENTED_EDGE('',*,*,#4794,.F.);
#4794 = EDGE_CURVE('',#4795,#4771,#4797,.T.);
#4795 = VERTEX_POINT('',#4796);
#4796 = CARTESIAN_POINT('',(-0.32,-25.08,-2.84));
#4797 = LINE('',#4798,#4799);
#4798 = CARTESIAN_POINT('',(-0.32,-25.08,-2.84));
#4799 = VECTOR('',#4800,1.);
#4800 = DIRECTION('',(1.,0.,0.));
#4801 = ORIENTED_EDGE('',*,*,#4802,.T.);
#4802 = EDGE_CURVE('',#4795,#1498,#4803,.T.);
#4803 = LINE('',#4804,#4805);
#4804 = CARTESIAN_POINT('',(-0.32,-25.08,-3.));
#4805 = VECTOR('',#4806,1.);
#4806 = DIRECTION('',(0.,0.,1.));
#4807 = ORIENTED_EDGE('',*,*,#1505,.F.);
#4808 = PLANE('',#4809);
#4809 = AXIS2_PLACEMENT_3D('',#4810,#4811,#4812);
#4810 = CARTESIAN_POINT('',(-0.32,-25.08,-3.));
#4811 = DIRECTION('',(0.,1.,0.));
#4812 = DIRECTION('',(0.,-0.,1.));
#4813 = ADVANCED_FACE('',(#4814),#4832,.F.);
#4814 = FACE_BOUND('',#4815,.F.);
#4815 = EDGE_LOOP('',(#4816,#4824,#4830,#4831));
#4816 = ORIENTED_EDGE('',*,*,#4817,.F.);
#4817 = EDGE_CURVE('',#4818,#1490,#4820,.T.);
#4818 = VERTEX_POINT('',#4819);
#4819 = CARTESIAN_POINT('',(-0.32,-25.72,-2.84));
#4820 = LINE('',#4821,#4822);
#4821 = CARTESIAN_POINT('',(-0.32,-25.72,-3.));
#4822 = VECTOR('',#4823,1.);
#4823 = DIRECTION('',(0.,0.,1.));
#4824 = ORIENTED_EDGE('',*,*,#4825,.T.);
#4825 = EDGE_CURVE('',#4818,#4795,#4826,.T.);
#4826 = LINE('',#4827,#4828);
#4827 = CARTESIAN_POINT('',(-0.32,-25.72,-2.84));
#4828 = VECTOR('',#4829,1.);
#4829 = DIRECTION('',(0.,1.,0.));
#4830 = ORIENTED_EDGE('',*,*,#4802,.T.);
#4831 = ORIENTED_EDGE('',*,*,#1497,.F.);
#4832 = PLANE('',#4833);
#4833 = AXIS2_PLACEMENT_3D('',#4834,#4835,#4836);
#4834 = CARTESIAN_POINT('',(-0.32,-25.72,-3.));
#4835 = DIRECTION('',(1.,0.,0.));
#4836 = DIRECTION('',(0.,0.,1.));
#4837 = ADVANCED_FACE('',(#4838),#4849,.F.);
#4838 = FACE_BOUND('',#4839,.F.);
#4839 = EDGE_LOOP('',(#4840,#4841,#4847,#4848));
#4840 = ORIENTED_EDGE('',*,*,#4762,.F.);
#4841 = ORIENTED_EDGE('',*,*,#4842,.F.);
#4842 = EDGE_CURVE('',#4818,#4763,#4843,.T.);
#4843 = LINE('',#4844,#4845);
#4844 = CARTESIAN_POINT('',(-0.32,-25.72,-2.84));
#4845 = VECTOR('',#4846,1.);
#4846 = DIRECTION('',(1.,0.,0.));
#4847 = ORIENTED_EDGE('',*,*,#4817,.T.);
#4848 = ORIENTED_EDGE('',*,*,#1489,.F.);
#4849 = PLANE('',#4850);
#4850 = AXIS2_PLACEMENT_3D('',#4851,#4852,#4853);
#4851 = CARTESIAN_POINT('',(-0.32,-25.72,-3.));
#4852 = DIRECTION('',(0.,1.,0.));
#4853 = DIRECTION('',(0.,-0.,1.));
#4854 = ADVANCED_FACE('',(#4855),#4880,.T.);
#4855 = FACE_BOUND('',#4856,.T.);
#4856 = EDGE_LOOP('',(#4857,#4865,#4866,#4874));
#4857 = ORIENTED_EDGE('',*,*,#4858,.F.);
#4858 = EDGE_CURVE('',#2091,#4859,#4861,.T.);
#4859 = VERTEX_POINT('',#4860);
#4860 = CARTESIAN_POINT('',(0.32,-5.4,8.38));
#4861 = LINE('',#4862,#4863);
#4862 = CARTESIAN_POINT('',(0.32,-5.4,-3.));
#4863 = VECTOR('',#4864,1.);
#4864 = DIRECTION('',(0.,0.,1.));
#4865 = ORIENTED_EDGE('',*,*,#2090,.T.);
#4866 = ORIENTED_EDGE('',*,*,#4867,.T.);
#4867 = EDGE_CURVE('',#2093,#4868,#4870,.T.);
#4868 = VERTEX_POINT('',#4869);
#4869 = CARTESIAN_POINT('',(0.32,-4.76,8.38));
#4870 = LINE('',#4871,#4872);
#4871 = CARTESIAN_POINT('',(0.32,-4.76,-3.));
#4872 = VECTOR('',#4873,1.);
#4873 = DIRECTION('',(0.,0.,1.));
#4874 = ORIENTED_EDGE('',*,*,#4875,.F.);
#4875 = EDGE_CURVE('',#4859,#4868,#4876,.T.);
#4876 = LINE('',#4877,#4878);
#4877 = CARTESIAN_POINT('',(0.32,-5.4,8.38));
#4878 = VECTOR('',#4879,1.);
#4879 = DIRECTION('',(0.,1.,0.));
#4880 = PLANE('',#4881);
#4881 = AXIS2_PLACEMENT_3D('',#4882,#4883,#4884);
#4882 = CARTESIAN_POINT('',(0.32,-5.4,-3.));
#4883 = DIRECTION('',(1.,0.,0.));
#4884 = DIRECTION('',(0.,0.,1.));
#4885 = ADVANCED_FACE('',(#4886),#4904,.T.);
#4886 = FACE_BOUND('',#4887,.T.);
#4887 = EDGE_LOOP('',(#4888,#4889,#4890,#4898));
#4888 = ORIENTED_EDGE('',*,*,#4867,.F.);
#4889 = ORIENTED_EDGE('',*,*,#2116,.T.);
#4890 = ORIENTED_EDGE('',*,*,#4891,.T.);
#4891 = EDGE_CURVE('',#2109,#4892,#4894,.T.);
#4892 = VERTEX_POINT('',#4893);
#4893 = CARTESIAN_POINT('',(-0.32,-4.76,8.38));
#4894 = LINE('',#4895,#4896);
#4895 = CARTESIAN_POINT('',(-0.32,-4.76,-3.));
#4896 = VECTOR('',#4897,1.);
#4897 = DIRECTION('',(0.,0.,1.));
#4898 = ORIENTED_EDGE('',*,*,#4899,.T.);
#4899 = EDGE_CURVE('',#4892,#4868,#4900,.T.);
#4900 = LINE('',#4901,#4902);
#4901 = CARTESIAN_POINT('',(-0.32,-4.76,8.38));
#4902 = VECTOR('',#4903,1.);
#4903 = DIRECTION('',(1.,0.,0.));
#4904 = PLANE('',#4905);
#4905 = AXIS2_PLACEMENT_3D('',#4906,#4907,#4908);
#4906 = CARTESIAN_POINT('',(-0.32,-4.76,-3.));
#4907 = DIRECTION('',(0.,1.,0.));
#4908 = DIRECTION('',(0.,-0.,1.));
#4909 = ADVANCED_FACE('',(#4910),#4928,.F.);
#4910 = FACE_BOUND('',#4911,.F.);
#4911 = EDGE_LOOP('',(#4912,#4920,#4921,#4922));
#4912 = ORIENTED_EDGE('',*,*,#4913,.F.);
#4913 = EDGE_CURVE('',#2101,#4914,#4916,.T.);
#4914 = VERTEX_POINT('',#4915);
#4915 = CARTESIAN_POINT('',(-0.32,-5.4,8.38));
#4916 = LINE('',#4917,#4918);
#4917 = CARTESIAN_POINT('',(-0.32,-5.4,-3.));
#4918 = VECTOR('',#4919,1.);
#4919 = DIRECTION('',(0.,0.,1.));
#4920 = ORIENTED_EDGE('',*,*,#2108,.T.);
#4921 = ORIENTED_EDGE('',*,*,#4891,.T.);
#4922 = ORIENTED_EDGE('',*,*,#4923,.F.);
#4923 = EDGE_CURVE('',#4914,#4892,#4924,.T.);
#4924 = LINE('',#4925,#4926);
#4925 = CARTESIAN_POINT('',(-0.32,-5.4,8.38));
#4926 = VECTOR('',#4927,1.);
#4927 = DIRECTION('',(0.,1.,0.));
#4928 = PLANE('',#4929);
#4929 = AXIS2_PLACEMENT_3D('',#4930,#4931,#4932);
#4930 = CARTESIAN_POINT('',(-0.32,-5.4,-3.));
#4931 = DIRECTION('',(1.,0.,0.));
#4932 = DIRECTION('',(0.,0.,1.));
#4933 = ADVANCED_FACE('',(#4934),#4945,.F.);
#4934 = FACE_BOUND('',#4935,.F.);
#4935 = EDGE_LOOP('',(#4936,#4937,#4938,#4939));
#4936 = ORIENTED_EDGE('',*,*,#4858,.F.);
#4937 = ORIENTED_EDGE('',*,*,#2100,.T.);
#4938 = ORIENTED_EDGE('',*,*,#4913,.T.);
#4939 = ORIENTED_EDGE('',*,*,#4940,.T.);
#4940 = EDGE_CURVE('',#4914,#4859,#4941,.T.);
#4941 = LINE('',#4942,#4943);
#4942 = CARTESIAN_POINT('',(-0.32,-5.4,8.38));
#4943 = VECTOR('',#4944,1.);
#4944 = DIRECTION('',(1.,0.,0.));
#4945 = PLANE('',#4946);
#4946 = AXIS2_PLACEMENT_3D('',#4947,#4948,#4949);
#4947 = CARTESIAN_POINT('',(-0.32,-5.4,-3.));
#4948 = DIRECTION('',(0.,1.,0.));
#4949 = DIRECTION('',(0.,-0.,1.));
#4950 = ADVANCED_FACE('',(#4951),#4976,.F.);
#4951 = FACE_BOUND('',#4952,.F.);
#4952 = EDGE_LOOP('',(#4953,#4961,#4962,#4970));
#4953 = ORIENTED_EDGE('',*,*,#4954,.F.);
#4954 = EDGE_CURVE('',#2125,#4955,#4957,.T.);
#4955 = VERTEX_POINT('',#4956);
#4956 = CARTESIAN_POINT('',(0.32,-7.94,8.38));
#4957 = LINE('',#4958,#4959);
#4958 = CARTESIAN_POINT('',(0.32,-7.94,-3.));
#4959 = VECTOR('',#4960,1.);
#4960 = DIRECTION('',(0.,0.,1.));
#4961 = ORIENTED_EDGE('',*,*,#2124,.T.);
#4962 = ORIENTED_EDGE('',*,*,#4963,.T.);
#4963 = EDGE_CURVE('',#2127,#4964,#4966,.T.);
#4964 = VERTEX_POINT('',#4965);
#4965 = CARTESIAN_POINT('',(-0.32,-7.94,8.38));
#4966 = LINE('',#4967,#4968);
#4967 = CARTESIAN_POINT('',(-0.32,-7.94,-3.));
#4968 = VECTOR('',#4969,1.);
#4969 = DIRECTION('',(0.,0.,1.));
#4970 = ORIENTED_EDGE('',*,*,#4971,.T.);
#4971 = EDGE_CURVE('',#4964,#4955,#4972,.T.);
#4972 = LINE('',#4973,#4974);
#4973 = CARTESIAN_POINT('',(-0.32,-7.94,8.38));
#4974 = VECTOR('',#4975,1.);
#4975 = DIRECTION('',(1.,0.,0.));
#4976 = PLANE('',#4977);
#4977 = AXIS2_PLACEMENT_3D('',#4978,#4979,#4980);
#4978 = CARTESIAN_POINT('',(-0.32,-7.94,-3.));
#4979 = DIRECTION('',(0.,1.,0.));
#4980 = DIRECTION('',(0.,-0.,1.));
#4981 = ADVANCED_FACE('',(#4982),#5000,.T.);
#4982 = FACE_BOUND('',#4983,.T.);
#4983 = EDGE_LOOP('',(#4984,#4985,#4986,#4994));
#4984 = ORIENTED_EDGE('',*,*,#4954,.F.);
#4985 = ORIENTED_EDGE('',*,*,#2150,.T.);
#4986 = ORIENTED_EDGE('',*,*,#4987,.T.);
#4987 = EDGE_CURVE('',#2143,#4988,#4990,.T.);
#4988 = VERTEX_POINT('',#4989);
#4989 = CARTESIAN_POINT('',(0.32,-7.3,8.38));
#4990 = LINE('',#4991,#4992);
#4991 = CARTESIAN_POINT('',(0.32,-7.3,-3.));
#4992 = VECTOR('',#4993,1.);
#4993 = DIRECTION('',(0.,0.,1.));
#4994 = ORIENTED_EDGE('',*,*,#4995,.F.);
#4995 = EDGE_CURVE('',#4955,#4988,#4996,.T.);
#4996 = LINE('',#4997,#4998);
#4997 = CARTESIAN_POINT('',(0.32,-7.94,8.38));
#4998 = VECTOR('',#4999,1.);
#4999 = DIRECTION('',(0.,1.,0.));
#5000 = PLANE('',#5001);
#5001 = AXIS2_PLACEMENT_3D('',#5002,#5003,#5004);
#5002 = CARTESIAN_POINT('',(0.32,-7.94,-3.));
#5003 = DIRECTION('',(1.,0.,0.));
#5004 = DIRECTION('',(0.,0.,1.));
#5005 = ADVANCED_FACE('',(#5006),#5024,.T.);
#5006 = FACE_BOUND('',#5007,.T.);
#5007 = EDGE_LOOP('',(#5008,#5009,#5010,#5018));
#5008 = ORIENTED_EDGE('',*,*,#4987,.F.);
#5009 = ORIENTED_EDGE('',*,*,#2142,.T.);
#5010 = ORIENTED_EDGE('',*,*,#5011,.T.);
#5011 = EDGE_CURVE('',#2135,#5012,#5014,.T.);
#5012 = VERTEX_POINT('',#5013);
#5013 = CARTESIAN_POINT('',(-0.32,-7.3,8.38));
#5014 = LINE('',#5015,#5016);
#5015 = CARTESIAN_POINT('',(-0.32,-7.3,-3.));
#5016 = VECTOR('',#5017,1.);
#5017 = DIRECTION('',(0.,0.,1.));
#5018 = ORIENTED_EDGE('',*,*,#5019,.T.);
#5019 = EDGE_CURVE('',#5012,#4988,#5020,.T.);
#5020 = LINE('',#5021,#5022);
#5021 = CARTESIAN_POINT('',(-0.32,-7.3,8.38));
#5022 = VECTOR('',#5023,1.);
#5023 = DIRECTION('',(1.,0.,0.));
#5024 = PLANE('',#5025);
#5025 = AXIS2_PLACEMENT_3D('',#5026,#5027,#5028);
#5026 = CARTESIAN_POINT('',(-0.32,-7.3,-3.));
#5027 = DIRECTION('',(0.,1.,0.));
#5028 = DIRECTION('',(0.,-0.,1.));
#5029 = ADVANCED_FACE('',(#5030),#5041,.F.);
#5030 = FACE_BOUND('',#5031,.F.);
#5031 = EDGE_LOOP('',(#5032,#5033,#5034,#5035));
#5032 = ORIENTED_EDGE('',*,*,#4963,.F.);
#5033 = ORIENTED_EDGE('',*,*,#2134,.T.);
#5034 = ORIENTED_EDGE('',*,*,#5011,.T.);
#5035 = ORIENTED_EDGE('',*,*,#5036,.F.);
#5036 = EDGE_CURVE('',#4964,#5012,#5037,.T.);
#5037 = LINE('',#5038,#5039);
#5038 = CARTESIAN_POINT('',(-0.32,-7.94,8.38));
#5039 = VECTOR('',#5040,1.);
#5040 = DIRECTION('',(0.,1.,0.));
#5041 = PLANE('',#5042);
#5042 = AXIS2_PLACEMENT_3D('',#5043,#5044,#5045);
#5043 = CARTESIAN_POINT('',(-0.32,-7.94,-3.));
#5044 = DIRECTION('',(1.,0.,0.));
#5045 = DIRECTION('',(0.,0.,1.));
#5046 = ADVANCED_FACE('',(#5047),#5072,.F.);
#5047 = FACE_BOUND('',#5048,.F.);
#5048 = EDGE_LOOP('',(#5049,#5057,#5058,#5066));
#5049 = ORIENTED_EDGE('',*,*,#5050,.F.);
#5050 = EDGE_CURVE('',#2159,#5051,#5053,.T.);
#5051 = VERTEX_POINT('',#5052);
#5052 = CARTESIAN_POINT('',(0.32,-13.02,8.38));
#5053 = LINE('',#5054,#5055);
#5054 = CARTESIAN_POINT('',(0.32,-13.02,-3.));
#5055 = VECTOR('',#5056,1.);
#5056 = DIRECTION('',(0.,0.,1.));
#5057 = ORIENTED_EDGE('',*,*,#2158,.T.);
#5058 = ORIENTED_EDGE('',*,*,#5059,.T.);
#5059 = EDGE_CURVE('',#2161,#5060,#5062,.T.);
#5060 = VERTEX_POINT('',#5061);
#5061 = CARTESIAN_POINT('',(-0.32,-13.02,8.38));
#5062 = LINE('',#5063,#5064);
#5063 = CARTESIAN_POINT('',(-0.32,-13.02,-3.));
#5064 = VECTOR('',#5065,1.);
#5065 = DIRECTION('',(0.,0.,1.));
#5066 = ORIENTED_EDGE('',*,*,#5067,.T.);
#5067 = EDGE_CURVE('',#5060,#5051,#5068,.T.);
#5068 = LINE('',#5069,#5070);
#5069 = CARTESIAN_POINT('',(-0.32,-13.02,8.38));
#5070 = VECTOR('',#5071,1.);
#5071 = DIRECTION('',(1.,0.,0.));
#5072 = PLANE('',#5073);
#5073 = AXIS2_PLACEMENT_3D('',#5074,#5075,#5076);
#5074 = CARTESIAN_POINT('',(-0.32,-13.02,-3.));
#5075 = DIRECTION('',(0.,1.,0.));
#5076 = DIRECTION('',(0.,-0.,1.));
#5077 = ADVANCED_FACE('',(#5078),#5096,.T.);
#5078 = FACE_BOUND('',#5079,.T.);
#5079 = EDGE_LOOP('',(#5080,#5081,#5082,#5090));
#5080 = ORIENTED_EDGE('',*,*,#5050,.F.);
#5081 = ORIENTED_EDGE('',*,*,#2184,.T.);
#5082 = ORIENTED_EDGE('',*,*,#5083,.T.);
#5083 = EDGE_CURVE('',#2177,#5084,#5086,.T.);
#5084 = VERTEX_POINT('',#5085);
#5085 = CARTESIAN_POINT('',(0.32,-12.38,8.38));
#5086 = LINE('',#5087,#5088);
#5087 = CARTESIAN_POINT('',(0.32,-12.38,-3.));
#5088 = VECTOR('',#5089,1.);
#5089 = DIRECTION('',(0.,0.,1.));
#5090 = ORIENTED_EDGE('',*,*,#5091,.F.);
#5091 = EDGE_CURVE('',#5051,#5084,#5092,.T.);
#5092 = LINE('',#5093,#5094);
#5093 = CARTESIAN_POINT('',(0.32,-13.02,8.38));
#5094 = VECTOR('',#5095,1.);
#5095 = DIRECTION('',(0.,1.,0.));
#5096 = PLANE('',#5097);
#5097 = AXIS2_PLACEMENT_3D('',#5098,#5099,#5100);
#5098 = CARTESIAN_POINT('',(0.32,-13.02,-3.));
#5099 = DIRECTION('',(1.,0.,0.));
#5100 = DIRECTION('',(0.,0.,1.));
#5101 = ADVANCED_FACE('',(#5102),#5120,.T.);
#5102 = FACE_BOUND('',#5103,.T.);
#5103 = EDGE_LOOP('',(#5104,#5105,#5106,#5114));
#5104 = ORIENTED_EDGE('',*,*,#5083,.F.);
#5105 = ORIENTED_EDGE('',*,*,#2176,.T.);
#5106 = ORIENTED_EDGE('',*,*,#5107,.T.);
#5107 = EDGE_CURVE('',#2169,#5108,#5110,.T.);
#5108 = VERTEX_POINT('',#5109);
#5109 = CARTESIAN_POINT('',(-0.32,-12.38,8.38));
#5110 = LINE('',#5111,#5112);
#5111 = CARTESIAN_POINT('',(-0.32,-12.38,-3.));
#5112 = VECTOR('',#5113,1.);
#5113 = DIRECTION('',(0.,0.,1.));
#5114 = ORIENTED_EDGE('',*,*,#5115,.T.);
#5115 = EDGE_CURVE('',#5108,#5084,#5116,.T.);
#5116 = LINE('',#5117,#5118);
#5117 = CARTESIAN_POINT('',(-0.32,-12.38,8.38));
#5118 = VECTOR('',#5119,1.);
#5119 = DIRECTION('',(1.,0.,0.));
#5120 = PLANE('',#5121);
#5121 = AXIS2_PLACEMENT_3D('',#5122,#5123,#5124);
#5122 = CARTESIAN_POINT('',(-0.32,-12.38,-3.));
#5123 = DIRECTION('',(0.,1.,0.));
#5124 = DIRECTION('',(0.,-0.,1.));
#5125 = ADVANCED_FACE('',(#5126),#5137,.F.);
#5126 = FACE_BOUND('',#5127,.F.);
#5127 = EDGE_LOOP('',(#5128,#5129,#5130,#5131));
#5128 = ORIENTED_EDGE('',*,*,#5059,.F.);
#5129 = ORIENTED_EDGE('',*,*,#2168,.T.);
#5130 = ORIENTED_EDGE('',*,*,#5107,.T.);
#5131 = ORIENTED_EDGE('',*,*,#5132,.F.);
#5132 = EDGE_CURVE('',#5060,#5108,#5133,.T.);
#5133 = LINE('',#5134,#5135);
#5134 = CARTESIAN_POINT('',(-0.32,-13.02,8.38));
#5135 = VECTOR('',#5136,1.);
#5136 = DIRECTION('',(0.,1.,0.));
#5137 = PLANE('',#5138);
#5138 = AXIS2_PLACEMENT_3D('',#5139,#5140,#5141);
#5139 = CARTESIAN_POINT('',(-0.32,-13.02,-3.));
#5140 = DIRECTION('',(1.,0.,0.));
#5141 = DIRECTION('',(0.,0.,1.));
#5142 = ADVANCED_FACE('',(#5143),#5168,.T.);
#5143 = FACE_BOUND('',#5144,.T.);
#5144 = EDGE_LOOP('',(#5145,#5153,#5154,#5162));
#5145 = ORIENTED_EDGE('',*,*,#5146,.F.);
#5146 = EDGE_CURVE('',#2193,#5147,#5149,.T.);
#5147 = VERTEX_POINT('',#5148);
#5148 = CARTESIAN_POINT('',(0.32,-10.48,8.38));
#5149 = LINE('',#5150,#5151);
#5150 = CARTESIAN_POINT('',(0.32,-10.48,-3.));
#5151 = VECTOR('',#5152,1.);
#5152 = DIRECTION('',(0.,0.,1.));
#5153 = ORIENTED_EDGE('',*,*,#2192,.T.);
#5154 = ORIENTED_EDGE('',*,*,#5155,.T.);
#5155 = EDGE_CURVE('',#2195,#5156,#5158,.T.);
#5156 = VERTEX_POINT('',#5157);
#5157 = CARTESIAN_POINT('',(0.32,-9.84,8.38));
#5158 = LINE('',#5159,#5160);
#5159 = CARTESIAN_POINT('',(0.32,-9.84,-3.));
#5160 = VECTOR('',#5161,1.);
#5161 = DIRECTION('',(0.,0.,1.));
#5162 = ORIENTED_EDGE('',*,*,#5163,.F.);
#5163 = EDGE_CURVE('',#5147,#5156,#5164,.T.);
#5164 = LINE('',#5165,#5166);
#5165 = CARTESIAN_POINT('',(0.32,-10.48,8.38));
#5166 = VECTOR('',#5167,1.);
#5167 = DIRECTION('',(0.,1.,0.));
#5168 = PLANE('',#5169);
#5169 = AXIS2_PLACEMENT_3D('',#5170,#5171,#5172);
#5170 = CARTESIAN_POINT('',(0.32,-10.48,-3.));
#5171 = DIRECTION('',(1.,0.,0.));
#5172 = DIRECTION('',(0.,0.,1.));
#5173 = ADVANCED_FACE('',(#5174),#5192,.T.);
#5174 = FACE_BOUND('',#5175,.T.);
#5175 = EDGE_LOOP('',(#5176,#5177,#5178,#5186));
#5176 = ORIENTED_EDGE('',*,*,#5155,.F.);
#5177 = ORIENTED_EDGE('',*,*,#2218,.T.);
#5178 = ORIENTED_EDGE('',*,*,#5179,.T.);
#5179 = EDGE_CURVE('',#2211,#5180,#5182,.T.);
#5180 = VERTEX_POINT('',#5181);
#5181 = CARTESIAN_POINT('',(-0.32,-9.84,8.38));
#5182 = LINE('',#5183,#5184);
#5183 = CARTESIAN_POINT('',(-0.32,-9.84,-3.));
#5184 = VECTOR('',#5185,1.);
#5185 = DIRECTION('',(0.,0.,1.));
#5186 = ORIENTED_EDGE('',*,*,#5187,.T.);
#5187 = EDGE_CURVE('',#5180,#5156,#5188,.T.);
#5188 = LINE('',#5189,#5190);
#5189 = CARTESIAN_POINT('',(-0.32,-9.84,8.38));
#5190 = VECTOR('',#5191,1.);
#5191 = DIRECTION('',(1.,0.,0.));
#5192 = PLANE('',#5193);
#5193 = AXIS2_PLACEMENT_3D('',#5194,#5195,#5196);
#5194 = CARTESIAN_POINT('',(-0.32,-9.84,-3.));
#5195 = DIRECTION('',(0.,1.,0.));
#5196 = DIRECTION('',(0.,-0.,1.));
#5197 = ADVANCED_FACE('',(#5198),#5216,.F.);
#5198 = FACE_BOUND('',#5199,.F.);
#5199 = EDGE_LOOP('',(#5200,#5208,#5209,#5210));
#5200 = ORIENTED_EDGE('',*,*,#5201,.F.);
#5201 = EDGE_CURVE('',#2203,#5202,#5204,.T.);
#5202 = VERTEX_POINT('',#5203);
#5203 = CARTESIAN_POINT('',(-0.32,-10.48,8.38));
#5204 = LINE('',#5205,#5206);
#5205 = CARTESIAN_POINT('',(-0.32,-10.48,-3.));
#5206 = VECTOR('',#5207,1.);
#5207 = DIRECTION('',(0.,0.,1.));
#5208 = ORIENTED_EDGE('',*,*,#2210,.T.);
#5209 = ORIENTED_EDGE('',*,*,#5179,.T.);
#5210 = ORIENTED_EDGE('',*,*,#5211,.F.);
#5211 = EDGE_CURVE('',#5202,#5180,#5212,.T.);
#5212 = LINE('',#5213,#5214);
#5213 = CARTESIAN_POINT('',(-0.32,-10.48,8.38));
#5214 = VECTOR('',#5215,1.);
#5215 = DIRECTION('',(0.,1.,0.));
#5216 = PLANE('',#5217);
#5217 = AXIS2_PLACEMENT_3D('',#5218,#5219,#5220);
#5218 = CARTESIAN_POINT('',(-0.32,-10.48,-3.));
#5219 = DIRECTION('',(1.,0.,0.));
#5220 = DIRECTION('',(0.,0.,1.));
#5221 = ADVANCED_FACE('',(#5222),#5233,.F.);
#5222 = FACE_BOUND('',#5223,.F.);
#5223 = EDGE_LOOP('',(#5224,#5225,#5226,#5227));
#5224 = ORIENTED_EDGE('',*,*,#5146,.F.);
#5225 = ORIENTED_EDGE('',*,*,#2202,.T.);
#5226 = ORIENTED_EDGE('',*,*,#5201,.T.);
#5227 = ORIENTED_EDGE('',*,*,#5228,.T.);
#5228 = EDGE_CURVE('',#5202,#5147,#5229,.T.);
#5229 = LINE('',#5230,#5231);
#5230 = CARTESIAN_POINT('',(-0.32,-10.48,8.38));
#5231 = VECTOR('',#5232,1.);
#5232 = DIRECTION('',(1.,0.,0.));
#5233 = PLANE('',#5234);
#5234 = AXIS2_PLACEMENT_3D('',#5235,#5236,#5237);
#5235 = CARTESIAN_POINT('',(-0.32,-10.48,-3.));
#5236 = DIRECTION('',(0.,1.,0.));
#5237 = DIRECTION('',(0.,-0.,1.));
#5238 = ADVANCED_FACE('',(#5239),#5264,.T.);
#5239 = FACE_BOUND('',#5240,.T.);
#5240 = EDGE_LOOP('',(#5241,#5249,#5250,#5258));
#5241 = ORIENTED_EDGE('',*,*,#5242,.F.);
#5242 = EDGE_CURVE('',#2227,#5243,#5245,.T.);
#5243 = VERTEX_POINT('',#5244);
#5244 = CARTESIAN_POINT('',(0.32,-20.,8.38));
#5245 = LINE('',#5246,#5247);
#5246 = CARTESIAN_POINT('',(0.32,-20.,-3.));
#5247 = VECTOR('',#5248,1.);
#5248 = DIRECTION('',(0.,0.,1.));
#5249 = ORIENTED_EDGE('',*,*,#2226,.T.);
#5250 = ORIENTED_EDGE('',*,*,#5251,.T.);
#5251 = EDGE_CURVE('',#2229,#5252,#5254,.T.);
#5252 = VERTEX_POINT('',#5253);
#5253 = CARTESIAN_POINT('',(-0.32,-20.,8.38));
#5254 = LINE('',#5255,#5256);
#5255 = CARTESIAN_POINT('',(-0.32,-20.,-3.));
#5256 = VECTOR('',#5257,1.);
#5257 = DIRECTION('',(0.,0.,1.));
#5258 = ORIENTED_EDGE('',*,*,#5259,.T.);
#5259 = EDGE_CURVE('',#5252,#5243,#5260,.T.);
#5260 = LINE('',#5261,#5262);
#5261 = CARTESIAN_POINT('',(-0.32,-20.,8.38));
#5262 = VECTOR('',#5263,1.);
#5263 = DIRECTION('',(1.,0.,0.));
#5264 = PLANE('',#5265);
#5265 = AXIS2_PLACEMENT_3D('',#5266,#5267,#5268);
#5266 = CARTESIAN_POINT('',(-0.32,-20.,-3.));
#5267 = DIRECTION('',(0.,1.,0.));
#5268 = DIRECTION('',(0.,-0.,1.));
#5269 = ADVANCED_FACE('',(#5270),#5288,.F.);
#5270 = FACE_BOUND('',#5271,.F.);
#5271 = EDGE_LOOP('',(#5272,#5280,#5281,#5282));
#5272 = ORIENTED_EDGE('',*,*,#5273,.F.);
#5273 = EDGE_CURVE('',#2245,#5274,#5276,.T.);
#5274 = VERTEX_POINT('',#5275);
#5275 = CARTESIAN_POINT('',(-0.32,-20.64,8.38));
#5276 = LINE('',#5277,#5278);
#5277 = CARTESIAN_POINT('',(-0.32,-20.64,-3.));
#5278 = VECTOR('',#5279,1.);
#5279 = DIRECTION('',(0.,0.,1.));
#5280 = ORIENTED_EDGE('',*,*,#2252,.T.);
#5281 = ORIENTED_EDGE('',*,*,#5251,.T.);
#5282 = ORIENTED_EDGE('',*,*,#5283,.F.);
#5283 = EDGE_CURVE('',#5274,#5252,#5284,.T.);
#5284 = LINE('',#5285,#5286);
#5285 = CARTESIAN_POINT('',(-0.32,-20.64,8.38));
#5286 = VECTOR('',#5287,1.);
#5287 = DIRECTION('',(0.,1.,0.));
#5288 = PLANE('',#5289);
#5289 = AXIS2_PLACEMENT_3D('',#5290,#5291,#5292);
#5290 = CARTESIAN_POINT('',(-0.32,-20.64,-3.));
#5291 = DIRECTION('',(1.,0.,0.));
#5292 = DIRECTION('',(0.,0.,1.));
#5293 = ADVANCED_FACE('',(#5294),#5312,.F.);
#5294 = FACE_BOUND('',#5295,.F.);
#5295 = EDGE_LOOP('',(#5296,#5304,#5305,#5306));
#5296 = ORIENTED_EDGE('',*,*,#5297,.F.);
#5297 = EDGE_CURVE('',#2237,#5298,#5300,.T.);
#5298 = VERTEX_POINT('',#5299);
#5299 = CARTESIAN_POINT('',(0.32,-20.64,8.38));
#5300 = LINE('',#5301,#5302);
#5301 = CARTESIAN_POINT('',(0.32,-20.64,-3.));
#5302 = VECTOR('',#5303,1.);
#5303 = DIRECTION('',(0.,0.,1.));
#5304 = ORIENTED_EDGE('',*,*,#2244,.T.);
#5305 = ORIENTED_EDGE('',*,*,#5273,.T.);
#5306 = ORIENTED_EDGE('',*,*,#5307,.T.);
#5307 = EDGE_CURVE('',#5274,#5298,#5308,.T.);
#5308 = LINE('',#5309,#5310);
#5309 = CARTESIAN_POINT('',(-0.32,-20.64,8.38));
#5310 = VECTOR('',#5311,1.);
#5311 = DIRECTION('',(1.,0.,0.));
#5312 = PLANE('',#5313);
#5313 = AXIS2_PLACEMENT_3D('',#5314,#5315,#5316);
#5314 = CARTESIAN_POINT('',(-0.32,-20.64,-3.));
#5315 = DIRECTION('',(0.,1.,0.));
#5316 = DIRECTION('',(0.,-0.,1.));
#5317 = ADVANCED_FACE('',(#5318),#5329,.T.);
#5318 = FACE_BOUND('',#5319,.T.);
#5319 = EDGE_LOOP('',(#5320,#5321,#5322,#5323));
#5320 = ORIENTED_EDGE('',*,*,#5297,.F.);
#5321 = ORIENTED_EDGE('',*,*,#2236,.T.);
#5322 = ORIENTED_EDGE('',*,*,#5242,.T.);
#5323 = ORIENTED_EDGE('',*,*,#5324,.F.);
#5324 = EDGE_CURVE('',#5298,#5243,#5325,.T.);
#5325 = LINE('',#5326,#5327);
#5326 = CARTESIAN_POINT('',(0.32,-20.64,8.38));
#5327 = VECTOR('',#5328,1.);
#5328 = DIRECTION('',(0.,1.,0.));
#5329 = PLANE('',#5330);
#5330 = AXIS2_PLACEMENT_3D('',#5331,#5332,#5333);
#5331 = CARTESIAN_POINT('',(0.32,-20.64,-3.));
#5332 = DIRECTION('',(1.,0.,0.));
#5333 = DIRECTION('',(0.,0.,1.));
#5334 = ADVANCED_FACE('',(#5335),#5360,.T.);
#5335 = FACE_BOUND('',#5336,.T.);
#5336 = EDGE_LOOP('',(#5337,#5345,#5346,#5354));
#5337 = ORIENTED_EDGE('',*,*,#5338,.F.);
#5338 = EDGE_CURVE('',#2261,#5339,#5341,.T.);
#5339 = VERTEX_POINT('',#5340);
#5340 = CARTESIAN_POINT('',(0.32,-18.1,8.38));
#5341 = LINE('',#5342,#5343);
#5342 = CARTESIAN_POINT('',(0.32,-18.1,-3.));
#5343 = VECTOR('',#5344,1.);
#5344 = DIRECTION('',(0.,0.,1.));
#5345 = ORIENTED_EDGE('',*,*,#2260,.T.);
#5346 = ORIENTED_EDGE('',*,*,#5347,.T.);
#5347 = EDGE_CURVE('',#2263,#5348,#5350,.T.);
#5348 = VERTEX_POINT('',#5349);
#5349 = CARTESIAN_POINT('',(0.32,-17.46,8.38));
#5350 = LINE('',#5351,#5352);
#5351 = CARTESIAN_POINT('',(0.32,-17.46,-3.));
#5352 = VECTOR('',#5353,1.);
#5353 = DIRECTION('',(0.,0.,1.));
#5354 = ORIENTED_EDGE('',*,*,#5355,.F.);
#5355 = EDGE_CURVE('',#5339,#5348,#5356,.T.);
#5356 = LINE('',#5357,#5358);
#5357 = CARTESIAN_POINT('',(0.32,-18.1,8.38));
#5358 = VECTOR('',#5359,1.);
#5359 = DIRECTION('',(0.,1.,0.));
#5360 = PLANE('',#5361);
#5361 = AXIS2_PLACEMENT_3D('',#5362,#5363,#5364);
#5362 = CARTESIAN_POINT('',(0.32,-18.1,-3.));
#5363 = DIRECTION('',(1.,0.,0.));
#5364 = DIRECTION('',(0.,0.,1.));
#5365 = ADVANCED_FACE('',(#5366),#5384,.T.);
#5366 = FACE_BOUND('',#5367,.T.);
#5367 = EDGE_LOOP('',(#5368,#5369,#5370,#5378));
#5368 = ORIENTED_EDGE('',*,*,#5347,.F.);
#5369 = ORIENTED_EDGE('',*,*,#2286,.T.);
#5370 = ORIENTED_EDGE('',*,*,#5371,.T.);
#5371 = EDGE_CURVE('',#2279,#5372,#5374,.T.);
#5372 = VERTEX_POINT('',#5373);
#5373 = CARTESIAN_POINT('',(-0.32,-17.46,8.38));
#5374 = LINE('',#5375,#5376);
#5375 = CARTESIAN_POINT('',(-0.32,-17.46,-3.));
#5376 = VECTOR('',#5377,1.);
#5377 = DIRECTION('',(0.,0.,1.));
#5378 = ORIENTED_EDGE('',*,*,#5379,.T.);
#5379 = EDGE_CURVE('',#5372,#5348,#5380,.T.);
#5380 = LINE('',#5381,#5382);
#5381 = CARTESIAN_POINT('',(-0.32,-17.46,8.38));
#5382 = VECTOR('',#5383,1.);
#5383 = DIRECTION('',(1.,0.,0.));
#5384 = PLANE('',#5385);
#5385 = AXIS2_PLACEMENT_3D('',#5386,#5387,#5388);
#5386 = CARTESIAN_POINT('',(-0.32,-17.46,-3.));
#5387 = DIRECTION('',(0.,1.,0.));
#5388 = DIRECTION('',(0.,-0.,1.));
#5389 = ADVANCED_FACE('',(#5390),#5408,.F.);
#5390 = FACE_BOUND('',#5391,.F.);
#5391 = EDGE_LOOP('',(#5392,#5400,#5401,#5402));
#5392 = ORIENTED_EDGE('',*,*,#5393,.F.);
#5393 = EDGE_CURVE('',#2271,#5394,#5396,.T.);
#5394 = VERTEX_POINT('',#5395);
#5395 = CARTESIAN_POINT('',(-0.32,-18.1,8.38));
#5396 = LINE('',#5397,#5398);
#5397 = CARTESIAN_POINT('',(-0.32,-18.1,-3.));
#5398 = VECTOR('',#5399,1.);
#5399 = DIRECTION('',(0.,0.,1.));
#5400 = ORIENTED_EDGE('',*,*,#2278,.T.);
#5401 = ORIENTED_EDGE('',*,*,#5371,.T.);
#5402 = ORIENTED_EDGE('',*,*,#5403,.F.);
#5403 = EDGE_CURVE('',#5394,#5372,#5404,.T.);
#5404 = LINE('',#5405,#5406);
#5405 = CARTESIAN_POINT('',(-0.32,-18.1,8.38));
#5406 = VECTOR('',#5407,1.);
#5407 = DIRECTION('',(0.,1.,0.));
#5408 = PLANE('',#5409);
#5409 = AXIS2_PLACEMENT_3D('',#5410,#5411,#5412);
#5410 = CARTESIAN_POINT('',(-0.32,-18.1,-3.));
#5411 = DIRECTION('',(1.,0.,0.));
#5412 = DIRECTION('',(0.,0.,1.));
#5413 = ADVANCED_FACE('',(#5414),#5425,.F.);
#5414 = FACE_BOUND('',#5415,.F.);
#5415 = EDGE_LOOP('',(#5416,#5417,#5418,#5419));
#5416 = ORIENTED_EDGE('',*,*,#5338,.F.);
#5417 = ORIENTED_EDGE('',*,*,#2270,.T.);
#5418 = ORIENTED_EDGE('',*,*,#5393,.T.);
#5419 = ORIENTED_EDGE('',*,*,#5420,.T.);
#5420 = EDGE_CURVE('',#5394,#5339,#5421,.T.);
#5421 = LINE('',#5422,#5423);
#5422 = CARTESIAN_POINT('',(-0.32,-18.1,8.38));
#5423 = VECTOR('',#5424,1.);
#5424 = DIRECTION('',(1.,0.,0.));
#5425 = PLANE('',#5426);
#5426 = AXIS2_PLACEMENT_3D('',#5427,#5428,#5429);
#5427 = CARTESIAN_POINT('',(-0.32,-18.1,-3.));
#5428 = DIRECTION('',(0.,1.,0.));
#5429 = DIRECTION('',(0.,-0.,1.));
#5430 = ADVANCED_FACE('',(#5431),#5456,.T.);
#5431 = FACE_BOUND('',#5432,.T.);
#5432 = EDGE_LOOP('',(#5433,#5441,#5442,#5450));
#5433 = ORIENTED_EDGE('',*,*,#5434,.F.);
#5434 = EDGE_CURVE('',#2295,#5435,#5437,.T.);
#5435 = VERTEX_POINT('',#5436);
#5436 = CARTESIAN_POINT('',(0.32,-14.92,8.38));
#5437 = LINE('',#5438,#5439);
#5438 = CARTESIAN_POINT('',(0.32,-14.92,-3.));
#5439 = VECTOR('',#5440,1.);
#5440 = DIRECTION('',(0.,0.,1.));
#5441 = ORIENTED_EDGE('',*,*,#2294,.T.);
#5442 = ORIENTED_EDGE('',*,*,#5443,.T.);
#5443 = EDGE_CURVE('',#2297,#5444,#5446,.T.);
#5444 = VERTEX_POINT('',#5445);
#5445 = CARTESIAN_POINT('',(-0.32,-14.92,8.38));
#5446 = LINE('',#5447,#5448);
#5447 = CARTESIAN_POINT('',(-0.32,-14.92,-3.));
#5448 = VECTOR('',#5449,1.);
#5449 = DIRECTION('',(0.,0.,1.));
#5450 = ORIENTED_EDGE('',*,*,#5451,.T.);
#5451 = EDGE_CURVE('',#5444,#5435,#5452,.T.);
#5452 = LINE('',#5453,#5454);
#5453 = CARTESIAN_POINT('',(-0.32,-14.92,8.38));
#5454 = VECTOR('',#5455,1.);
#5455 = DIRECTION('',(1.,0.,0.));
#5456 = PLANE('',#5457);
#5457 = AXIS2_PLACEMENT_3D('',#5458,#5459,#5460);
#5458 = CARTESIAN_POINT('',(-0.32,-14.92,-3.));
#5459 = DIRECTION('',(0.,1.,0.));
#5460 = DIRECTION('',(0.,-0.,1.));
#5461 = ADVANCED_FACE('',(#5462),#5480,.F.);
#5462 = FACE_BOUND('',#5463,.F.);
#5463 = EDGE_LOOP('',(#5464,#5472,#5473,#5474));
#5464 = ORIENTED_EDGE('',*,*,#5465,.F.);
#5465 = EDGE_CURVE('',#2313,#5466,#5468,.T.);
#5466 = VERTEX_POINT('',#5467);
#5467 = CARTESIAN_POINT('',(-0.32,-15.56,8.38));
#5468 = LINE('',#5469,#5470);
#5469 = CARTESIAN_POINT('',(-0.32,-15.56,-3.));
#5470 = VECTOR('',#5471,1.);
#5471 = DIRECTION('',(0.,0.,1.));
#5472 = ORIENTED_EDGE('',*,*,#2320,.T.);
#5473 = ORIENTED_EDGE('',*,*,#5443,.T.);
#5474 = ORIENTED_EDGE('',*,*,#5475,.F.);
#5475 = EDGE_CURVE('',#5466,#5444,#5476,.T.);
#5476 = LINE('',#5477,#5478);
#5477 = CARTESIAN_POINT('',(-0.32,-15.56,8.38));
#5478 = VECTOR('',#5479,1.);
#5479 = DIRECTION('',(0.,1.,0.));
#5480 = PLANE('',#5481);
#5481 = AXIS2_PLACEMENT_3D('',#5482,#5483,#5484);
#5482 = CARTESIAN_POINT('',(-0.32,-15.56,-3.));
#5483 = DIRECTION('',(1.,0.,0.));
#5484 = DIRECTION('',(0.,0.,1.));
#5485 = ADVANCED_FACE('',(#5486),#5504,.F.);
#5486 = FACE_BOUND('',#5487,.F.);
#5487 = EDGE_LOOP('',(#5488,#5496,#5497,#5498));
#5488 = ORIENTED_EDGE('',*,*,#5489,.F.);
#5489 = EDGE_CURVE('',#2305,#5490,#5492,.T.);
#5490 = VERTEX_POINT('',#5491);
#5491 = CARTESIAN_POINT('',(0.32,-15.56,8.38));
#5492 = LINE('',#5493,#5494);
#5493 = CARTESIAN_POINT('',(0.32,-15.56,-3.));
#5494 = VECTOR('',#5495,1.);
#5495 = DIRECTION('',(0.,0.,1.));
#5496 = ORIENTED_EDGE('',*,*,#2312,.T.);
#5497 = ORIENTED_EDGE('',*,*,#5465,.T.);
#5498 = ORIENTED_EDGE('',*,*,#5499,.T.);
#5499 = EDGE_CURVE('',#5466,#5490,#5500,.T.);
#5500 = LINE('',#5501,#5502);
#5501 = CARTESIAN_POINT('',(-0.32,-15.56,8.38));
#5502 = VECTOR('',#5503,1.);
#5503 = DIRECTION('',(1.,0.,0.));
#5504 = PLANE('',#5505);
#5505 = AXIS2_PLACEMENT_3D('',#5506,#5507,#5508);
#5506 = CARTESIAN_POINT('',(-0.32,-15.56,-3.));
#5507 = DIRECTION('',(0.,1.,0.));
#5508 = DIRECTION('',(0.,-0.,1.));
#5509 = ADVANCED_FACE('',(#5510),#5521,.T.);
#5510 = FACE_BOUND('',#5511,.T.);
#5511 = EDGE_LOOP('',(#5512,#5513,#5514,#5515));
#5512 = ORIENTED_EDGE('',*,*,#5489,.F.);
#5513 = ORIENTED_EDGE('',*,*,#2304,.T.);
#5514 = ORIENTED_EDGE('',*,*,#5434,.T.);
#5515 = ORIENTED_EDGE('',*,*,#5516,.F.);
#5516 = EDGE_CURVE('',#5490,#5435,#5517,.T.);
#5517 = LINE('',#5518,#5519);
#5518 = CARTESIAN_POINT('',(0.32,-15.56,8.38));
#5519 = VECTOR('',#5520,1.);
#5520 = DIRECTION('',(0.,1.,0.));
#5521 = PLANE('',#5522);
#5522 = AXIS2_PLACEMENT_3D('',#5523,#5524,#5525);
#5523 = CARTESIAN_POINT('',(0.32,-15.56,-3.));
#5524 = DIRECTION('',(1.,0.,0.));
#5525 = DIRECTION('',(0.,0.,1.));
#5526 = ADVANCED_FACE('',(#5527),#5552,.T.);
#5527 = FACE_BOUND('',#5528,.T.);
#5528 = EDGE_LOOP('',(#5529,#5537,#5538,#5546));
#5529 = ORIENTED_EDGE('',*,*,#5530,.F.);
#5530 = EDGE_CURVE('',#2329,#5531,#5533,.T.);
#5531 = VERTEX_POINT('',#5532);
#5532 = CARTESIAN_POINT('',(0.32,-0.32,8.38));
#5533 = LINE('',#5534,#5535);
#5534 = CARTESIAN_POINT('',(0.32,-0.32,-3.));
#5535 = VECTOR('',#5536,1.);
#5536 = DIRECTION('',(0.,0.,1.));
#5537 = ORIENTED_EDGE('',*,*,#2328,.T.);
#5538 = ORIENTED_EDGE('',*,*,#5539,.T.);
#5539 = EDGE_CURVE('',#2331,#5540,#5542,.T.);
#5540 = VERTEX_POINT('',#5541);
#5541 = CARTESIAN_POINT('',(0.32,0.32,8.38));
#5542 = LINE('',#5543,#5544);
#5543 = CARTESIAN_POINT('',(0.32,0.32,-3.));
#5544 = VECTOR('',#5545,1.);
#5545 = DIRECTION('',(0.,0.,1.));
#5546 = ORIENTED_EDGE('',*,*,#5547,.F.);
#5547 = EDGE_CURVE('',#5531,#5540,#5548,.T.);
#5548 = LINE('',#5549,#5550);
#5549 = CARTESIAN_POINT('',(0.32,-0.32,8.38));
#5550 = VECTOR('',#5551,1.);
#5551 = DIRECTION('',(0.,1.,0.));
#5552 = PLANE('',#5553);
#5553 = AXIS2_PLACEMENT_3D('',#5554,#5555,#5556);
#5554 = CARTESIAN_POINT('',(0.32,-0.32,-3.));
#5555 = DIRECTION('',(1.,0.,0.));
#5556 = DIRECTION('',(0.,0.,1.));
#5557 = ADVANCED_FACE('',(#5558),#5576,.T.);
#5558 = FACE_BOUND('',#5559,.T.);
#5559 = EDGE_LOOP('',(#5560,#5561,#5562,#5570));
#5560 = ORIENTED_EDGE('',*,*,#5539,.F.);
#5561 = ORIENTED_EDGE('',*,*,#2354,.T.);
#5562 = ORIENTED_EDGE('',*,*,#5563,.T.);
#5563 = EDGE_CURVE('',#2347,#5564,#5566,.T.);
#5564 = VERTEX_POINT('',#5565);
#5565 = CARTESIAN_POINT('',(-0.32,0.32,8.38));
#5566 = LINE('',#5567,#5568);
#5567 = CARTESIAN_POINT('',(-0.32,0.32,-3.));
#5568 = VECTOR('',#5569,1.);
#5569 = DIRECTION('',(0.,0.,1.));
#5570 = ORIENTED_EDGE('',*,*,#5571,.T.);
#5571 = EDGE_CURVE('',#5564,#5540,#5572,.T.);
#5572 = LINE('',#5573,#5574);
#5573 = CARTESIAN_POINT('',(-0.32,0.32,8.38));
#5574 = VECTOR('',#5575,1.);
#5575 = DIRECTION('',(1.,0.,0.));
#5576 = PLANE('',#5577);
#5577 = AXIS2_PLACEMENT_3D('',#5578,#5579,#5580);
#5578 = CARTESIAN_POINT('',(-0.32,0.32,-3.));
#5579 = DIRECTION('',(0.,1.,0.));
#5580 = DIRECTION('',(0.,-0.,1.));
#5581 = ADVANCED_FACE('',(#5582),#5600,.F.);
#5582 = FACE_BOUND('',#5583,.F.);
#5583 = EDGE_LOOP('',(#5584,#5592,#5593,#5594));
#5584 = ORIENTED_EDGE('',*,*,#5585,.F.);
#5585 = EDGE_CURVE('',#2339,#5586,#5588,.T.);
#5586 = VERTEX_POINT('',#5587);
#5587 = CARTESIAN_POINT('',(-0.32,-0.32,8.38));
#5588 = LINE('',#5589,#5590);
#5589 = CARTESIAN_POINT('',(-0.32,-0.32,-3.));
#5590 = VECTOR('',#5591,1.);
#5591 = DIRECTION('',(0.,0.,1.));
#5592 = ORIENTED_EDGE('',*,*,#2346,.T.);
#5593 = ORIENTED_EDGE('',*,*,#5563,.T.);
#5594 = ORIENTED_EDGE('',*,*,#5595,.F.);
#5595 = EDGE_CURVE('',#5586,#5564,#5596,.T.);
#5596 = LINE('',#5597,#5598);
#5597 = CARTESIAN_POINT('',(-0.32,-0.32,8.38));
#5598 = VECTOR('',#5599,1.);
#5599 = DIRECTION('',(0.,1.,0.));
#5600 = PLANE('',#5601);
#5601 = AXIS2_PLACEMENT_3D('',#5602,#5603,#5604);
#5602 = CARTESIAN_POINT('',(-0.32,-0.32,-3.));
#5603 = DIRECTION('',(1.,0.,0.));
#5604 = DIRECTION('',(0.,0.,1.));
#5605 = ADVANCED_FACE('',(#5606),#5617,.F.);
#5606 = FACE_BOUND('',#5607,.F.);
#5607 = EDGE_LOOP('',(#5608,#5609,#5610,#5611));
#5608 = ORIENTED_EDGE('',*,*,#5530,.F.);
#5609 = ORIENTED_EDGE('',*,*,#2338,.T.);
#5610 = ORIENTED_EDGE('',*,*,#5585,.T.);
#5611 = ORIENTED_EDGE('',*,*,#5612,.T.);
#5612 = EDGE_CURVE('',#5586,#5531,#5613,.T.);
#5613 = LINE('',#5614,#5615);
#5614 = CARTESIAN_POINT('',(-0.32,-0.32,8.38));
#5615 = VECTOR('',#5616,1.);
#5616 = DIRECTION('',(1.,0.,0.));
#5617 = PLANE('',#5618);
#5618 = AXIS2_PLACEMENT_3D('',#5619,#5620,#5621);
#5619 = CARTESIAN_POINT('',(-0.32,-0.32,-3.));
#5620 = DIRECTION('',(0.,1.,0.));
#5621 = DIRECTION('',(0.,-0.,1.));
#5622 = ADVANCED_FACE('',(#5623),#5648,.T.);
#5623 = FACE_BOUND('',#5624,.T.);
#5624 = EDGE_LOOP('',(#5625,#5633,#5634,#5642));
#5625 = ORIENTED_EDGE('',*,*,#5626,.F.);
#5626 = EDGE_CURVE('',#2363,#5627,#5629,.T.);
#5627 = VERTEX_POINT('',#5628);
#5628 = CARTESIAN_POINT('',(0.32,-2.86,8.38));
#5629 = LINE('',#5630,#5631);
#5630 = CARTESIAN_POINT('',(0.32,-2.86,-3.));
#5631 = VECTOR('',#5632,1.);
#5632 = DIRECTION('',(0.,0.,1.));
#5633 = ORIENTED_EDGE('',*,*,#2362,.T.);
#5634 = ORIENTED_EDGE('',*,*,#5635,.T.);
#5635 = EDGE_CURVE('',#2365,#5636,#5638,.T.);
#5636 = VERTEX_POINT('',#5637);
#5637 = CARTESIAN_POINT('',(0.32,-2.22,8.38));
#5638 = LINE('',#5639,#5640);
#5639 = CARTESIAN_POINT('',(0.32,-2.22,-3.));
#5640 = VECTOR('',#5641,1.);
#5641 = DIRECTION('',(0.,0.,1.));
#5642 = ORIENTED_EDGE('',*,*,#5643,.F.);
#5643 = EDGE_CURVE('',#5627,#5636,#5644,.T.);
#5644 = LINE('',#5645,#5646);
#5645 = CARTESIAN_POINT('',(0.32,-2.86,8.38));
#5646 = VECTOR('',#5647,1.);
#5647 = DIRECTION('',(0.,1.,0.));
#5648 = PLANE('',#5649);
#5649 = AXIS2_PLACEMENT_3D('',#5650,#5651,#5652);
#5650 = CARTESIAN_POINT('',(0.32,-2.86,-3.));
#5651 = DIRECTION('',(1.,0.,0.));
#5652 = DIRECTION('',(0.,0.,1.));
#5653 = ADVANCED_FACE('',(#5654),#5672,.T.);
#5654 = FACE_BOUND('',#5655,.T.);
#5655 = EDGE_LOOP('',(#5656,#5657,#5658,#5666));
#5656 = ORIENTED_EDGE('',*,*,#5635,.F.);
#5657 = ORIENTED_EDGE('',*,*,#2388,.T.);
#5658 = ORIENTED_EDGE('',*,*,#5659,.T.);
#5659 = EDGE_CURVE('',#2381,#5660,#5662,.T.);
#5660 = VERTEX_POINT('',#5661);
#5661 = CARTESIAN_POINT('',(-0.32,-2.22,8.38));
#5662 = LINE('',#5663,#5664);
#5663 = CARTESIAN_POINT('',(-0.32,-2.22,-3.));
#5664 = VECTOR('',#5665,1.);
#5665 = DIRECTION('',(0.,0.,1.));
#5666 = ORIENTED_EDGE('',*,*,#5667,.T.);
#5667 = EDGE_CURVE('',#5660,#5636,#5668,.T.);
#5668 = LINE('',#5669,#5670);
#5669 = CARTESIAN_POINT('',(-0.32,-2.22,8.38));
#5670 = VECTOR('',#5671,1.);
#5671 = DIRECTION('',(1.,0.,0.));
#5672 = PLANE('',#5673);
#5673 = AXIS2_PLACEMENT_3D('',#5674,#5675,#5676);
#5674 = CARTESIAN_POINT('',(-0.32,-2.22,-3.));
#5675 = DIRECTION('',(0.,1.,0.));
#5676 = DIRECTION('',(0.,-0.,1.));
#5677 = ADVANCED_FACE('',(#5678),#5696,.F.);
#5678 = FACE_BOUND('',#5679,.F.);
#5679 = EDGE_LOOP('',(#5680,#5688,#5689,#5690));
#5680 = ORIENTED_EDGE('',*,*,#5681,.F.);
#5681 = EDGE_CURVE('',#2373,#5682,#5684,.T.);
#5682 = VERTEX_POINT('',#5683);
#5683 = CARTESIAN_POINT('',(-0.32,-2.86,8.38));
#5684 = LINE('',#5685,#5686);
#5685 = CARTESIAN_POINT('',(-0.32,-2.86,-3.));
#5686 = VECTOR('',#5687,1.);
#5687 = DIRECTION('',(0.,0.,1.));
#5688 = ORIENTED_EDGE('',*,*,#2380,.T.);
#5689 = ORIENTED_EDGE('',*,*,#5659,.T.);
#5690 = ORIENTED_EDGE('',*,*,#5691,.F.);
#5691 = EDGE_CURVE('',#5682,#5660,#5692,.T.);
#5692 = LINE('',#5693,#5694);
#5693 = CARTESIAN_POINT('',(-0.32,-2.86,8.38));
#5694 = VECTOR('',#5695,1.);
#5695 = DIRECTION('',(0.,1.,0.));
#5696 = PLANE('',#5697);
#5697 = AXIS2_PLACEMENT_3D('',#5698,#5699,#5700);
#5698 = CARTESIAN_POINT('',(-0.32,-2.86,-3.));
#5699 = DIRECTION('',(1.,0.,0.));
#5700 = DIRECTION('',(0.,0.,1.));
#5701 = ADVANCED_FACE('',(#5702),#5713,.F.);
#5702 = FACE_BOUND('',#5703,.F.);
#5703 = EDGE_LOOP('',(#5704,#5705,#5706,#5707));
#5704 = ORIENTED_EDGE('',*,*,#5626,.F.);
#5705 = ORIENTED_EDGE('',*,*,#2372,.T.);
#5706 = ORIENTED_EDGE('',*,*,#5681,.T.);
#5707 = ORIENTED_EDGE('',*,*,#5708,.T.);
#5708 = EDGE_CURVE('',#5682,#5627,#5709,.T.);
#5709 = LINE('',#5710,#5711);
#5710 = CARTESIAN_POINT('',(-0.32,-2.86,8.38));
#5711 = VECTOR('',#5712,1.);
#5712 = DIRECTION('',(1.,0.,0.));
#5713 = PLANE('',#5714);
#5714 = AXIS2_PLACEMENT_3D('',#5715,#5716,#5717);
#5715 = CARTESIAN_POINT('',(-0.32,-2.86,-3.));
#5716 = DIRECTION('',(0.,1.,0.));
#5717 = DIRECTION('',(0.,-0.,1.));
#5718 = ADVANCED_FACE('',(#5719),#5744,.T.);
#5719 = FACE_BOUND('',#5720,.T.);
#5720 = EDGE_LOOP('',(#5721,#5729,#5730,#5738));
#5721 = ORIENTED_EDGE('',*,*,#5722,.F.);
#5722 = EDGE_CURVE('',#2397,#5723,#5725,.T.);
#5723 = VERTEX_POINT('',#5724);
#5724 = CARTESIAN_POINT('',(0.32,-27.62,8.38));
#5725 = LINE('',#5726,#5727);
#5726 = CARTESIAN_POINT('',(0.32,-27.62,-3.));
#5727 = VECTOR('',#5728,1.);
#5728 = DIRECTION('',(0.,0.,1.));
#5729 = ORIENTED_EDGE('',*,*,#2396,.T.);
#5730 = ORIENTED_EDGE('',*,*,#5731,.T.);
#5731 = EDGE_CURVE('',#2399,#5732,#5734,.T.);
#5732 = VERTEX_POINT('',#5733);
#5733 = CARTESIAN_POINT('',(-0.32,-27.62,8.38));
#5734 = LINE('',#5735,#5736);
#5735 = CARTESIAN_POINT('',(-0.32,-27.62,-3.));
#5736 = VECTOR('',#5737,1.);
#5737 = DIRECTION('',(0.,0.,1.));
#5738 = ORIENTED_EDGE('',*,*,#5739,.T.);
#5739 = EDGE_CURVE('',#5732,#5723,#5740,.T.);
#5740 = LINE('',#5741,#5742);
#5741 = CARTESIAN_POINT('',(-0.32,-27.62,8.38));
#5742 = VECTOR('',#5743,1.);
#5743 = DIRECTION('',(1.,0.,0.));
#5744 = PLANE('',#5745);
#5745 = AXIS2_PLACEMENT_3D('',#5746,#5747,#5748);
#5746 = CARTESIAN_POINT('',(-0.32,-27.62,-3.));
#5747 = DIRECTION('',(0.,1.,0.));
#5748 = DIRECTION('',(0.,-0.,1.));
#5749 = ADVANCED_FACE('',(#5750),#5768,.F.);
#5750 = FACE_BOUND('',#5751,.F.);
#5751 = EDGE_LOOP('',(#5752,#5760,#5761,#5762));
#5752 = ORIENTED_EDGE('',*,*,#5753,.F.);
#5753 = EDGE_CURVE('',#2415,#5754,#5756,.T.);
#5754 = VERTEX_POINT('',#5755);
#5755 = CARTESIAN_POINT('',(-0.32,-28.26,8.38));
#5756 = LINE('',#5757,#5758);
#5757 = CARTESIAN_POINT('',(-0.32,-28.26,-3.));
#5758 = VECTOR('',#5759,1.);
#5759 = DIRECTION('',(0.,0.,1.));
#5760 = ORIENTED_EDGE('',*,*,#2422,.T.);
#5761 = ORIENTED_EDGE('',*,*,#5731,.T.);
#5762 = ORIENTED_EDGE('',*,*,#5763,.F.);
#5763 = EDGE_CURVE('',#5754,#5732,#5764,.T.);
#5764 = LINE('',#5765,#5766);
#5765 = CARTESIAN_POINT('',(-0.32,-28.26,8.38));
#5766 = VECTOR('',#5767,1.);
#5767 = DIRECTION('',(0.,1.,0.));
#5768 = PLANE('',#5769);
#5769 = AXIS2_PLACEMENT_3D('',#5770,#5771,#5772);
#5770 = CARTESIAN_POINT('',(-0.32,-28.26,-3.));
#5771 = DIRECTION('',(1.,0.,0.));
#5772 = DIRECTION('',(0.,0.,1.));
#5773 = ADVANCED_FACE('',(#5774),#5792,.F.);
#5774 = FACE_BOUND('',#5775,.F.);
#5775 = EDGE_LOOP('',(#5776,#5784,#5785,#5786));
#5776 = ORIENTED_EDGE('',*,*,#5777,.F.);
#5777 = EDGE_CURVE('',#2407,#5778,#5780,.T.);
#5778 = VERTEX_POINT('',#5779);
#5779 = CARTESIAN_POINT('',(0.32,-28.26,8.38));
#5780 = LINE('',#5781,#5782);
#5781 = CARTESIAN_POINT('',(0.32,-28.26,-3.));
#5782 = VECTOR('',#5783,1.);
#5783 = DIRECTION('',(0.,0.,1.));
#5784 = ORIENTED_EDGE('',*,*,#2414,.T.);
#5785 = ORIENTED_EDGE('',*,*,#5753,.T.);
#5786 = ORIENTED_EDGE('',*,*,#5787,.T.);
#5787 = EDGE_CURVE('',#5754,#5778,#5788,.T.);
#5788 = LINE('',#5789,#5790);
#5789 = CARTESIAN_POINT('',(-0.32,-28.26,8.38));
#5790 = VECTOR('',#5791,1.);
#5791 = DIRECTION('',(1.,0.,0.));
#5792 = PLANE('',#5793);
#5793 = AXIS2_PLACEMENT_3D('',#5794,#5795,#5796);
#5794 = CARTESIAN_POINT('',(-0.32,-28.26,-3.));
#5795 = DIRECTION('',(0.,1.,0.));
#5796 = DIRECTION('',(0.,-0.,1.));
#5797 = ADVANCED_FACE('',(#5798),#5809,.T.);
#5798 = FACE_BOUND('',#5799,.T.);
#5799 = EDGE_LOOP('',(#5800,#5801,#5802,#5803));
#5800 = ORIENTED_EDGE('',*,*,#5777,.F.);
#5801 = ORIENTED_EDGE('',*,*,#2406,.T.);
#5802 = ORIENTED_EDGE('',*,*,#5722,.T.);
#5803 = ORIENTED_EDGE('',*,*,#5804,.F.);
#5804 = EDGE_CURVE('',#5778,#5723,#5805,.T.);
#5805 = LINE('',#5806,#5807);
#5806 = CARTESIAN_POINT('',(0.32,-28.26,8.38));
#5807 = VECTOR('',#5808,1.);
#5808 = DIRECTION('',(0.,1.,0.));
#5809 = PLANE('',#5810);
#5810 = AXIS2_PLACEMENT_3D('',#5811,#5812,#5813);
#5811 = CARTESIAN_POINT('',(0.32,-28.26,-3.));
#5812 = DIRECTION('',(1.,0.,0.));
#5813 = DIRECTION('',(0.,0.,1.));
#5814 = ADVANCED_FACE('',(#5815),#5840,.T.);
#5815 = FACE_BOUND('',#5816,.T.);
#5816 = EDGE_LOOP('',(#5817,#5825,#5826,#5834));
#5817 = ORIENTED_EDGE('',*,*,#5818,.F.);
#5818 = EDGE_CURVE('',#2431,#5819,#5821,.T.);
#5819 = VERTEX_POINT('',#5820);
#5820 = CARTESIAN_POINT('',(0.32,-23.18,8.38));
#5821 = LINE('',#5822,#5823);
#5822 = CARTESIAN_POINT('',(0.32,-23.18,-3.));
#5823 = VECTOR('',#5824,1.);
#5824 = DIRECTION('',(0.,0.,1.));
#5825 = ORIENTED_EDGE('',*,*,#2430,.T.);
#5826 = ORIENTED_EDGE('',*,*,#5827,.T.);
#5827 = EDGE_CURVE('',#2433,#5828,#5830,.T.);
#5828 = VERTEX_POINT('',#5829);
#5829 = CARTESIAN_POINT('',(0.32,-22.54,8.38));
#5830 = LINE('',#5831,#5832);
#5831 = CARTESIAN_POINT('',(0.32,-22.54,-3.));
#5832 = VECTOR('',#5833,1.);
#5833 = DIRECTION('',(0.,0.,1.));
#5834 = ORIENTED_EDGE('',*,*,#5835,.F.);
#5835 = EDGE_CURVE('',#5819,#5828,#5836,.T.);
#5836 = LINE('',#5837,#5838);
#5837 = CARTESIAN_POINT('',(0.32,-23.18,8.38));
#5838 = VECTOR('',#5839,1.);
#5839 = DIRECTION('',(0.,1.,0.));
#5840 = PLANE('',#5841);
#5841 = AXIS2_PLACEMENT_3D('',#5842,#5843,#5844);
#5842 = CARTESIAN_POINT('',(0.32,-23.18,-3.));
#5843 = DIRECTION('',(1.,0.,0.));
#5844 = DIRECTION('',(0.,0.,1.));
#5845 = ADVANCED_FACE('',(#5846),#5864,.T.);
#5846 = FACE_BOUND('',#5847,.T.);
#5847 = EDGE_LOOP('',(#5848,#5849,#5850,#5858));
#5848 = ORIENTED_EDGE('',*,*,#5827,.F.);
#5849 = ORIENTED_EDGE('',*,*,#2456,.T.);
#5850 = ORIENTED_EDGE('',*,*,#5851,.T.);
#5851 = EDGE_CURVE('',#2449,#5852,#5854,.T.);
#5852 = VERTEX_POINT('',#5853);
#5853 = CARTESIAN_POINT('',(-0.32,-22.54,8.38));
#5854 = LINE('',#5855,#5856);
#5855 = CARTESIAN_POINT('',(-0.32,-22.54,-3.));
#5856 = VECTOR('',#5857,1.);
#5857 = DIRECTION('',(0.,0.,1.));
#5858 = ORIENTED_EDGE('',*,*,#5859,.T.);
#5859 = EDGE_CURVE('',#5852,#5828,#5860,.T.);
#5860 = LINE('',#5861,#5862);
#5861 = CARTESIAN_POINT('',(-0.32,-22.54,8.38));
#5862 = VECTOR('',#5863,1.);
#5863 = DIRECTION('',(1.,0.,0.));
#5864 = PLANE('',#5865);
#5865 = AXIS2_PLACEMENT_3D('',#5866,#5867,#5868);
#5866 = CARTESIAN_POINT('',(-0.32,-22.54,-3.));
#5867 = DIRECTION('',(0.,1.,0.));
#5868 = DIRECTION('',(0.,-0.,1.));
#5869 = ADVANCED_FACE('',(#5870),#5888,.F.);
#5870 = FACE_BOUND('',#5871,.F.);
#5871 = EDGE_LOOP('',(#5872,#5880,#5881,#5882));
#5872 = ORIENTED_EDGE('',*,*,#5873,.F.);
#5873 = EDGE_CURVE('',#2441,#5874,#5876,.T.);
#5874 = VERTEX_POINT('',#5875);
#5875 = CARTESIAN_POINT('',(-0.32,-23.18,8.38));
#5876 = LINE('',#5877,#5878);
#5877 = CARTESIAN_POINT('',(-0.32,-23.18,-3.));
#5878 = VECTOR('',#5879,1.);
#5879 = DIRECTION('',(0.,0.,1.));
#5880 = ORIENTED_EDGE('',*,*,#2448,.T.);
#5881 = ORIENTED_EDGE('',*,*,#5851,.T.);
#5882 = ORIENTED_EDGE('',*,*,#5883,.F.);
#5883 = EDGE_CURVE('',#5874,#5852,#5884,.T.);
#5884 = LINE('',#5885,#5886);
#5885 = CARTESIAN_POINT('',(-0.32,-23.18,8.38));
#5886 = VECTOR('',#5887,1.);
#5887 = DIRECTION('',(0.,1.,0.));
#5888 = PLANE('',#5889);
#5889 = AXIS2_PLACEMENT_3D('',#5890,#5891,#5892);
#5890 = CARTESIAN_POINT('',(-0.32,-23.18,-3.));
#5891 = DIRECTION('',(1.,0.,0.));
#5892 = DIRECTION('',(0.,0.,1.));
#5893 = ADVANCED_FACE('',(#5894),#5905,.F.);
#5894 = FACE_BOUND('',#5895,.F.);
#5895 = EDGE_LOOP('',(#5896,#5897,#5898,#5899));
#5896 = ORIENTED_EDGE('',*,*,#5818,.F.);
#5897 = ORIENTED_EDGE('',*,*,#2440,.T.);
#5898 = ORIENTED_EDGE('',*,*,#5873,.T.);
#5899 = ORIENTED_EDGE('',*,*,#5900,.T.);
#5900 = EDGE_CURVE('',#5874,#5819,#5901,.T.);
#5901 = LINE('',#5902,#5903);
#5902 = CARTESIAN_POINT('',(-0.32,-23.18,8.38));
#5903 = VECTOR('',#5904,1.);
#5904 = DIRECTION('',(1.,0.,0.));
#5905 = PLANE('',#5906);
#5906 = AXIS2_PLACEMENT_3D('',#5907,#5908,#5909);
#5907 = CARTESIAN_POINT('',(-0.32,-23.18,-3.));
#5908 = DIRECTION('',(0.,1.,0.));
#5909 = DIRECTION('',(0.,-0.,1.));
#5910 = ADVANCED_FACE('',(#5911),#5936,.T.);
#5911 = FACE_BOUND('',#5912,.T.);
#5912 = EDGE_LOOP('',(#5913,#5921,#5922,#5930));
#5913 = ORIENTED_EDGE('',*,*,#5914,.F.);
#5914 = EDGE_CURVE('',#2465,#5915,#5917,.T.);
#5915 = VERTEX_POINT('',#5916);
#5916 = CARTESIAN_POINT('',(0.32,-25.72,8.38));
#5917 = LINE('',#5918,#5919);
#5918 = CARTESIAN_POINT('',(0.32,-25.72,-3.));
#5919 = VECTOR('',#5920,1.);
#5920 = DIRECTION('',(0.,0.,1.));
#5921 = ORIENTED_EDGE('',*,*,#2464,.T.);
#5922 = ORIENTED_EDGE('',*,*,#5923,.T.);
#5923 = EDGE_CURVE('',#2467,#5924,#5926,.T.);
#5924 = VERTEX_POINT('',#5925);
#5925 = CARTESIAN_POINT('',(0.32,-25.08,8.38));
#5926 = LINE('',#5927,#5928);
#5927 = CARTESIAN_POINT('',(0.32,-25.08,-3.));
#5928 = VECTOR('',#5929,1.);
#5929 = DIRECTION('',(0.,0.,1.));
#5930 = ORIENTED_EDGE('',*,*,#5931,.F.);
#5931 = EDGE_CURVE('',#5915,#5924,#5932,.T.);
#5932 = LINE('',#5933,#5934);
#5933 = CARTESIAN_POINT('',(0.32,-25.72,8.38));
#5934 = VECTOR('',#5935,1.);
#5935 = DIRECTION('',(0.,1.,0.));
#5936 = PLANE('',#5937);
#5937 = AXIS2_PLACEMENT_3D('',#5938,#5939,#5940);
#5938 = CARTESIAN_POINT('',(0.32,-25.72,-3.));
#5939 = DIRECTION('',(1.,0.,0.));
#5940 = DIRECTION('',(0.,0.,1.));
#5941 = ADVANCED_FACE('',(#5942),#5960,.T.);
#5942 = FACE_BOUND('',#5943,.T.);
#5943 = EDGE_LOOP('',(#5944,#5945,#5946,#5954));
#5944 = ORIENTED_EDGE('',*,*,#5923,.F.);
#5945 = ORIENTED_EDGE('',*,*,#2490,.T.);
#5946 = ORIENTED_EDGE('',*,*,#5947,.T.);
#5947 = EDGE_CURVE('',#2483,#5948,#5950,.T.);
#5948 = VERTEX_POINT('',#5949);
#5949 = CARTESIAN_POINT('',(-0.32,-25.08,8.38));
#5950 = LINE('',#5951,#5952);
#5951 = CARTESIAN_POINT('',(-0.32,-25.08,-3.));
#5952 = VECTOR('',#5953,1.);
#5953 = DIRECTION('',(0.,0.,1.));
#5954 = ORIENTED_EDGE('',*,*,#5955,.T.);
#5955 = EDGE_CURVE('',#5948,#5924,#5956,.T.);
#5956 = LINE('',#5957,#5958);
#5957 = CARTESIAN_POINT('',(-0.32,-25.08,8.38));
#5958 = VECTOR('',#5959,1.);
#5959 = DIRECTION('',(1.,0.,0.));
#5960 = PLANE('',#5961);
#5961 = AXIS2_PLACEMENT_3D('',#5962,#5963,#5964);
#5962 = CARTESIAN_POINT('',(-0.32,-25.08,-3.));
#5963 = DIRECTION('',(0.,1.,0.));
#5964 = DIRECTION('',(0.,-0.,1.));
#5965 = ADVANCED_FACE('',(#5966),#5984,.F.);
#5966 = FACE_BOUND('',#5967,.F.);
#5967 = EDGE_LOOP('',(#5968,#5976,#5977,#5978));
#5968 = ORIENTED_EDGE('',*,*,#5969,.F.);
#5969 = EDGE_CURVE('',#2475,#5970,#5972,.T.);
#5970 = VERTEX_POINT('',#5971);
#5971 = CARTESIAN_POINT('',(-0.32,-25.72,8.38));
#5972 = LINE('',#5973,#5974);
#5973 = CARTESIAN_POINT('',(-0.32,-25.72,-3.));
#5974 = VECTOR('',#5975,1.);
#5975 = DIRECTION('',(0.,0.,1.));
#5976 = ORIENTED_EDGE('',*,*,#2482,.T.);
#5977 = ORIENTED_EDGE('',*,*,#5947,.T.);
#5978 = ORIENTED_EDGE('',*,*,#5979,.F.);
#5979 = EDGE_CURVE('',#5970,#5948,#5980,.T.);
#5980 = LINE('',#5981,#5982);
#5981 = CARTESIAN_POINT('',(-0.32,-25.72,8.38));
#5982 = VECTOR('',#5983,1.);
#5983 = DIRECTION('',(0.,1.,0.));
#5984 = PLANE('',#5985);
#5985 = AXIS2_PLACEMENT_3D('',#5986,#5987,#5988);
#5986 = CARTESIAN_POINT('',(-0.32,-25.72,-3.));
#5987 = DIRECTION('',(1.,0.,0.));
#5988 = DIRECTION('',(0.,0.,1.));
#5989 = ADVANCED_FACE('',(#5990),#6001,.F.);
#5990 = FACE_BOUND('',#5991,.F.);
#5991 = EDGE_LOOP('',(#5992,#5993,#5994,#5995));
#5992 = ORIENTED_EDGE('',*,*,#5914,.F.);
#5993 = ORIENTED_EDGE('',*,*,#2474,.T.);
#5994 = ORIENTED_EDGE('',*,*,#5969,.T.);
#5995 = ORIENTED_EDGE('',*,*,#5996,.T.);
#5996 = EDGE_CURVE('',#5970,#5915,#5997,.T.);
#5997 = LINE('',#5998,#5999);
#5998 = CARTESIAN_POINT('',(-0.32,-25.72,8.38));
#5999 = VECTOR('',#6000,1.);
#6000 = DIRECTION('',(1.,0.,0.));
#6001 = PLANE('',#6002);
#6002 = AXIS2_PLACEMENT_3D('',#6003,#6004,#6005);
#6003 = CARTESIAN_POINT('',(-0.32,-25.72,-3.));
#6004 = DIRECTION('',(0.,1.,0.));
#6005 = DIRECTION('',(0.,-0.,1.));
#6006 = ADVANCED_FACE('',(#6007),#6032,.F.);
#6007 = FACE_BOUND('',#6008,.F.);
#6008 = EDGE_LOOP('',(#6009,#6017,#6018,#6026));
#6009 = ORIENTED_EDGE('',*,*,#6010,.F.);
#6010 = EDGE_CURVE('',#3707,#6011,#6013,.T.);
#6011 = VERTEX_POINT('',#6012);
#6012 = CARTESIAN_POINT('',(0.16,-5.24,-3.));
#6013 = LINE('',#6014,#6015);
#6014 = CARTESIAN_POINT('',(0.16,-5.24,-3.));
#6015 = VECTOR('',#6016,1.);
#6016 = DIRECTION('',(-0.57735026919,0.57735026919,-0.57735026919));
#6017 = ORIENTED_EDGE('',*,*,#3714,.T.);
#6018 = ORIENTED_EDGE('',*,*,#6019,.T.);
#6019 = EDGE_CURVE('',#3715,#6020,#6022,.T.);
#6020 = VERTEX_POINT('',#6021);
#6021 = CARTESIAN_POINT('',(0.16,-4.92,-3.));
#6022 = LINE('',#6023,#6024);
#6023 = CARTESIAN_POINT('',(5.333333333333E-02,-5.026666666667,
    -3.106666666667));
#6024 = VECTOR('',#6025,1.);
#6025 = DIRECTION('',(-0.57735026919,-0.57735026919,-0.57735026919));
#6026 = ORIENTED_EDGE('',*,*,#6027,.F.);
#6027 = EDGE_CURVE('',#6011,#6020,#6028,.T.);
#6028 = LINE('',#6029,#6030);
#6029 = CARTESIAN_POINT('',(0.16,-5.4,-3.));
#6030 = VECTOR('',#6031,1.);
#6031 = DIRECTION('',(0.,1.,0.));
#6032 = PLANE('',#6033);
#6033 = AXIS2_PLACEMENT_3D('',#6034,#6035,#6036);
#6034 = CARTESIAN_POINT('',(0.24,-5.4,-2.92));
#6035 = DIRECTION('',(-0.707106781187,1.735167508357E-18,0.707106781187)
  );
#6036 = DIRECTION('',(1.226948711654E-18,1.,-1.226948711654E-18));
#6037 = ADVANCED_FACE('',(#6038),#6056,.F.);
#6038 = FACE_BOUND('',#6039,.T.);
#6039 = EDGE_LOOP('',(#6040,#6048,#6049,#6050));
#6040 = ORIENTED_EDGE('',*,*,#6041,.F.);
#6041 = EDGE_CURVE('',#3739,#6042,#6044,.T.);
#6042 = VERTEX_POINT('',#6043);
#6043 = CARTESIAN_POINT('',(-0.16,-4.92,-3.));
#6044 = LINE('',#6045,#6046);
#6045 = CARTESIAN_POINT('',(-0.16,-4.92,-3.));
#6046 = VECTOR('',#6047,1.);
#6047 = DIRECTION('',(0.57735026919,-0.57735026919,-0.57735026919));
#6048 = ORIENTED_EDGE('',*,*,#3738,.T.);
#6049 = ORIENTED_EDGE('',*,*,#6019,.T.);
#6050 = ORIENTED_EDGE('',*,*,#6051,.F.);
#6051 = EDGE_CURVE('',#6042,#6020,#6052,.T.);
#6052 = LINE('',#6053,#6054);
#6053 = CARTESIAN_POINT('',(-0.32,-4.92,-3.));
#6054 = VECTOR('',#6055,1.);
#6055 = DIRECTION('',(1.,0.,0.));
#6056 = PLANE('',#6057);
#6057 = AXIS2_PLACEMENT_3D('',#6058,#6059,#6060);
#6058 = CARTESIAN_POINT('',(-0.32,-4.84,-2.92));
#6059 = DIRECTION('',(-1.735167508357E-18,-0.707106781187,0.707106781187
    ));
#6060 = DIRECTION('',(-1.,1.226948711654E-18,-1.226948711654E-18));
#6061 = ADVANCED_FACE('',(#6062),#6080,.T.);
#6062 = FACE_BOUND('',#6063,.T.);
#6063 = EDGE_LOOP('',(#6064,#6072,#6073,#6074));
#6064 = ORIENTED_EDGE('',*,*,#6065,.F.);
#6065 = EDGE_CURVE('',#3762,#6066,#6068,.T.);
#6066 = VERTEX_POINT('',#6067);
#6067 = CARTESIAN_POINT('',(-0.16,-5.24,-3.));
#6068 = LINE('',#6069,#6070);
#6069 = CARTESIAN_POINT('',(-0.266666666667,-5.346666666667,
    -2.893333333333));
#6070 = VECTOR('',#6071,1.);
#6071 = DIRECTION('',(0.57735026919,0.57735026919,-0.57735026919));
#6072 = ORIENTED_EDGE('',*,*,#3769,.T.);
#6073 = ORIENTED_EDGE('',*,*,#6041,.T.);
#6074 = ORIENTED_EDGE('',*,*,#6075,.F.);
#6075 = EDGE_CURVE('',#6066,#6042,#6076,.T.);
#6076 = LINE('',#6077,#6078);
#6077 = CARTESIAN_POINT('',(-0.16,-5.4,-3.));
#6078 = VECTOR('',#6079,1.);
#6079 = DIRECTION('',(0.,1.,0.));
#6080 = PLANE('',#6081);
#6081 = AXIS2_PLACEMENT_3D('',#6082,#6083,#6084);
#6082 = CARTESIAN_POINT('',(-0.24,-5.4,-2.92));
#6083 = DIRECTION('',(-0.707106781187,-1.735167508357E-18,
    -0.707106781187));
#6084 = DIRECTION('',(-1.226948711654E-18,1.,-1.226948711654E-18));
#6085 = ADVANCED_FACE('',(#6086),#6097,.T.);
#6086 = FACE_BOUND('',#6087,.F.);
#6087 = EDGE_LOOP('',(#6088,#6089,#6090,#6091));
#6088 = ORIENTED_EDGE('',*,*,#6065,.F.);
#6089 = ORIENTED_EDGE('',*,*,#3786,.T.);
#6090 = ORIENTED_EDGE('',*,*,#6010,.T.);
#6091 = ORIENTED_EDGE('',*,*,#6092,.F.);
#6092 = EDGE_CURVE('',#6066,#6011,#6093,.T.);
#6093 = LINE('',#6094,#6095);
#6094 = CARTESIAN_POINT('',(-0.32,-5.24,-3.));
#6095 = VECTOR('',#6096,1.);
#6096 = DIRECTION('',(1.,0.,0.));
#6097 = PLANE('',#6098);
#6098 = AXIS2_PLACEMENT_3D('',#6099,#6100,#6101);
#6099 = CARTESIAN_POINT('',(-0.32,-5.32,-2.92));
#6100 = DIRECTION('',(1.735167508357E-18,-0.707106781187,-0.707106781187
    ));
#6101 = DIRECTION('',(-1.,-1.226948711654E-18,-1.226948711654E-18));
#6102 = ADVANCED_FACE('',(#6103),#6128,.T.);
#6103 = FACE_BOUND('',#6104,.F.);
#6104 = EDGE_LOOP('',(#6105,#6113,#6114,#6122));
#6105 = ORIENTED_EDGE('',*,*,#6106,.F.);
#6106 = EDGE_CURVE('',#3811,#6107,#6109,.T.);
#6107 = VERTEX_POINT('',#6108);
#6108 = CARTESIAN_POINT('',(-0.16,-7.78,-3.));
#6109 = LINE('',#6110,#6111);
#6110 = CARTESIAN_POINT('',(-0.266666666667,-7.886666666667,
    -2.893333333333));
#6111 = VECTOR('',#6112,1.);
#6112 = DIRECTION('',(0.57735026919,0.57735026919,-0.57735026919));
#6113 = ORIENTED_EDGE('',*,*,#3810,.T.);
#6114 = ORIENTED_EDGE('',*,*,#6115,.T.);
#6115 = EDGE_CURVE('',#3803,#6116,#6118,.T.);
#6116 = VERTEX_POINT('',#6117);
#6117 = CARTESIAN_POINT('',(0.16,-7.78,-3.));
#6118 = LINE('',#6119,#6120);
#6119 = CARTESIAN_POINT('',(0.16,-7.78,-3.));
#6120 = VECTOR('',#6121,1.);
#6121 = DIRECTION('',(-0.57735026919,0.57735026919,-0.57735026919));
#6122 = ORIENTED_EDGE('',*,*,#6123,.F.);
#6123 = EDGE_CURVE('',#6107,#6116,#6124,.T.);
#6124 = LINE('',#6125,#6126);
#6125 = CARTESIAN_POINT('',(-0.32,-7.78,-3.));
#6126 = VECTOR('',#6127,1.);
#6127 = DIRECTION('',(1.,0.,0.));
#6128 = PLANE('',#6129);
#6129 = AXIS2_PLACEMENT_3D('',#6130,#6131,#6132);
#6130 = CARTESIAN_POINT('',(-0.32,-7.86,-2.92));
#6131 = DIRECTION('',(1.735167508357E-18,-0.707106781187,-0.707106781187
    ));
#6132 = DIRECTION('',(-1.,-1.226948711654E-18,-1.226948711654E-18));
#6133 = ADVANCED_FACE('',(#6134),#6152,.F.);
#6134 = FACE_BOUND('',#6135,.F.);
#6135 = EDGE_LOOP('',(#6136,#6137,#6138,#6146));
#6136 = ORIENTED_EDGE('',*,*,#6115,.F.);
#6137 = ORIENTED_EDGE('',*,*,#3834,.T.);
#6138 = ORIENTED_EDGE('',*,*,#6139,.T.);
#6139 = EDGE_CURVE('',#3835,#6140,#6142,.T.);
#6140 = VERTEX_POINT('',#6141);
#6141 = CARTESIAN_POINT('',(0.16,-7.46,-3.));
#6142 = LINE('',#6143,#6144);
#6143 = CARTESIAN_POINT('',(5.333333333333E-02,-7.566666666667,
    -3.106666666667));
#6144 = VECTOR('',#6145,1.);
#6145 = DIRECTION('',(-0.57735026919,-0.57735026919,-0.57735026919));
#6146 = ORIENTED_EDGE('',*,*,#6147,.F.);
#6147 = EDGE_CURVE('',#6116,#6140,#6148,.T.);
#6148 = LINE('',#6149,#6150);
#6149 = CARTESIAN_POINT('',(0.16,-7.94,-3.));
#6150 = VECTOR('',#6151,1.);
#6151 = DIRECTION('',(0.,1.,0.));
#6152 = PLANE('',#6153);
#6153 = AXIS2_PLACEMENT_3D('',#6154,#6155,#6156);
#6154 = CARTESIAN_POINT('',(0.24,-7.94,-2.92));
#6155 = DIRECTION('',(-0.707106781187,1.735167508357E-18,0.707106781187)
  );
#6156 = DIRECTION('',(1.226948711654E-18,1.,-1.226948711654E-18));
#6157 = ADVANCED_FACE('',(#6158),#6176,.F.);
#6158 = FACE_BOUND('',#6159,.T.);
#6159 = EDGE_LOOP('',(#6160,#6168,#6169,#6170));
#6160 = ORIENTED_EDGE('',*,*,#6161,.F.);
#6161 = EDGE_CURVE('',#3859,#6162,#6164,.T.);
#6162 = VERTEX_POINT('',#6163);
#6163 = CARTESIAN_POINT('',(-0.16,-7.46,-3.));
#6164 = LINE('',#6165,#6166);
#6165 = CARTESIAN_POINT('',(-0.16,-7.46,-3.));
#6166 = VECTOR('',#6167,1.);
#6167 = DIRECTION('',(0.57735026919,-0.57735026919,-0.57735026919));
#6168 = ORIENTED_EDGE('',*,*,#3858,.T.);
#6169 = ORIENTED_EDGE('',*,*,#6139,.T.);
#6170 = ORIENTED_EDGE('',*,*,#6171,.F.);
#6171 = EDGE_CURVE('',#6162,#6140,#6172,.T.);
#6172 = LINE('',#6173,#6174);
#6173 = CARTESIAN_POINT('',(-0.32,-7.46,-3.));
#6174 = VECTOR('',#6175,1.);
#6175 = DIRECTION('',(1.,0.,0.));
#6176 = PLANE('',#6177);
#6177 = AXIS2_PLACEMENT_3D('',#6178,#6179,#6180);
#6178 = CARTESIAN_POINT('',(-0.32,-7.38,-2.92));
#6179 = DIRECTION('',(-1.735167508357E-18,-0.707106781187,0.707106781187
    ));
#6180 = DIRECTION('',(-1.,1.226948711654E-18,-1.226948711654E-18));
#6181 = ADVANCED_FACE('',(#6182),#6193,.T.);
#6182 = FACE_BOUND('',#6183,.T.);
#6183 = EDGE_LOOP('',(#6184,#6185,#6186,#6187));
#6184 = ORIENTED_EDGE('',*,*,#6106,.F.);
#6185 = ORIENTED_EDGE('',*,*,#3882,.T.);
#6186 = ORIENTED_EDGE('',*,*,#6161,.T.);
#6187 = ORIENTED_EDGE('',*,*,#6188,.F.);
#6188 = EDGE_CURVE('',#6107,#6162,#6189,.T.);
#6189 = LINE('',#6190,#6191);
#6190 = CARTESIAN_POINT('',(-0.16,-7.94,-3.));
#6191 = VECTOR('',#6192,1.);
#6192 = DIRECTION('',(0.,1.,0.));
#6193 = PLANE('',#6194);
#6194 = AXIS2_PLACEMENT_3D('',#6195,#6196,#6197);
#6195 = CARTESIAN_POINT('',(-0.24,-7.94,-2.92));
#6196 = DIRECTION('',(-0.707106781187,-1.735167508357E-18,
    -0.707106781187));
#6197 = DIRECTION('',(-1.226948711654E-18,1.,-1.226948711654E-18));
#6198 = ADVANCED_FACE('',(#6199),#6224,.T.);
#6199 = FACE_BOUND('',#6200,.F.);
#6200 = EDGE_LOOP('',(#6201,#6209,#6210,#6218));
#6201 = ORIENTED_EDGE('',*,*,#6202,.F.);
#6202 = EDGE_CURVE('',#3907,#6203,#6205,.T.);
#6203 = VERTEX_POINT('',#6204);
#6204 = CARTESIAN_POINT('',(-0.16,-12.86,-3.));
#6205 = LINE('',#6206,#6207);
#6206 = CARTESIAN_POINT('',(-0.266666666667,-12.96666666666,
    -2.893333333333));
#6207 = VECTOR('',#6208,1.);
#6208 = DIRECTION('',(0.57735026919,0.57735026919,-0.57735026919));
#6209 = ORIENTED_EDGE('',*,*,#3906,.T.);
#6210 = ORIENTED_EDGE('',*,*,#6211,.T.);
#6211 = EDGE_CURVE('',#3899,#6212,#6214,.T.);
#6212 = VERTEX_POINT('',#6213);
#6213 = CARTESIAN_POINT('',(0.16,-12.86,-3.));
#6214 = LINE('',#6215,#6216);
#6215 = CARTESIAN_POINT('',(0.16,-12.86,-3.));
#6216 = VECTOR('',#6217,1.);
#6217 = DIRECTION('',(-0.57735026919,0.57735026919,-0.57735026919));
#6218 = ORIENTED_EDGE('',*,*,#6219,.F.);
#6219 = EDGE_CURVE('',#6203,#6212,#6220,.T.);
#6220 = LINE('',#6221,#6222);
#6221 = CARTESIAN_POINT('',(-0.32,-12.86,-3.));
#6222 = VECTOR('',#6223,1.);
#6223 = DIRECTION('',(1.,0.,0.));
#6224 = PLANE('',#6225);
#6225 = AXIS2_PLACEMENT_3D('',#6226,#6227,#6228);
#6226 = CARTESIAN_POINT('',(-0.32,-12.94,-2.92));
#6227 = DIRECTION('',(1.735167508357E-18,-0.707106781187,-0.707106781187
    ));
#6228 = DIRECTION('',(-1.,-1.226948711654E-18,-1.226948711654E-18));
#6229 = ADVANCED_FACE('',(#6230),#6248,.F.);
#6230 = FACE_BOUND('',#6231,.F.);
#6231 = EDGE_LOOP('',(#6232,#6233,#6234,#6242));
#6232 = ORIENTED_EDGE('',*,*,#6211,.F.);
#6233 = ORIENTED_EDGE('',*,*,#3930,.T.);
#6234 = ORIENTED_EDGE('',*,*,#6235,.T.);
#6235 = EDGE_CURVE('',#3931,#6236,#6238,.T.);
#6236 = VERTEX_POINT('',#6237);
#6237 = CARTESIAN_POINT('',(0.16,-12.54,-3.));
#6238 = LINE('',#6239,#6240);
#6239 = CARTESIAN_POINT('',(5.333333333333E-02,-12.64666666666,
    -3.106666666667));
#6240 = VECTOR('',#6241,1.);
#6241 = DIRECTION('',(-0.57735026919,-0.57735026919,-0.57735026919));
#6242 = ORIENTED_EDGE('',*,*,#6243,.F.);
#6243 = EDGE_CURVE('',#6212,#6236,#6244,.T.);
#6244 = LINE('',#6245,#6246);
#6245 = CARTESIAN_POINT('',(0.16,-13.02,-3.));
#6246 = VECTOR('',#6247,1.);
#6247 = DIRECTION('',(0.,1.,0.));
#6248 = PLANE('',#6249);
#6249 = AXIS2_PLACEMENT_3D('',#6250,#6251,#6252);
#6250 = CARTESIAN_POINT('',(0.24,-13.02,-2.92));
#6251 = DIRECTION('',(-0.707106781187,1.735167508357E-18,0.707106781187)
  );
#6252 = DIRECTION('',(1.226948711654E-18,1.,-1.226948711654E-18));
#6253 = ADVANCED_FACE('',(#6254),#6272,.F.);
#6254 = FACE_BOUND('',#6255,.T.);
#6255 = EDGE_LOOP('',(#6256,#6264,#6265,#6266));
#6256 = ORIENTED_EDGE('',*,*,#6257,.F.);
#6257 = EDGE_CURVE('',#3955,#6258,#6260,.T.);
#6258 = VERTEX_POINT('',#6259);
#6259 = CARTESIAN_POINT('',(-0.16,-12.54,-3.));
#6260 = LINE('',#6261,#6262);
#6261 = CARTESIAN_POINT('',(-0.16,-12.54,-3.));
#6262 = VECTOR('',#6263,1.);
#6263 = DIRECTION('',(0.57735026919,-0.57735026919,-0.57735026919));
#6264 = ORIENTED_EDGE('',*,*,#3954,.T.);
#6265 = ORIENTED_EDGE('',*,*,#6235,.T.);
#6266 = ORIENTED_EDGE('',*,*,#6267,.F.);
#6267 = EDGE_CURVE('',#6258,#6236,#6268,.T.);
#6268 = LINE('',#6269,#6270);
#6269 = CARTESIAN_POINT('',(-0.32,-12.54,-3.));
#6270 = VECTOR('',#6271,1.);
#6271 = DIRECTION('',(1.,0.,0.));
#6272 = PLANE('',#6273);
#6273 = AXIS2_PLACEMENT_3D('',#6274,#6275,#6276);
#6274 = CARTESIAN_POINT('',(-0.32,-12.46,-2.92));
#6275 = DIRECTION('',(-1.735167508357E-18,-0.707106781187,0.707106781187
    ));
#6276 = DIRECTION('',(-1.,1.226948711654E-18,-1.226948711654E-18));
#6277 = ADVANCED_FACE('',(#6278),#6289,.T.);
#6278 = FACE_BOUND('',#6279,.T.);
#6279 = EDGE_LOOP('',(#6280,#6281,#6282,#6283));
#6280 = ORIENTED_EDGE('',*,*,#6202,.F.);
#6281 = ORIENTED_EDGE('',*,*,#3978,.T.);
#6282 = ORIENTED_EDGE('',*,*,#6257,.T.);
#6283 = ORIENTED_EDGE('',*,*,#6284,.F.);
#6284 = EDGE_CURVE('',#6203,#6258,#6285,.T.);
#6285 = LINE('',#6286,#6287);
#6286 = CARTESIAN_POINT('',(-0.16,-13.02,-3.));
#6287 = VECTOR('',#6288,1.);
#6288 = DIRECTION('',(0.,1.,0.));
#6289 = PLANE('',#6290);
#6290 = AXIS2_PLACEMENT_3D('',#6291,#6292,#6293);
#6291 = CARTESIAN_POINT('',(-0.24,-13.02,-2.92));
#6292 = DIRECTION('',(-0.707106781187,-1.735167508357E-18,
    -0.707106781187));
#6293 = DIRECTION('',(-1.226948711654E-18,1.,-1.226948711654E-18));
#6294 = ADVANCED_FACE('',(#6295),#6320,.F.);
#6295 = FACE_BOUND('',#6296,.F.);
#6296 = EDGE_LOOP('',(#6297,#6305,#6306,#6314));
#6297 = ORIENTED_EDGE('',*,*,#6298,.F.);
#6298 = EDGE_CURVE('',#3995,#6299,#6301,.T.);
#6299 = VERTEX_POINT('',#6300);
#6300 = CARTESIAN_POINT('',(0.16,-10.32,-3.));
#6301 = LINE('',#6302,#6303);
#6302 = CARTESIAN_POINT('',(0.16,-10.32,-3.));
#6303 = VECTOR('',#6304,1.);
#6304 = DIRECTION('',(-0.57735026919,0.57735026919,-0.57735026919));
#6305 = ORIENTED_EDGE('',*,*,#4002,.T.);
#6306 = ORIENTED_EDGE('',*,*,#6307,.T.);
#6307 = EDGE_CURVE('',#4003,#6308,#6310,.T.);
#6308 = VERTEX_POINT('',#6309);
#6309 = CARTESIAN_POINT('',(0.16,-10.,-3.));
#6310 = LINE('',#6311,#6312);
#6311 = CARTESIAN_POINT('',(5.333333333333E-02,-10.10666666666,
    -3.106666666667));
#6312 = VECTOR('',#6313,1.);
#6313 = DIRECTION('',(-0.57735026919,-0.57735026919,-0.57735026919));
#6314 = ORIENTED_EDGE('',*,*,#6315,.F.);
#6315 = EDGE_CURVE('',#6299,#6308,#6316,.T.);
#6316 = LINE('',#6317,#6318);
#6317 = CARTESIAN_POINT('',(0.16,-10.48,-3.));
#6318 = VECTOR('',#6319,1.);
#6319 = DIRECTION('',(0.,1.,0.));
#6320 = PLANE('',#6321);
#6321 = AXIS2_PLACEMENT_3D('',#6322,#6323,#6324);
#6322 = CARTESIAN_POINT('',(0.24,-10.48,-2.92));
#6323 = DIRECTION('',(-0.707106781187,1.735167508357E-18,0.707106781187)
  );
#6324 = DIRECTION('',(1.226948711654E-18,1.,-1.226948711654E-18));
#6325 = ADVANCED_FACE('',(#6326),#6344,.F.);
#6326 = FACE_BOUND('',#6327,.T.);
#6327 = EDGE_LOOP('',(#6328,#6336,#6337,#6338));
#6328 = ORIENTED_EDGE('',*,*,#6329,.F.);
#6329 = EDGE_CURVE('',#4027,#6330,#6332,.T.);
#6330 = VERTEX_POINT('',#6331);
#6331 = CARTESIAN_POINT('',(-0.16,-10.,-3.));
#6332 = LINE('',#6333,#6334);
#6333 = CARTESIAN_POINT('',(-0.16,-10.,-3.));
#6334 = VECTOR('',#6335,1.);
#6335 = DIRECTION('',(0.57735026919,-0.57735026919,-0.57735026919));
#6336 = ORIENTED_EDGE('',*,*,#4026,.T.);
#6337 = ORIENTED_EDGE('',*,*,#6307,.T.);
#6338 = ORIENTED_EDGE('',*,*,#6339,.F.);
#6339 = EDGE_CURVE('',#6330,#6308,#6340,.T.);
#6340 = LINE('',#6341,#6342);
#6341 = CARTESIAN_POINT('',(-0.32,-10.,-3.));
#6342 = VECTOR('',#6343,1.);
#6343 = DIRECTION('',(1.,0.,0.));
#6344 = PLANE('',#6345);
#6345 = AXIS2_PLACEMENT_3D('',#6346,#6347,#6348);
#6346 = CARTESIAN_POINT('',(-0.32,-9.92,-2.92));
#6347 = DIRECTION('',(-1.735167508357E-18,-0.707106781187,0.707106781187
    ));
#6348 = DIRECTION('',(-1.,1.226948711654E-18,-1.226948711654E-18));
#6349 = ADVANCED_FACE('',(#6350),#6368,.T.);
#6350 = FACE_BOUND('',#6351,.T.);
#6351 = EDGE_LOOP('',(#6352,#6360,#6361,#6362));
#6352 = ORIENTED_EDGE('',*,*,#6353,.F.);
#6353 = EDGE_CURVE('',#4050,#6354,#6356,.T.);
#6354 = VERTEX_POINT('',#6355);
#6355 = CARTESIAN_POINT('',(-0.16,-10.32,-3.));
#6356 = LINE('',#6357,#6358);
#6357 = CARTESIAN_POINT('',(-0.266666666667,-10.42666666666,
    -2.893333333333));
#6358 = VECTOR('',#6359,1.);
#6359 = DIRECTION('',(0.57735026919,0.57735026919,-0.57735026919));
#6360 = ORIENTED_EDGE('',*,*,#4057,.T.);
#6361 = ORIENTED_EDGE('',*,*,#6329,.T.);
#6362 = ORIENTED_EDGE('',*,*,#6363,.F.);
#6363 = EDGE_CURVE('',#6354,#6330,#6364,.T.);
#6364 = LINE('',#6365,#6366);
#6365 = CARTESIAN_POINT('',(-0.16,-10.48,-3.));
#6366 = VECTOR('',#6367,1.);
#6367 = DIRECTION('',(0.,1.,0.));
#6368 = PLANE('',#6369);
#6369 = AXIS2_PLACEMENT_3D('',#6370,#6371,#6372);
#6370 = CARTESIAN_POINT('',(-0.24,-10.48,-2.92));
#6371 = DIRECTION('',(-0.707106781187,-1.735167508357E-18,
    -0.707106781187));
#6372 = DIRECTION('',(-1.226948711654E-18,1.,-1.226948711654E-18));
#6373 = ADVANCED_FACE('',(#6374),#6385,.T.);
#6374 = FACE_BOUND('',#6375,.F.);
#6375 = EDGE_LOOP('',(#6376,#6377,#6378,#6379));
#6376 = ORIENTED_EDGE('',*,*,#6353,.F.);
#6377 = ORIENTED_EDGE('',*,*,#4074,.T.);
#6378 = ORIENTED_EDGE('',*,*,#6298,.T.);
#6379 = ORIENTED_EDGE('',*,*,#6380,.F.);
#6380 = EDGE_CURVE('',#6354,#6299,#6381,.T.);
#6381 = LINE('',#6382,#6383);
#6382 = CARTESIAN_POINT('',(-0.32,-10.32,-3.));
#6383 = VECTOR('',#6384,1.);
#6384 = DIRECTION('',(1.,0.,0.));
#6385 = PLANE('',#6386);
#6386 = AXIS2_PLACEMENT_3D('',#6387,#6388,#6389);
#6387 = CARTESIAN_POINT('',(-0.32,-10.4,-2.92));
#6388 = DIRECTION('',(1.735167508357E-18,-0.707106781187,-0.707106781187
    ));
#6389 = DIRECTION('',(-1.,-1.226948711654E-18,-1.226948711654E-18));
#6390 = ADVANCED_FACE('',(#6391),#6416,.F.);
#6391 = FACE_BOUND('',#6392,.T.);
#6392 = EDGE_LOOP('',(#6393,#6401,#6402,#6410));
#6393 = ORIENTED_EDGE('',*,*,#6394,.F.);
#6394 = EDGE_CURVE('',#4099,#6395,#6397,.T.);
#6395 = VERTEX_POINT('',#6396);
#6396 = CARTESIAN_POINT('',(-0.16,-20.16,-3.));
#6397 = LINE('',#6398,#6399);
#6398 = CARTESIAN_POINT('',(-0.16,-20.16,-3.));
#6399 = VECTOR('',#6400,1.);
#6400 = DIRECTION('',(0.57735026919,-0.57735026919,-0.57735026919));
#6401 = ORIENTED_EDGE('',*,*,#4098,.T.);
#6402 = ORIENTED_EDGE('',*,*,#6403,.T.);
#6403 = EDGE_CURVE('',#4091,#6404,#6406,.T.);
#6404 = VERTEX_POINT('',#6405);
#6405 = CARTESIAN_POINT('',(0.16,-20.16,-3.));
#6406 = LINE('',#6407,#6408);
#6407 = CARTESIAN_POINT('',(5.333333333333E-02,-20.26666666666,
    -3.106666666667));
#6408 = VECTOR('',#6409,1.);
#6409 = DIRECTION('',(-0.57735026919,-0.57735026919,-0.57735026919));
#6410 = ORIENTED_EDGE('',*,*,#6411,.F.);
#6411 = EDGE_CURVE('',#6395,#6404,#6412,.T.);
#6412 = LINE('',#6413,#6414);
#6413 = CARTESIAN_POINT('',(-0.32,-20.16,-3.));
#6414 = VECTOR('',#6415,1.);
#6415 = DIRECTION('',(1.,0.,0.));
#6416 = PLANE('',#6417);
#6417 = AXIS2_PLACEMENT_3D('',#6418,#6419,#6420);
#6418 = CARTESIAN_POINT('',(-0.32,-20.08,-2.92));
#6419 = DIRECTION('',(-1.735167508357E-18,-0.707106781187,0.707106781187
    ));
#6420 = DIRECTION('',(-1.,1.226948711654E-18,-1.226948711654E-18));
#6421 = ADVANCED_FACE('',(#6422),#6440,.T.);
#6422 = FACE_BOUND('',#6423,.T.);
#6423 = EDGE_LOOP('',(#6424,#6432,#6433,#6434));
#6424 = ORIENTED_EDGE('',*,*,#6425,.F.);
#6425 = EDGE_CURVE('',#4122,#6426,#6428,.T.);
#6426 = VERTEX_POINT('',#6427);
#6427 = CARTESIAN_POINT('',(-0.16,-20.48,-3.));
#6428 = LINE('',#6429,#6430);
#6429 = CARTESIAN_POINT('',(-0.266666666667,-20.58666666666,
    -2.893333333333));
#6430 = VECTOR('',#6431,1.);
#6431 = DIRECTION('',(0.57735026919,0.57735026919,-0.57735026919));
#6432 = ORIENTED_EDGE('',*,*,#4129,.T.);
#6433 = ORIENTED_EDGE('',*,*,#6394,.T.);
#6434 = ORIENTED_EDGE('',*,*,#6435,.F.);
#6435 = EDGE_CURVE('',#6426,#6395,#6436,.T.);
#6436 = LINE('',#6437,#6438);
#6437 = CARTESIAN_POINT('',(-0.16,-20.64,-3.));
#6438 = VECTOR('',#6439,1.);
#6439 = DIRECTION('',(0.,1.,0.));
#6440 = PLANE('',#6441);
#6441 = AXIS2_PLACEMENT_3D('',#6442,#6443,#6444);
#6442 = CARTESIAN_POINT('',(-0.24,-20.64,-2.92));
#6443 = DIRECTION('',(-0.707106781187,-1.735167508357E-18,
    -0.707106781187));
#6444 = DIRECTION('',(-1.226948711654E-18,1.,-1.226948711654E-18));
#6445 = ADVANCED_FACE('',(#6446),#6464,.T.);
#6446 = FACE_BOUND('',#6447,.F.);
#6447 = EDGE_LOOP('',(#6448,#6449,#6450,#6458));
#6448 = ORIENTED_EDGE('',*,*,#6425,.F.);
#6449 = ORIENTED_EDGE('',*,*,#4153,.T.);
#6450 = ORIENTED_EDGE('',*,*,#6451,.T.);
#6451 = EDGE_CURVE('',#4146,#6452,#6454,.T.);
#6452 = VERTEX_POINT('',#6453);
#6453 = CARTESIAN_POINT('',(0.16,-20.48,-3.));
#6454 = LINE('',#6455,#6456);
#6455 = CARTESIAN_POINT('',(0.16,-20.48,-3.));
#6456 = VECTOR('',#6457,1.);
#6457 = DIRECTION('',(-0.57735026919,0.57735026919,-0.57735026919));
#6458 = ORIENTED_EDGE('',*,*,#6459,.F.);
#6459 = EDGE_CURVE('',#6426,#6452,#6460,.T.);
#6460 = LINE('',#6461,#6462);
#6461 = CARTESIAN_POINT('',(-0.32,-20.48,-3.));
#6462 = VECTOR('',#6463,1.);
#6463 = DIRECTION('',(1.,0.,0.));
#6464 = PLANE('',#6465);
#6465 = AXIS2_PLACEMENT_3D('',#6466,#6467,#6468);
#6466 = CARTESIAN_POINT('',(-0.32,-20.56,-2.92));
#6467 = DIRECTION('',(1.735167508357E-18,-0.707106781187,-0.707106781187
    ));
#6468 = DIRECTION('',(-1.,-1.226948711654E-18,-1.226948711654E-18));
#6469 = ADVANCED_FACE('',(#6470),#6481,.F.);
#6470 = FACE_BOUND('',#6471,.F.);
#6471 = EDGE_LOOP('',(#6472,#6473,#6474,#6475));
#6472 = ORIENTED_EDGE('',*,*,#6451,.F.);
#6473 = ORIENTED_EDGE('',*,*,#4170,.T.);
#6474 = ORIENTED_EDGE('',*,*,#6403,.T.);
#6475 = ORIENTED_EDGE('',*,*,#6476,.F.);
#6476 = EDGE_CURVE('',#6452,#6404,#6477,.T.);
#6477 = LINE('',#6478,#6479);
#6478 = CARTESIAN_POINT('',(0.16,-20.64,-3.));
#6479 = VECTOR('',#6480,1.);
#6480 = DIRECTION('',(0.,1.,0.));
#6481 = PLANE('',#6482);
#6482 = AXIS2_PLACEMENT_3D('',#6483,#6484,#6485);
#6483 = CARTESIAN_POINT('',(0.24,-20.64,-2.92));
#6484 = DIRECTION('',(-0.707106781187,1.735167508357E-18,0.707106781187)
  );
#6485 = DIRECTION('',(1.226948711654E-18,1.,-1.226948711654E-18));
#6486 = ADVANCED_FACE('',(#6487),#6512,.F.);
#6487 = FACE_BOUND('',#6488,.F.);
#6488 = EDGE_LOOP('',(#6489,#6497,#6498,#6506));
#6489 = ORIENTED_EDGE('',*,*,#6490,.F.);
#6490 = EDGE_CURVE('',#4187,#6491,#6493,.T.);
#6491 = VERTEX_POINT('',#6492);
#6492 = CARTESIAN_POINT('',(0.16,-17.94,-3.));
#6493 = LINE('',#6494,#6495);
#6494 = CARTESIAN_POINT('',(0.16,-17.94,-3.));
#6495 = VECTOR('',#6496,1.);
#6496 = DIRECTION('',(-0.57735026919,0.57735026919,-0.57735026919));
#6497 = ORIENTED_EDGE('',*,*,#4194,.T.);
#6498 = ORIENTED_EDGE('',*,*,#6499,.T.);
#6499 = EDGE_CURVE('',#4195,#6500,#6502,.T.);
#6500 = VERTEX_POINT('',#6501);
#6501 = CARTESIAN_POINT('',(0.16,-17.62,-3.));
#6502 = LINE('',#6503,#6504);
#6503 = CARTESIAN_POINT('',(5.333333333333E-02,-17.72666666666,
    -3.106666666667));
#6504 = VECTOR('',#6505,1.);
#6505 = DIRECTION('',(-0.57735026919,-0.57735026919,-0.57735026919));
#6506 = ORIENTED_EDGE('',*,*,#6507,.F.);
#6507 = EDGE_CURVE('',#6491,#6500,#6508,.T.);
#6508 = LINE('',#6509,#6510);
#6509 = CARTESIAN_POINT('',(0.16,-18.1,-3.));
#6510 = VECTOR('',#6511,1.);
#6511 = DIRECTION('',(0.,1.,0.));
#6512 = PLANE('',#6513);
#6513 = AXIS2_PLACEMENT_3D('',#6514,#6515,#6516);
#6514 = CARTESIAN_POINT('',(0.24,-18.1,-2.92));
#6515 = DIRECTION('',(-0.707106781187,1.735167508357E-18,0.707106781187)
  );
#6516 = DIRECTION('',(1.226948711654E-18,1.,-1.226948711654E-18));
#6517 = ADVANCED_FACE('',(#6518),#6536,.F.);
#6518 = FACE_BOUND('',#6519,.T.);
#6519 = EDGE_LOOP('',(#6520,#6528,#6529,#6530));
#6520 = ORIENTED_EDGE('',*,*,#6521,.F.);
#6521 = EDGE_CURVE('',#4219,#6522,#6524,.T.);
#6522 = VERTEX_POINT('',#6523);
#6523 = CARTESIAN_POINT('',(-0.16,-17.62,-3.));
#6524 = LINE('',#6525,#6526);
#6525 = CARTESIAN_POINT('',(-0.16,-17.62,-3.));
#6526 = VECTOR('',#6527,1.);
#6527 = DIRECTION('',(0.57735026919,-0.57735026919,-0.57735026919));
#6528 = ORIENTED_EDGE('',*,*,#4218,.T.);
#6529 = ORIENTED_EDGE('',*,*,#6499,.T.);
#6530 = ORIENTED_EDGE('',*,*,#6531,.F.);
#6531 = EDGE_CURVE('',#6522,#6500,#6532,.T.);
#6532 = LINE('',#6533,#6534);
#6533 = CARTESIAN_POINT('',(-0.32,-17.62,-3.));
#6534 = VECTOR('',#6535,1.);
#6535 = DIRECTION('',(1.,0.,0.));
#6536 = PLANE('',#6537);
#6537 = AXIS2_PLACEMENT_3D('',#6538,#6539,#6540);
#6538 = CARTESIAN_POINT('',(-0.32,-17.54,-2.92));
#6539 = DIRECTION('',(-1.735167508357E-18,-0.707106781187,0.707106781187
    ));
#6540 = DIRECTION('',(-1.,1.226948711654E-18,-1.226948711654E-18));
#6541 = ADVANCED_FACE('',(#6542),#6560,.T.);
#6542 = FACE_BOUND('',#6543,.T.);
#6543 = EDGE_LOOP('',(#6544,#6552,#6553,#6554));
#6544 = ORIENTED_EDGE('',*,*,#6545,.F.);
#6545 = EDGE_CURVE('',#4242,#6546,#6548,.T.);
#6546 = VERTEX_POINT('',#6547);
#6547 = CARTESIAN_POINT('',(-0.16,-17.94,-3.));
#6548 = LINE('',#6549,#6550);
#6549 = CARTESIAN_POINT('',(-0.266666666667,-18.04666666666,
    -2.893333333333));
#6550 = VECTOR('',#6551,1.);
#6551 = DIRECTION('',(0.57735026919,0.57735026919,-0.57735026919));
#6552 = ORIENTED_EDGE('',*,*,#4249,.T.);
#6553 = ORIENTED_EDGE('',*,*,#6521,.T.);
#6554 = ORIENTED_EDGE('',*,*,#6555,.F.);
#6555 = EDGE_CURVE('',#6546,#6522,#6556,.T.);
#6556 = LINE('',#6557,#6558);
#6557 = CARTESIAN_POINT('',(-0.16,-18.1,-3.));
#6558 = VECTOR('',#6559,1.);
#6559 = DIRECTION('',(0.,1.,0.));
#6560 = PLANE('',#6561);
#6561 = AXIS2_PLACEMENT_3D('',#6562,#6563,#6564);
#6562 = CARTESIAN_POINT('',(-0.24,-18.1,-2.92));
#6563 = DIRECTION('',(-0.707106781187,-1.735167508357E-18,
    -0.707106781187));
#6564 = DIRECTION('',(-1.226948711654E-18,1.,-1.226948711654E-18));
#6565 = ADVANCED_FACE('',(#6566),#6577,.T.);
#6566 = FACE_BOUND('',#6567,.F.);
#6567 = EDGE_LOOP('',(#6568,#6569,#6570,#6571));
#6568 = ORIENTED_EDGE('',*,*,#6545,.F.);
#6569 = ORIENTED_EDGE('',*,*,#4266,.T.);
#6570 = ORIENTED_EDGE('',*,*,#6490,.T.);
#6571 = ORIENTED_EDGE('',*,*,#6572,.F.);
#6572 = EDGE_CURVE('',#6546,#6491,#6573,.T.);
#6573 = LINE('',#6574,#6575);
#6574 = CARTESIAN_POINT('',(-0.32,-17.94,-3.));
#6575 = VECTOR('',#6576,1.);
#6576 = DIRECTION('',(1.,0.,0.));
#6577 = PLANE('',#6578);
#6578 = AXIS2_PLACEMENT_3D('',#6579,#6580,#6581);
#6579 = CARTESIAN_POINT('',(-0.32,-18.02,-2.92));
#6580 = DIRECTION('',(1.735167508357E-18,-0.707106781187,-0.707106781187
    ));
#6581 = DIRECTION('',(-1.,-1.226948711654E-18,-1.226948711654E-18));
#6582 = ADVANCED_FACE('',(#6583),#6608,.F.);
#6583 = FACE_BOUND('',#6584,.T.);
#6584 = EDGE_LOOP('',(#6585,#6593,#6594,#6602));
#6585 = ORIENTED_EDGE('',*,*,#6586,.F.);
#6586 = EDGE_CURVE('',#4291,#6587,#6589,.T.);
#6587 = VERTEX_POINT('',#6588);
#6588 = CARTESIAN_POINT('',(-0.16,-15.08,-3.));
#6589 = LINE('',#6590,#6591);
#6590 = CARTESIAN_POINT('',(-0.16,-15.08,-3.));
#6591 = VECTOR('',#6592,1.);
#6592 = DIRECTION('',(0.57735026919,-0.57735026919,-0.57735026919));
#6593 = ORIENTED_EDGE('',*,*,#4290,.T.);
#6594 = ORIENTED_EDGE('',*,*,#6595,.T.);
#6595 = EDGE_CURVE('',#4283,#6596,#6598,.T.);
#6596 = VERTEX_POINT('',#6597);
#6597 = CARTESIAN_POINT('',(0.16,-15.08,-3.));
#6598 = LINE('',#6599,#6600);
#6599 = CARTESIAN_POINT('',(5.333333333333E-02,-15.18666666666,
    -3.106666666667));
#6600 = VECTOR('',#6601,1.);
#6601 = DIRECTION('',(-0.57735026919,-0.57735026919,-0.57735026919));
#6602 = ORIENTED_EDGE('',*,*,#6603,.F.);
#6603 = EDGE_CURVE('',#6587,#6596,#6604,.T.);
#6604 = LINE('',#6605,#6606);
#6605 = CARTESIAN_POINT('',(-0.32,-15.08,-3.));
#6606 = VECTOR('',#6607,1.);
#6607 = DIRECTION('',(1.,0.,0.));
#6608 = PLANE('',#6609);
#6609 = AXIS2_PLACEMENT_3D('',#6610,#6611,#6612);
#6610 = CARTESIAN_POINT('',(-0.32,-15.,-2.92));
#6611 = DIRECTION('',(-1.735167508357E-18,-0.707106781187,0.707106781187
    ));
#6612 = DIRECTION('',(-1.,1.226948711654E-18,-1.226948711654E-18));
#6613 = ADVANCED_FACE('',(#6614),#6632,.T.);
#6614 = FACE_BOUND('',#6615,.T.);
#6615 = EDGE_LOOP('',(#6616,#6624,#6625,#6626));
#6616 = ORIENTED_EDGE('',*,*,#6617,.F.);
#6617 = EDGE_CURVE('',#4314,#6618,#6620,.T.);
#6618 = VERTEX_POINT('',#6619);
#6619 = CARTESIAN_POINT('',(-0.16,-15.4,-3.));
#6620 = LINE('',#6621,#6622);
#6621 = CARTESIAN_POINT('',(-0.266666666667,-15.50666666666,
    -2.893333333333));
#6622 = VECTOR('',#6623,1.);
#6623 = DIRECTION('',(0.57735026919,0.57735026919,-0.57735026919));
#6624 = ORIENTED_EDGE('',*,*,#4321,.T.);
#6625 = ORIENTED_EDGE('',*,*,#6586,.T.);
#6626 = ORIENTED_EDGE('',*,*,#6627,.F.);
#6627 = EDGE_CURVE('',#6618,#6587,#6628,.T.);
#6628 = LINE('',#6629,#6630);
#6629 = CARTESIAN_POINT('',(-0.16,-15.56,-3.));
#6630 = VECTOR('',#6631,1.);
#6631 = DIRECTION('',(0.,1.,0.));
#6632 = PLANE('',#6633);
#6633 = AXIS2_PLACEMENT_3D('',#6634,#6635,#6636);
#6634 = CARTESIAN_POINT('',(-0.24,-15.56,-2.92));
#6635 = DIRECTION('',(-0.707106781187,-1.735167508357E-18,
    -0.707106781187));
#6636 = DIRECTION('',(-1.226948711654E-18,1.,-1.226948711654E-18));
#6637 = ADVANCED_FACE('',(#6638),#6656,.T.);
#6638 = FACE_BOUND('',#6639,.F.);
#6639 = EDGE_LOOP('',(#6640,#6641,#6642,#6650));
#6640 = ORIENTED_EDGE('',*,*,#6617,.F.);
#6641 = ORIENTED_EDGE('',*,*,#4345,.T.);
#6642 = ORIENTED_EDGE('',*,*,#6643,.T.);
#6643 = EDGE_CURVE('',#4338,#6644,#6646,.T.);
#6644 = VERTEX_POINT('',#6645);
#6645 = CARTESIAN_POINT('',(0.16,-15.4,-3.));
#6646 = LINE('',#6647,#6648);
#6647 = CARTESIAN_POINT('',(0.16,-15.4,-3.));
#6648 = VECTOR('',#6649,1.);
#6649 = DIRECTION('',(-0.57735026919,0.57735026919,-0.57735026919));
#6650 = ORIENTED_EDGE('',*,*,#6651,.F.);
#6651 = EDGE_CURVE('',#6618,#6644,#6652,.T.);
#6652 = LINE('',#6653,#6654);
#6653 = CARTESIAN_POINT('',(-0.32,-15.4,-3.));
#6654 = VECTOR('',#6655,1.);
#6655 = DIRECTION('',(1.,0.,0.));
#6656 = PLANE('',#6657);
#6657 = AXIS2_PLACEMENT_3D('',#6658,#6659,#6660);
#6658 = CARTESIAN_POINT('',(-0.32,-15.48,-2.92));
#6659 = DIRECTION('',(1.735167508357E-18,-0.707106781187,-0.707106781187
    ));
#6660 = DIRECTION('',(-1.,-1.226948711654E-18,-1.226948711654E-18));
#6661 = ADVANCED_FACE('',(#6662),#6673,.F.);
#6662 = FACE_BOUND('',#6663,.F.);
#6663 = EDGE_LOOP('',(#6664,#6665,#6666,#6667));
#6664 = ORIENTED_EDGE('',*,*,#6643,.F.);
#6665 = ORIENTED_EDGE('',*,*,#4362,.T.);
#6666 = ORIENTED_EDGE('',*,*,#6595,.T.);
#6667 = ORIENTED_EDGE('',*,*,#6668,.F.);
#6668 = EDGE_CURVE('',#6644,#6596,#6669,.T.);
#6669 = LINE('',#6670,#6671);
#6670 = CARTESIAN_POINT('',(0.16,-15.56,-3.));
#6671 = VECTOR('',#6672,1.);
#6672 = DIRECTION('',(0.,1.,0.));
#6673 = PLANE('',#6674);
#6674 = AXIS2_PLACEMENT_3D('',#6675,#6676,#6677);
#6675 = CARTESIAN_POINT('',(0.24,-15.56,-2.92));
#6676 = DIRECTION('',(-0.707106781187,1.735167508357E-18,0.707106781187)
  );
#6677 = DIRECTION('',(1.226948711654E-18,1.,-1.226948711654E-18));
#6678 = ADVANCED_FACE('',(#6679),#6704,.F.);
#6679 = FACE_BOUND('',#6680,.F.);
#6680 = EDGE_LOOP('',(#6681,#6689,#6690,#6698));
#6681 = ORIENTED_EDGE('',*,*,#6682,.F.);
#6682 = EDGE_CURVE('',#4379,#6683,#6685,.T.);
#6683 = VERTEX_POINT('',#6684);
#6684 = CARTESIAN_POINT('',(0.16,-0.16,-3.));
#6685 = LINE('',#6686,#6687);
#6686 = CARTESIAN_POINT('',(0.16,-0.16,-3.));
#6687 = VECTOR('',#6688,1.);
#6688 = DIRECTION('',(-0.57735026919,0.57735026919,-0.57735026919));
#6689 = ORIENTED_EDGE('',*,*,#4386,.T.);
#6690 = ORIENTED_EDGE('',*,*,#6691,.T.);
#6691 = EDGE_CURVE('',#4387,#6692,#6694,.T.);
#6692 = VERTEX_POINT('',#6693);
#6693 = CARTESIAN_POINT('',(0.16,0.16,-3.));
#6694 = LINE('',#6695,#6696);
#6695 = CARTESIAN_POINT('',(5.333333333333E-02,5.333333333333E-02,
    -3.106666666667));
#6696 = VECTOR('',#6697,1.);
#6697 = DIRECTION('',(-0.57735026919,-0.57735026919,-0.57735026919));
#6698 = ORIENTED_EDGE('',*,*,#6699,.F.);
#6699 = EDGE_CURVE('',#6683,#6692,#6700,.T.);
#6700 = LINE('',#6701,#6702);
#6701 = CARTESIAN_POINT('',(0.16,-0.32,-3.));
#6702 = VECTOR('',#6703,1.);
#6703 = DIRECTION('',(0.,1.,0.));
#6704 = PLANE('',#6705);
#6705 = AXIS2_PLACEMENT_3D('',#6706,#6707,#6708);
#6706 = CARTESIAN_POINT('',(0.24,-0.32,-2.92));
#6707 = DIRECTION('',(-0.707106781187,1.735167508357E-18,0.707106781187)
  );
#6708 = DIRECTION('',(1.226948711654E-18,1.,-1.226948711654E-18));
#6709 = ADVANCED_FACE('',(#6710),#6728,.F.);
#6710 = FACE_BOUND('',#6711,.T.);
#6711 = EDGE_LOOP('',(#6712,#6720,#6721,#6722));
#6712 = ORIENTED_EDGE('',*,*,#6713,.F.);
#6713 = EDGE_CURVE('',#4411,#6714,#6716,.T.);
#6714 = VERTEX_POINT('',#6715);
#6715 = CARTESIAN_POINT('',(-0.16,0.16,-3.));
#6716 = LINE('',#6717,#6718);
#6717 = CARTESIAN_POINT('',(-0.16,0.16,-3.));
#6718 = VECTOR('',#6719,1.);
#6719 = DIRECTION('',(0.57735026919,-0.57735026919,-0.57735026919));
#6720 = ORIENTED_EDGE('',*,*,#4410,.T.);
#6721 = ORIENTED_EDGE('',*,*,#6691,.T.);
#6722 = ORIENTED_EDGE('',*,*,#6723,.F.);
#6723 = EDGE_CURVE('',#6714,#6692,#6724,.T.);
#6724 = LINE('',#6725,#6726);
#6725 = CARTESIAN_POINT('',(-0.32,0.16,-3.));
#6726 = VECTOR('',#6727,1.);
#6727 = DIRECTION('',(1.,0.,0.));
#6728 = PLANE('',#6729);
#6729 = AXIS2_PLACEMENT_3D('',#6730,#6731,#6732);
#6730 = CARTESIAN_POINT('',(-0.32,0.24,-2.92));
#6731 = DIRECTION('',(-1.735167508357E-18,-0.707106781187,0.707106781187
    ));
#6732 = DIRECTION('',(-1.,1.226948711654E-18,-1.226948711654E-18));
#6733 = ADVANCED_FACE('',(#6734),#6752,.T.);
#6734 = FACE_BOUND('',#6735,.T.);
#6735 = EDGE_LOOP('',(#6736,#6744,#6745,#6746));
#6736 = ORIENTED_EDGE('',*,*,#6737,.F.);
#6737 = EDGE_CURVE('',#4434,#6738,#6740,.T.);
#6738 = VERTEX_POINT('',#6739);
#6739 = CARTESIAN_POINT('',(-0.16,-0.16,-3.));
#6740 = LINE('',#6741,#6742);
#6741 = CARTESIAN_POINT('',(-0.266666666667,-0.266666666667,
    -2.893333333333));
#6742 = VECTOR('',#6743,1.);
#6743 = DIRECTION('',(0.57735026919,0.57735026919,-0.57735026919));
#6744 = ORIENTED_EDGE('',*,*,#4441,.T.);
#6745 = ORIENTED_EDGE('',*,*,#6713,.T.);
#6746 = ORIENTED_EDGE('',*,*,#6747,.F.);
#6747 = EDGE_CURVE('',#6738,#6714,#6748,.T.);
#6748 = LINE('',#6749,#6750);
#6749 = CARTESIAN_POINT('',(-0.16,-0.32,-3.));
#6750 = VECTOR('',#6751,1.);
#6751 = DIRECTION('',(0.,1.,0.));
#6752 = PLANE('',#6753);
#6753 = AXIS2_PLACEMENT_3D('',#6754,#6755,#6756);
#6754 = CARTESIAN_POINT('',(-0.24,-0.32,-2.92));
#6755 = DIRECTION('',(-0.707106781187,-1.735167508357E-18,
    -0.707106781187));
#6756 = DIRECTION('',(-1.226948711654E-18,1.,-1.226948711654E-18));
#6757 = ADVANCED_FACE('',(#6758),#6769,.T.);
#6758 = FACE_BOUND('',#6759,.F.);
#6759 = EDGE_LOOP('',(#6760,#6761,#6762,#6763));
#6760 = ORIENTED_EDGE('',*,*,#6737,.F.);
#6761 = ORIENTED_EDGE('',*,*,#4458,.T.);
#6762 = ORIENTED_EDGE('',*,*,#6682,.T.);
#6763 = ORIENTED_EDGE('',*,*,#6764,.F.);
#6764 = EDGE_CURVE('',#6738,#6683,#6765,.T.);
#6765 = LINE('',#6766,#6767);
#6766 = CARTESIAN_POINT('',(-0.32,-0.16,-3.));
#6767 = VECTOR('',#6768,1.);
#6768 = DIRECTION('',(1.,0.,0.));
#6769 = PLANE('',#6770);
#6770 = AXIS2_PLACEMENT_3D('',#6771,#6772,#6773);
#6771 = CARTESIAN_POINT('',(-0.32,-0.24,-2.92));
#6772 = DIRECTION('',(1.735167508357E-18,-0.707106781187,-0.707106781187
    ));
#6773 = DIRECTION('',(-1.,-1.226948711654E-18,-1.226948711654E-18));
#6774 = ADVANCED_FACE('',(#6775),#6800,.F.);
#6775 = FACE_BOUND('',#6776,.F.);
#6776 = EDGE_LOOP('',(#6777,#6785,#6786,#6794));
#6777 = ORIENTED_EDGE('',*,*,#6778,.F.);
#6778 = EDGE_CURVE('',#4475,#6779,#6781,.T.);
#6779 = VERTEX_POINT('',#6780);
#6780 = CARTESIAN_POINT('',(0.16,-2.7,-3.));
#6781 = LINE('',#6782,#6783);
#6782 = CARTESIAN_POINT('',(0.16,-2.7,-3.));
#6783 = VECTOR('',#6784,1.);
#6784 = DIRECTION('',(-0.57735026919,0.57735026919,-0.57735026919));
#6785 = ORIENTED_EDGE('',*,*,#4482,.T.);
#6786 = ORIENTED_EDGE('',*,*,#6787,.T.);
#6787 = EDGE_CURVE('',#4483,#6788,#6790,.T.);
#6788 = VERTEX_POINT('',#6789);
#6789 = CARTESIAN_POINT('',(0.16,-2.38,-3.));
#6790 = LINE('',#6791,#6792);
#6791 = CARTESIAN_POINT('',(5.333333333333E-02,-2.486666666667,
    -3.106666666667));
#6792 = VECTOR('',#6793,1.);
#6793 = DIRECTION('',(-0.57735026919,-0.57735026919,-0.57735026919));
#6794 = ORIENTED_EDGE('',*,*,#6795,.F.);
#6795 = EDGE_CURVE('',#6779,#6788,#6796,.T.);
#6796 = LINE('',#6797,#6798);
#6797 = CARTESIAN_POINT('',(0.16,-2.86,-3.));
#6798 = VECTOR('',#6799,1.);
#6799 = DIRECTION('',(0.,1.,0.));
#6800 = PLANE('',#6801);
#6801 = AXIS2_PLACEMENT_3D('',#6802,#6803,#6804);
#6802 = CARTESIAN_POINT('',(0.24,-2.86,-2.92));
#6803 = DIRECTION('',(-0.707106781187,1.735167508357E-18,0.707106781187)
  );
#6804 = DIRECTION('',(1.226948711654E-18,1.,-1.226948711654E-18));
#6805 = ADVANCED_FACE('',(#6806),#6824,.F.);
#6806 = FACE_BOUND('',#6807,.T.);
#6807 = EDGE_LOOP('',(#6808,#6816,#6817,#6818));
#6808 = ORIENTED_EDGE('',*,*,#6809,.F.);
#6809 = EDGE_CURVE('',#4507,#6810,#6812,.T.);
#6810 = VERTEX_POINT('',#6811);
#6811 = CARTESIAN_POINT('',(-0.16,-2.38,-3.));
#6812 = LINE('',#6813,#6814);
#6813 = CARTESIAN_POINT('',(-0.16,-2.38,-3.));
#6814 = VECTOR('',#6815,1.);
#6815 = DIRECTION('',(0.57735026919,-0.57735026919,-0.57735026919));
#6816 = ORIENTED_EDGE('',*,*,#4506,.T.);
#6817 = ORIENTED_EDGE('',*,*,#6787,.T.);
#6818 = ORIENTED_EDGE('',*,*,#6819,.F.);
#6819 = EDGE_CURVE('',#6810,#6788,#6820,.T.);
#6820 = LINE('',#6821,#6822);
#6821 = CARTESIAN_POINT('',(-0.32,-2.38,-3.));
#6822 = VECTOR('',#6823,1.);
#6823 = DIRECTION('',(1.,0.,0.));
#6824 = PLANE('',#6825);
#6825 = AXIS2_PLACEMENT_3D('',#6826,#6827,#6828);
#6826 = CARTESIAN_POINT('',(-0.32,-2.3,-2.92));
#6827 = DIRECTION('',(-1.735167508357E-18,-0.707106781187,0.707106781187
    ));
#6828 = DIRECTION('',(-1.,1.226948711654E-18,-1.226948711654E-18));
#6829 = ADVANCED_FACE('',(#6830),#6848,.T.);
#6830 = FACE_BOUND('',#6831,.T.);
#6831 = EDGE_LOOP('',(#6832,#6840,#6841,#6842));
#6832 = ORIENTED_EDGE('',*,*,#6833,.F.);
#6833 = EDGE_CURVE('',#4530,#6834,#6836,.T.);
#6834 = VERTEX_POINT('',#6835);
#6835 = CARTESIAN_POINT('',(-0.16,-2.7,-3.));
#6836 = LINE('',#6837,#6838);
#6837 = CARTESIAN_POINT('',(-0.266666666667,-2.806666666667,
    -2.893333333333));
#6838 = VECTOR('',#6839,1.);
#6839 = DIRECTION('',(0.57735026919,0.57735026919,-0.57735026919));
#6840 = ORIENTED_EDGE('',*,*,#4537,.T.);
#6841 = ORIENTED_EDGE('',*,*,#6809,.T.);
#6842 = ORIENTED_EDGE('',*,*,#6843,.F.);
#6843 = EDGE_CURVE('',#6834,#6810,#6844,.T.);
#6844 = LINE('',#6845,#6846);
#6845 = CARTESIAN_POINT('',(-0.16,-2.86,-3.));
#6846 = VECTOR('',#6847,1.);
#6847 = DIRECTION('',(0.,1.,0.));
#6848 = PLANE('',#6849);
#6849 = AXIS2_PLACEMENT_3D('',#6850,#6851,#6852);
#6850 = CARTESIAN_POINT('',(-0.24,-2.86,-2.92));
#6851 = DIRECTION('',(-0.707106781187,-1.735167508357E-18,
    -0.707106781187));
#6852 = DIRECTION('',(-1.226948711654E-18,1.,-1.226948711654E-18));
#6853 = ADVANCED_FACE('',(#6854),#6865,.T.);
#6854 = FACE_BOUND('',#6855,.F.);
#6855 = EDGE_LOOP('',(#6856,#6857,#6858,#6859));
#6856 = ORIENTED_EDGE('',*,*,#6833,.F.);
#6857 = ORIENTED_EDGE('',*,*,#4554,.T.);
#6858 = ORIENTED_EDGE('',*,*,#6778,.T.);
#6859 = ORIENTED_EDGE('',*,*,#6860,.F.);
#6860 = EDGE_CURVE('',#6834,#6779,#6861,.T.);
#6861 = LINE('',#6862,#6863);
#6862 = CARTESIAN_POINT('',(-0.32,-2.7,-3.));
#6863 = VECTOR('',#6864,1.);
#6864 = DIRECTION('',(1.,0.,0.));
#6865 = PLANE('',#6866);
#6866 = AXIS2_PLACEMENT_3D('',#6867,#6868,#6869);
#6867 = CARTESIAN_POINT('',(-0.32,-2.78,-2.92));
#6868 = DIRECTION('',(1.735167508357E-18,-0.707106781187,-0.707106781187
    ));
#6869 = DIRECTION('',(-1.,-1.226948711654E-18,-1.226948711654E-18));
#6870 = ADVANCED_FACE('',(#6871),#6896,.F.);
#6871 = FACE_BOUND('',#6872,.T.);
#6872 = EDGE_LOOP('',(#6873,#6881,#6882,#6890));
#6873 = ORIENTED_EDGE('',*,*,#6874,.F.);
#6874 = EDGE_CURVE('',#4579,#6875,#6877,.T.);
#6875 = VERTEX_POINT('',#6876);
#6876 = CARTESIAN_POINT('',(-0.16,-27.78,-3.));
#6877 = LINE('',#6878,#6879);
#6878 = CARTESIAN_POINT('',(-0.16,-27.78,-3.));
#6879 = VECTOR('',#6880,1.);
#6880 = DIRECTION('',(0.57735026919,-0.57735026919,-0.57735026919));
#6881 = ORIENTED_EDGE('',*,*,#4578,.T.);
#6882 = ORIENTED_EDGE('',*,*,#6883,.T.);
#6883 = EDGE_CURVE('',#4571,#6884,#6886,.T.);
#6884 = VERTEX_POINT('',#6885);
#6885 = CARTESIAN_POINT('',(0.16,-27.78,-3.));
#6886 = LINE('',#6887,#6888);
#6887 = CARTESIAN_POINT('',(5.333333333333E-02,-27.88666666666,
    -3.106666666667));
#6888 = VECTOR('',#6889,1.);
#6889 = DIRECTION('',(-0.57735026919,-0.57735026919,-0.57735026919));
#6890 = ORIENTED_EDGE('',*,*,#6891,.F.);
#6891 = EDGE_CURVE('',#6875,#6884,#6892,.T.);
#6892 = LINE('',#6893,#6894);
#6893 = CARTESIAN_POINT('',(-0.32,-27.78,-3.));
#6894 = VECTOR('',#6895,1.);
#6895 = DIRECTION('',(1.,0.,0.));
#6896 = PLANE('',#6897);
#6897 = AXIS2_PLACEMENT_3D('',#6898,#6899,#6900);
#6898 = CARTESIAN_POINT('',(-0.32,-27.7,-2.92));
#6899 = DIRECTION('',(-1.735167508357E-18,-0.707106781187,0.707106781187
    ));
#6900 = DIRECTION('',(-1.,1.226948711654E-18,-1.226948711654E-18));
#6901 = ADVANCED_FACE('',(#6902),#6920,.T.);
#6902 = FACE_BOUND('',#6903,.T.);
#6903 = EDGE_LOOP('',(#6904,#6912,#6913,#6914));
#6904 = ORIENTED_EDGE('',*,*,#6905,.F.);
#6905 = EDGE_CURVE('',#4602,#6906,#6908,.T.);
#6906 = VERTEX_POINT('',#6907);
#6907 = CARTESIAN_POINT('',(-0.16,-28.1,-3.));
#6908 = LINE('',#6909,#6910);
#6909 = CARTESIAN_POINT('',(-0.266666666667,-28.20666666666,
    -2.893333333333));
#6910 = VECTOR('',#6911,1.);
#6911 = DIRECTION('',(0.57735026919,0.57735026919,-0.57735026919));
#6912 = ORIENTED_EDGE('',*,*,#4609,.T.);
#6913 = ORIENTED_EDGE('',*,*,#6874,.T.);
#6914 = ORIENTED_EDGE('',*,*,#6915,.F.);
#6915 = EDGE_CURVE('',#6906,#6875,#6916,.T.);
#6916 = LINE('',#6917,#6918);
#6917 = CARTESIAN_POINT('',(-0.16,-28.26,-3.));
#6918 = VECTOR('',#6919,1.);
#6919 = DIRECTION('',(0.,1.,0.));
#6920 = PLANE('',#6921);
#6921 = AXIS2_PLACEMENT_3D('',#6922,#6923,#6924);
#6922 = CARTESIAN_POINT('',(-0.24,-28.26,-2.92));
#6923 = DIRECTION('',(-0.707106781187,-1.735167508357E-18,
    -0.707106781187));
#6924 = DIRECTION('',(-1.226948711654E-18,1.,-1.226948711654E-18));
#6925 = ADVANCED_FACE('',(#6926),#6944,.T.);
#6926 = FACE_BOUND('',#6927,.F.);
#6927 = EDGE_LOOP('',(#6928,#6929,#6930,#6938));
#6928 = ORIENTED_EDGE('',*,*,#6905,.F.);
#6929 = ORIENTED_EDGE('',*,*,#4633,.T.);
#6930 = ORIENTED_EDGE('',*,*,#6931,.T.);
#6931 = EDGE_CURVE('',#4626,#6932,#6934,.T.);
#6932 = VERTEX_POINT('',#6933);
#6933 = CARTESIAN_POINT('',(0.16,-28.1,-3.));
#6934 = LINE('',#6935,#6936);
#6935 = CARTESIAN_POINT('',(0.16,-28.1,-3.));
#6936 = VECTOR('',#6937,1.);
#6937 = DIRECTION('',(-0.57735026919,0.57735026919,-0.57735026919));
#6938 = ORIENTED_EDGE('',*,*,#6939,.F.);
#6939 = EDGE_CURVE('',#6906,#6932,#6940,.T.);
#6940 = LINE('',#6941,#6942);
#6941 = CARTESIAN_POINT('',(-0.32,-28.1,-3.));
#6942 = VECTOR('',#6943,1.);
#6943 = DIRECTION('',(1.,0.,0.));
#6944 = PLANE('',#6945);
#6945 = AXIS2_PLACEMENT_3D('',#6946,#6947,#6948);
#6946 = CARTESIAN_POINT('',(-0.32,-28.18,-2.92));
#6947 = DIRECTION('',(1.735167508357E-18,-0.707106781187,-0.707106781187
    ));
#6948 = DIRECTION('',(-1.,-1.226948711654E-18,-1.226948711654E-18));
#6949 = ADVANCED_FACE('',(#6950),#6961,.F.);
#6950 = FACE_BOUND('',#6951,.F.);
#6951 = EDGE_LOOP('',(#6952,#6953,#6954,#6955));
#6952 = ORIENTED_EDGE('',*,*,#6931,.F.);
#6953 = ORIENTED_EDGE('',*,*,#4650,.T.);
#6954 = ORIENTED_EDGE('',*,*,#6883,.T.);
#6955 = ORIENTED_EDGE('',*,*,#6956,.F.);
#6956 = EDGE_CURVE('',#6932,#6884,#6957,.T.);
#6957 = LINE('',#6958,#6959);
#6958 = CARTESIAN_POINT('',(0.16,-28.26,-3.));
#6959 = VECTOR('',#6960,1.);
#6960 = DIRECTION('',(0.,1.,0.));
#6961 = PLANE('',#6962);
#6962 = AXIS2_PLACEMENT_3D('',#6963,#6964,#6965);
#6963 = CARTESIAN_POINT('',(0.24,-28.26,-2.92));
#6964 = DIRECTION('',(-0.707106781187,1.735167508357E-18,0.707106781187)
  );
#6965 = DIRECTION('',(1.226948711654E-18,1.,-1.226948711654E-18));
#6966 = ADVANCED_FACE('',(#6967),#6992,.F.);
#6967 = FACE_BOUND('',#6968,.F.);
#6968 = EDGE_LOOP('',(#6969,#6977,#6978,#6986));
#6969 = ORIENTED_EDGE('',*,*,#6970,.F.);
#6970 = EDGE_CURVE('',#4667,#6971,#6973,.T.);
#6971 = VERTEX_POINT('',#6972);
#6972 = CARTESIAN_POINT('',(0.16,-23.02,-3.));
#6973 = LINE('',#6974,#6975);
#6974 = CARTESIAN_POINT('',(0.16,-23.02,-3.));
#6975 = VECTOR('',#6976,1.);
#6976 = DIRECTION('',(-0.57735026919,0.57735026919,-0.57735026919));
#6977 = ORIENTED_EDGE('',*,*,#4674,.T.);
#6978 = ORIENTED_EDGE('',*,*,#6979,.T.);
#6979 = EDGE_CURVE('',#4675,#6980,#6982,.T.);
#6980 = VERTEX_POINT('',#6981);
#6981 = CARTESIAN_POINT('',(0.16,-22.7,-3.));
#6982 = LINE('',#6983,#6984);
#6983 = CARTESIAN_POINT('',(5.333333333333E-02,-22.80666666666,
    -3.106666666667));
#6984 = VECTOR('',#6985,1.);
#6985 = DIRECTION('',(-0.57735026919,-0.57735026919,-0.57735026919));
#6986 = ORIENTED_EDGE('',*,*,#6987,.F.);
#6987 = EDGE_CURVE('',#6971,#6980,#6988,.T.);
#6988 = LINE('',#6989,#6990);
#6989 = CARTESIAN_POINT('',(0.16,-23.18,-3.));
#6990 = VECTOR('',#6991,1.);
#6991 = DIRECTION('',(0.,1.,0.));
#6992 = PLANE('',#6993);
#6993 = AXIS2_PLACEMENT_3D('',#6994,#6995,#6996);
#6994 = CARTESIAN_POINT('',(0.24,-23.18,-2.92));
#6995 = DIRECTION('',(-0.707106781187,1.735167508357E-18,0.707106781187)
  );
#6996 = DIRECTION('',(1.226948711654E-18,1.,-1.226948711654E-18));
#6997 = ADVANCED_FACE('',(#6998),#7016,.F.);
#6998 = FACE_BOUND('',#6999,.T.);
#6999 = EDGE_LOOP('',(#7000,#7008,#7009,#7010));
#7000 = ORIENTED_EDGE('',*,*,#7001,.F.);
#7001 = EDGE_CURVE('',#4699,#7002,#7004,.T.);
#7002 = VERTEX_POINT('',#7003);
#7003 = CARTESIAN_POINT('',(-0.16,-22.7,-3.));
#7004 = LINE('',#7005,#7006);
#7005 = CARTESIAN_POINT('',(-0.16,-22.7,-3.));
#7006 = VECTOR('',#7007,1.);
#7007 = DIRECTION('',(0.57735026919,-0.57735026919,-0.57735026919));
#7008 = ORIENTED_EDGE('',*,*,#4698,.T.);
#7009 = ORIENTED_EDGE('',*,*,#6979,.T.);
#7010 = ORIENTED_EDGE('',*,*,#7011,.F.);
#7011 = EDGE_CURVE('',#7002,#6980,#7012,.T.);
#7012 = LINE('',#7013,#7014);
#7013 = CARTESIAN_POINT('',(-0.32,-22.7,-3.));
#7014 = VECTOR('',#7015,1.);
#7015 = DIRECTION('',(1.,0.,0.));
#7016 = PLANE('',#7017);
#7017 = AXIS2_PLACEMENT_3D('',#7018,#7019,#7020);
#7018 = CARTESIAN_POINT('',(-0.32,-22.62,-2.92));
#7019 = DIRECTION('',(-1.735167508357E-18,-0.707106781187,0.707106781187
    ));
#7020 = DIRECTION('',(-1.,1.226948711654E-18,-1.226948711654E-18));
#7021 = ADVANCED_FACE('',(#7022),#7040,.T.);
#7022 = FACE_BOUND('',#7023,.T.);
#7023 = EDGE_LOOP('',(#7024,#7032,#7033,#7034));
#7024 = ORIENTED_EDGE('',*,*,#7025,.F.);
#7025 = EDGE_CURVE('',#4722,#7026,#7028,.T.);
#7026 = VERTEX_POINT('',#7027);
#7027 = CARTESIAN_POINT('',(-0.16,-23.02,-3.));
#7028 = LINE('',#7029,#7030);
#7029 = CARTESIAN_POINT('',(-0.266666666667,-23.12666666666,
    -2.893333333333));
#7030 = VECTOR('',#7031,1.);
#7031 = DIRECTION('',(0.57735026919,0.57735026919,-0.57735026919));
#7032 = ORIENTED_EDGE('',*,*,#4729,.T.);
#7033 = ORIENTED_EDGE('',*,*,#7001,.T.);
#7034 = ORIENTED_EDGE('',*,*,#7035,.F.);
#7035 = EDGE_CURVE('',#7026,#7002,#7036,.T.);
#7036 = LINE('',#7037,#7038);
#7037 = CARTESIAN_POINT('',(-0.16,-23.18,-3.));
#7038 = VECTOR('',#7039,1.);
#7039 = DIRECTION('',(0.,1.,0.));
#7040 = PLANE('',#7041);
#7041 = AXIS2_PLACEMENT_3D('',#7042,#7043,#7044);
#7042 = CARTESIAN_POINT('',(-0.24,-23.18,-2.92));
#7043 = DIRECTION('',(-0.707106781187,-1.735167508357E-18,
    -0.707106781187));
#7044 = DIRECTION('',(-1.226948711654E-18,1.,-1.226948711654E-18));
#7045 = ADVANCED_FACE('',(#7046),#7057,.T.);
#7046 = FACE_BOUND('',#7047,.F.);
#7047 = EDGE_LOOP('',(#7048,#7049,#7050,#7051));
#7048 = ORIENTED_EDGE('',*,*,#7025,.F.);
#7049 = ORIENTED_EDGE('',*,*,#4746,.T.);
#7050 = ORIENTED_EDGE('',*,*,#6970,.T.);
#7051 = ORIENTED_EDGE('',*,*,#7052,.F.);
#7052 = EDGE_CURVE('',#7026,#6971,#7053,.T.);
#7053 = LINE('',#7054,#7055);
#7054 = CARTESIAN_POINT('',(-0.32,-23.02,-3.));
#7055 = VECTOR('',#7056,1.);
#7056 = DIRECTION('',(1.,0.,0.));
#7057 = PLANE('',#7058);
#7058 = AXIS2_PLACEMENT_3D('',#7059,#7060,#7061);
#7059 = CARTESIAN_POINT('',(-0.32,-23.1,-2.92));
#7060 = DIRECTION('',(1.735167508357E-18,-0.707106781187,-0.707106781187
    ));
#7061 = DIRECTION('',(-1.,-1.226948711654E-18,-1.226948711654E-18));
#7062 = ADVANCED_FACE('',(#7063),#7088,.F.);
#7063 = FACE_BOUND('',#7064,.F.);
#7064 = EDGE_LOOP('',(#7065,#7073,#7074,#7082));
#7065 = ORIENTED_EDGE('',*,*,#7066,.F.);
#7066 = EDGE_CURVE('',#4763,#7067,#7069,.T.);
#7067 = VERTEX_POINT('',#7068);
#7068 = CARTESIAN_POINT('',(0.16,-25.56,-3.));
#7069 = LINE('',#7070,#7071);
#7070 = CARTESIAN_POINT('',(0.16,-25.56,-3.));
#7071 = VECTOR('',#7072,1.);
#7072 = DIRECTION('',(-0.57735026919,0.57735026919,-0.57735026919));
#7073 = ORIENTED_EDGE('',*,*,#4770,.T.);
#7074 = ORIENTED_EDGE('',*,*,#7075,.T.);
#7075 = EDGE_CURVE('',#4771,#7076,#7078,.T.);
#7076 = VERTEX_POINT('',#7077);
#7077 = CARTESIAN_POINT('',(0.16,-25.24,-3.));
#7078 = LINE('',#7079,#7080);
#7079 = CARTESIAN_POINT('',(5.333333333333E-02,-25.34666666666,
    -3.106666666667));
#7080 = VECTOR('',#7081,1.);
#7081 = DIRECTION('',(-0.57735026919,-0.57735026919,-0.57735026919));
#7082 = ORIENTED_EDGE('',*,*,#7083,.F.);
#7083 = EDGE_CURVE('',#7067,#7076,#7084,.T.);
#7084 = LINE('',#7085,#7086);
#7085 = CARTESIAN_POINT('',(0.16,-25.72,-3.));
#7086 = VECTOR('',#7087,1.);
#7087 = DIRECTION('',(0.,1.,0.));
#7088 = PLANE('',#7089);
#7089 = AXIS2_PLACEMENT_3D('',#7090,#7091,#7092);
#7090 = CARTESIAN_POINT('',(0.24,-25.72,-2.92));
#7091 = DIRECTION('',(-0.707106781187,1.735167508357E-18,0.707106781187)
  );
#7092 = DIRECTION('',(1.226948711654E-18,1.,-1.226948711654E-18));
#7093 = ADVANCED_FACE('',(#7094),#7112,.F.);
#7094 = FACE_BOUND('',#7095,.T.);
#7095 = EDGE_LOOP('',(#7096,#7104,#7105,#7106));
#7096 = ORIENTED_EDGE('',*,*,#7097,.F.);
#7097 = EDGE_CURVE('',#4795,#7098,#7100,.T.);
#7098 = VERTEX_POINT('',#7099);
#7099 = CARTESIAN_POINT('',(-0.16,-25.24,-3.));
#7100 = LINE('',#7101,#7102);
#7101 = CARTESIAN_POINT('',(-0.16,-25.24,-3.));
#7102 = VECTOR('',#7103,1.);
#7103 = DIRECTION('',(0.57735026919,-0.57735026919,-0.57735026919));
#7104 = ORIENTED_EDGE('',*,*,#4794,.T.);
#7105 = ORIENTED_EDGE('',*,*,#7075,.T.);
#7106 = ORIENTED_EDGE('',*,*,#7107,.F.);
#7107 = EDGE_CURVE('',#7098,#7076,#7108,.T.);
#7108 = LINE('',#7109,#7110);
#7109 = CARTESIAN_POINT('',(-0.32,-25.24,-3.));
#7110 = VECTOR('',#7111,1.);
#7111 = DIRECTION('',(1.,0.,0.));
#7112 = PLANE('',#7113);
#7113 = AXIS2_PLACEMENT_3D('',#7114,#7115,#7116);
#7114 = CARTESIAN_POINT('',(-0.32,-25.16,-2.92));
#7115 = DIRECTION('',(-1.735167508357E-18,-0.707106781187,0.707106781187
    ));
#7116 = DIRECTION('',(-1.,1.226948711654E-18,-1.226948711654E-18));
#7117 = ADVANCED_FACE('',(#7118),#7136,.T.);
#7118 = FACE_BOUND('',#7119,.T.);
#7119 = EDGE_LOOP('',(#7120,#7128,#7129,#7130));
#7120 = ORIENTED_EDGE('',*,*,#7121,.F.);
#7121 = EDGE_CURVE('',#4818,#7122,#7124,.T.);
#7122 = VERTEX_POINT('',#7123);
#7123 = CARTESIAN_POINT('',(-0.16,-25.56,-3.));
#7124 = LINE('',#7125,#7126);
#7125 = CARTESIAN_POINT('',(-0.266666666667,-25.66666666666,
    -2.893333333333));
#7126 = VECTOR('',#7127,1.);
#7127 = DIRECTION('',(0.57735026919,0.57735026919,-0.57735026919));
#7128 = ORIENTED_EDGE('',*,*,#4825,.T.);
#7129 = ORIENTED_EDGE('',*,*,#7097,.T.);
#7130 = ORIENTED_EDGE('',*,*,#7131,.F.);
#7131 = EDGE_CURVE('',#7122,#7098,#7132,.T.);
#7132 = LINE('',#7133,#7134);
#7133 = CARTESIAN_POINT('',(-0.16,-25.72,-3.));
#7134 = VECTOR('',#7135,1.);
#7135 = DIRECTION('',(0.,1.,0.));
#7136 = PLANE('',#7137);
#7137 = AXIS2_PLACEMENT_3D('',#7138,#7139,#7140);
#7138 = CARTESIAN_POINT('',(-0.24,-25.72,-2.92));
#7139 = DIRECTION('',(-0.707106781187,-1.735167508357E-18,
    -0.707106781187));
#7140 = DIRECTION('',(-1.226948711654E-18,1.,-1.226948711654E-18));
#7141 = ADVANCED_FACE('',(#7142),#7153,.T.);
#7142 = FACE_BOUND('',#7143,.F.);
#7143 = EDGE_LOOP('',(#7144,#7145,#7146,#7147));
#7144 = ORIENTED_EDGE('',*,*,#7121,.F.);
#7145 = ORIENTED_EDGE('',*,*,#4842,.T.);
#7146 = ORIENTED_EDGE('',*,*,#7066,.T.);
#7147 = ORIENTED_EDGE('',*,*,#7148,.F.);
#7148 = EDGE_CURVE('',#7122,#7067,#7149,.T.);
#7149 = LINE('',#7150,#7151);
#7150 = CARTESIAN_POINT('',(-0.32,-25.56,-3.));
#7151 = VECTOR('',#7152,1.);
#7152 = DIRECTION('',(1.,0.,0.));
#7153 = PLANE('',#7154);
#7154 = AXIS2_PLACEMENT_3D('',#7155,#7156,#7157);
#7155 = CARTESIAN_POINT('',(-0.32,-25.64,-2.92));
#7156 = DIRECTION('',(1.735167508357E-18,-0.707106781187,-0.707106781187
    ));
#7157 = DIRECTION('',(-1.,-1.226948711654E-18,-1.226948711654E-18));
#7158 = ADVANCED_FACE('',(#7159),#7184,.T.);
#7159 = FACE_BOUND('',#7160,.T.);
#7160 = EDGE_LOOP('',(#7161,#7169,#7170,#7178));
#7161 = ORIENTED_EDGE('',*,*,#7162,.F.);
#7162 = EDGE_CURVE('',#4859,#7163,#7165,.T.);
#7163 = VERTEX_POINT('',#7164);
#7164 = CARTESIAN_POINT('',(0.16,-5.24,8.54));
#7165 = LINE('',#7166,#7167);
#7166 = CARTESIAN_POINT('',(0.16,-5.24,8.54));
#7167 = VECTOR('',#7168,1.);
#7168 = DIRECTION('',(-0.57735026919,0.57735026919,0.57735026919));
#7169 = ORIENTED_EDGE('',*,*,#4875,.T.);
#7170 = ORIENTED_EDGE('',*,*,#7171,.T.);
#7171 = EDGE_CURVE('',#4868,#7172,#7174,.T.);
#7172 = VERTEX_POINT('',#7173);
#7173 = CARTESIAN_POINT('',(0.16,-4.92,8.54));
#7174 = LINE('',#7175,#7176);
#7175 = CARTESIAN_POINT('',(5.333333333333E-02,-5.026666666667,
    8.646666666667));
#7176 = VECTOR('',#7177,1.);
#7177 = DIRECTION('',(-0.57735026919,-0.57735026919,0.57735026919));
#7178 = ORIENTED_EDGE('',*,*,#7179,.F.);
#7179 = EDGE_CURVE('',#7163,#7172,#7180,.T.);
#7180 = LINE('',#7181,#7182);
#7181 = CARTESIAN_POINT('',(0.16,-5.4,8.54));
#7182 = VECTOR('',#7183,1.);
#7183 = DIRECTION('',(0.,1.,0.));
#7184 = PLANE('',#7185);
#7185 = AXIS2_PLACEMENT_3D('',#7186,#7187,#7188);
#7186 = CARTESIAN_POINT('',(0.24,-5.4,8.46));
#7187 = DIRECTION('',(0.707106781187,-1.735167508357E-18,0.707106781187)
  );
#7188 = DIRECTION('',(1.226948711654E-18,1.,1.226948711654E-18));
#7189 = ADVANCED_FACE('',(#7190),#7208,.T.);
#7190 = FACE_BOUND('',#7191,.F.);
#7191 = EDGE_LOOP('',(#7192,#7200,#7201,#7202));
#7192 = ORIENTED_EDGE('',*,*,#7193,.F.);
#7193 = EDGE_CURVE('',#4892,#7194,#7196,.T.);
#7194 = VERTEX_POINT('',#7195);
#7195 = CARTESIAN_POINT('',(-0.16,-4.92,8.54));
#7196 = LINE('',#7197,#7198);
#7197 = CARTESIAN_POINT('',(-0.16,-4.92,8.54));
#7198 = VECTOR('',#7199,1.);
#7199 = DIRECTION('',(0.57735026919,-0.57735026919,0.57735026919));
#7200 = ORIENTED_EDGE('',*,*,#4899,.T.);
#7201 = ORIENTED_EDGE('',*,*,#7171,.T.);
#7202 = ORIENTED_EDGE('',*,*,#7203,.F.);
#7203 = EDGE_CURVE('',#7194,#7172,#7204,.T.);
#7204 = LINE('',#7205,#7206);
#7205 = CARTESIAN_POINT('',(-0.32,-4.92,8.54));
#7206 = VECTOR('',#7207,1.);
#7207 = DIRECTION('',(1.,0.,0.));
#7208 = PLANE('',#7209);
#7209 = AXIS2_PLACEMENT_3D('',#7210,#7211,#7212);
#7210 = CARTESIAN_POINT('',(-0.32,-4.84,8.46));
#7211 = DIRECTION('',(1.735167508357E-18,0.707106781187,0.707106781187)
  );
#7212 = DIRECTION('',(-1.,1.226948711654E-18,1.226948711654E-18));
#7213 = ADVANCED_FACE('',(#7214),#7232,.F.);
#7214 = FACE_BOUND('',#7215,.F.);
#7215 = EDGE_LOOP('',(#7216,#7224,#7225,#7226));
#7216 = ORIENTED_EDGE('',*,*,#7217,.F.);
#7217 = EDGE_CURVE('',#4914,#7218,#7220,.T.);
#7218 = VERTEX_POINT('',#7219);
#7219 = CARTESIAN_POINT('',(-0.16,-5.24,8.54));
#7220 = LINE('',#7221,#7222);
#7221 = CARTESIAN_POINT('',(-0.266666666667,-5.346666666667,
    8.433333333333));
#7222 = VECTOR('',#7223,1.);
#7223 = DIRECTION('',(0.57735026919,0.57735026919,0.57735026919));
#7224 = ORIENTED_EDGE('',*,*,#4923,.T.);
#7225 = ORIENTED_EDGE('',*,*,#7193,.T.);
#7226 = ORIENTED_EDGE('',*,*,#7227,.F.);
#7227 = EDGE_CURVE('',#7218,#7194,#7228,.T.);
#7228 = LINE('',#7229,#7230);
#7229 = CARTESIAN_POINT('',(-0.16,-5.4,8.54));
#7230 = VECTOR('',#7231,1.);
#7231 = DIRECTION('',(0.,1.,0.));
#7232 = PLANE('',#7233);
#7233 = AXIS2_PLACEMENT_3D('',#7234,#7235,#7236);
#7234 = CARTESIAN_POINT('',(-0.24,-5.4,8.46));
#7235 = DIRECTION('',(0.707106781187,1.735167508357E-18,-0.707106781187)
  );
#7236 = DIRECTION('',(-1.226948711654E-18,1.,1.226948711654E-18));
#7237 = ADVANCED_FACE('',(#7238),#7249,.F.);
#7238 = FACE_BOUND('',#7239,.T.);
#7239 = EDGE_LOOP('',(#7240,#7241,#7242,#7243));
#7240 = ORIENTED_EDGE('',*,*,#7217,.F.);
#7241 = ORIENTED_EDGE('',*,*,#4940,.T.);
#7242 = ORIENTED_EDGE('',*,*,#7162,.T.);
#7243 = ORIENTED_EDGE('',*,*,#7244,.F.);
#7244 = EDGE_CURVE('',#7218,#7163,#7245,.T.);
#7245 = LINE('',#7246,#7247);
#7246 = CARTESIAN_POINT('',(-0.32,-5.24,8.54));
#7247 = VECTOR('',#7248,1.);
#7248 = DIRECTION('',(1.,0.,0.));
#7249 = PLANE('',#7250);
#7250 = AXIS2_PLACEMENT_3D('',#7251,#7252,#7253);
#7251 = CARTESIAN_POINT('',(-0.32,-5.32,8.46));
#7252 = DIRECTION('',(-1.735167508357E-18,0.707106781187,-0.707106781187
    ));
#7253 = DIRECTION('',(-1.,-1.226948711654E-18,1.226948711654E-18));
#7254 = ADVANCED_FACE('',(#7255),#7280,.F.);
#7255 = FACE_BOUND('',#7256,.T.);
#7256 = EDGE_LOOP('',(#7257,#7265,#7266,#7274));
#7257 = ORIENTED_EDGE('',*,*,#7258,.F.);
#7258 = EDGE_CURVE('',#4964,#7259,#7261,.T.);
#7259 = VERTEX_POINT('',#7260);
#7260 = CARTESIAN_POINT('',(-0.16,-7.78,8.54));
#7261 = LINE('',#7262,#7263);
#7262 = CARTESIAN_POINT('',(-0.266666666667,-7.886666666667,
    8.433333333333));
#7263 = VECTOR('',#7264,1.);
#7264 = DIRECTION('',(0.57735026919,0.57735026919,0.57735026919));
#7265 = ORIENTED_EDGE('',*,*,#4971,.T.);
#7266 = ORIENTED_EDGE('',*,*,#7267,.T.);
#7267 = EDGE_CURVE('',#4955,#7268,#7270,.T.);
#7268 = VERTEX_POINT('',#7269);
#7269 = CARTESIAN_POINT('',(0.16,-7.78,8.54));
#7270 = LINE('',#7271,#7272);
#7271 = CARTESIAN_POINT('',(0.16,-7.78,8.54));
#7272 = VECTOR('',#7273,1.);
#7273 = DIRECTION('',(-0.57735026919,0.57735026919,0.57735026919));
#7274 = ORIENTED_EDGE('',*,*,#7275,.F.);
#7275 = EDGE_CURVE('',#7259,#7268,#7276,.T.);
#7276 = LINE('',#7277,#7278);
#7277 = CARTESIAN_POINT('',(-0.32,-7.78,8.54));
#7278 = VECTOR('',#7279,1.);
#7279 = DIRECTION('',(1.,0.,0.));
#7280 = PLANE('',#7281);
#7281 = AXIS2_PLACEMENT_3D('',#7282,#7283,#7284);
#7282 = CARTESIAN_POINT('',(-0.32,-7.86,8.46));
#7283 = DIRECTION('',(-1.735167508357E-18,0.707106781187,-0.707106781187
    ));
#7284 = DIRECTION('',(-1.,-1.226948711654E-18,1.226948711654E-18));
#7285 = ADVANCED_FACE('',(#7286),#7304,.T.);
#7286 = FACE_BOUND('',#7287,.T.);
#7287 = EDGE_LOOP('',(#7288,#7289,#7290,#7298));
#7288 = ORIENTED_EDGE('',*,*,#7267,.F.);
#7289 = ORIENTED_EDGE('',*,*,#4995,.T.);
#7290 = ORIENTED_EDGE('',*,*,#7291,.T.);
#7291 = EDGE_CURVE('',#4988,#7292,#7294,.T.);
#7292 = VERTEX_POINT('',#7293);
#7293 = CARTESIAN_POINT('',(0.16,-7.46,8.54));
#7294 = LINE('',#7295,#7296);
#7295 = CARTESIAN_POINT('',(5.333333333333E-02,-7.566666666667,
    8.646666666667));
#7296 = VECTOR('',#7297,1.);
#7297 = DIRECTION('',(-0.57735026919,-0.57735026919,0.57735026919));
#7298 = ORIENTED_EDGE('',*,*,#7299,.F.);
#7299 = EDGE_CURVE('',#7268,#7292,#7300,.T.);
#7300 = LINE('',#7301,#7302);
#7301 = CARTESIAN_POINT('',(0.16,-7.94,8.54));
#7302 = VECTOR('',#7303,1.);
#7303 = DIRECTION('',(0.,1.,0.));
#7304 = PLANE('',#7305);
#7305 = AXIS2_PLACEMENT_3D('',#7306,#7307,#7308);
#7306 = CARTESIAN_POINT('',(0.24,-7.94,8.46));
#7307 = DIRECTION('',(0.707106781187,-1.735167508357E-18,0.707106781187)
  );
#7308 = DIRECTION('',(1.226948711654E-18,1.,1.226948711654E-18));
#7309 = ADVANCED_FACE('',(#7310),#7328,.T.);
#7310 = FACE_BOUND('',#7311,.F.);
#7311 = EDGE_LOOP('',(#7312,#7320,#7321,#7322));
#7312 = ORIENTED_EDGE('',*,*,#7313,.F.);
#7313 = EDGE_CURVE('',#5012,#7314,#7316,.T.);
#7314 = VERTEX_POINT('',#7315);
#7315 = CARTESIAN_POINT('',(-0.16,-7.46,8.54));
#7316 = LINE('',#7317,#7318);
#7317 = CARTESIAN_POINT('',(-0.16,-7.46,8.54));
#7318 = VECTOR('',#7319,1.);
#7319 = DIRECTION('',(0.57735026919,-0.57735026919,0.57735026919));
#7320 = ORIENTED_EDGE('',*,*,#5019,.T.);
#7321 = ORIENTED_EDGE('',*,*,#7291,.T.);
#7322 = ORIENTED_EDGE('',*,*,#7323,.F.);
#7323 = EDGE_CURVE('',#7314,#7292,#7324,.T.);
#7324 = LINE('',#7325,#7326);
#7325 = CARTESIAN_POINT('',(-0.32,-7.46,8.54));
#7326 = VECTOR('',#7327,1.);
#7327 = DIRECTION('',(1.,0.,0.));
#7328 = PLANE('',#7329);
#7329 = AXIS2_PLACEMENT_3D('',#7330,#7331,#7332);
#7330 = CARTESIAN_POINT('',(-0.32,-7.38,8.46));
#7331 = DIRECTION('',(1.735167508357E-18,0.707106781187,0.707106781187)
  );
#7332 = DIRECTION('',(-1.,1.226948711654E-18,1.226948711654E-18));
#7333 = ADVANCED_FACE('',(#7334),#7345,.F.);
#7334 = FACE_BOUND('',#7335,.F.);
#7335 = EDGE_LOOP('',(#7336,#7337,#7338,#7339));
#7336 = ORIENTED_EDGE('',*,*,#7258,.F.);
#7337 = ORIENTED_EDGE('',*,*,#5036,.T.);
#7338 = ORIENTED_EDGE('',*,*,#7313,.T.);
#7339 = ORIENTED_EDGE('',*,*,#7340,.F.);
#7340 = EDGE_CURVE('',#7259,#7314,#7341,.T.);
#7341 = LINE('',#7342,#7343);
#7342 = CARTESIAN_POINT('',(-0.16,-7.94,8.54));
#7343 = VECTOR('',#7344,1.);
#7344 = DIRECTION('',(0.,1.,0.));
#7345 = PLANE('',#7346);
#7346 = AXIS2_PLACEMENT_3D('',#7347,#7348,#7349);
#7347 = CARTESIAN_POINT('',(-0.24,-7.94,8.46));
#7348 = DIRECTION('',(0.707106781187,1.735167508357E-18,-0.707106781187)
  );
#7349 = DIRECTION('',(-1.226948711654E-18,1.,1.226948711654E-18));
#7350 = ADVANCED_FACE('',(#7351),#7376,.F.);
#7351 = FACE_BOUND('',#7352,.T.);
#7352 = EDGE_LOOP('',(#7353,#7361,#7362,#7370));
#7353 = ORIENTED_EDGE('',*,*,#7354,.F.);
#7354 = EDGE_CURVE('',#5060,#7355,#7357,.T.);
#7355 = VERTEX_POINT('',#7356);
#7356 = CARTESIAN_POINT('',(-0.16,-12.86,8.54));
#7357 = LINE('',#7358,#7359);
#7358 = CARTESIAN_POINT('',(-0.266666666667,-12.96666666666,
    8.433333333333));
#7359 = VECTOR('',#7360,1.);
#7360 = DIRECTION('',(0.57735026919,0.57735026919,0.57735026919));
#7361 = ORIENTED_EDGE('',*,*,#5067,.T.);
#7362 = ORIENTED_EDGE('',*,*,#7363,.T.);
#7363 = EDGE_CURVE('',#5051,#7364,#7366,.T.);
#7364 = VERTEX_POINT('',#7365);
#7365 = CARTESIAN_POINT('',(0.16,-12.86,8.54));
#7366 = LINE('',#7367,#7368);
#7367 = CARTESIAN_POINT('',(0.16,-12.86,8.54));
#7368 = VECTOR('',#7369,1.);
#7369 = DIRECTION('',(-0.57735026919,0.57735026919,0.57735026919));
#7370 = ORIENTED_EDGE('',*,*,#7371,.F.);
#7371 = EDGE_CURVE('',#7355,#7364,#7372,.T.);
#7372 = LINE('',#7373,#7374);
#7373 = CARTESIAN_POINT('',(-0.32,-12.86,8.54));
#7374 = VECTOR('',#7375,1.);
#7375 = DIRECTION('',(1.,0.,0.));
#7376 = PLANE('',#7377);
#7377 = AXIS2_PLACEMENT_3D('',#7378,#7379,#7380);
#7378 = CARTESIAN_POINT('',(-0.32,-12.94,8.46));
#7379 = DIRECTION('',(-1.735167508357E-18,0.707106781187,-0.707106781187
    ));
#7380 = DIRECTION('',(-1.,-1.226948711654E-18,1.226948711654E-18));
#7381 = ADVANCED_FACE('',(#7382),#7400,.T.);
#7382 = FACE_BOUND('',#7383,.T.);
#7383 = EDGE_LOOP('',(#7384,#7385,#7386,#7394));
#7384 = ORIENTED_EDGE('',*,*,#7363,.F.);
#7385 = ORIENTED_EDGE('',*,*,#5091,.T.);
#7386 = ORIENTED_EDGE('',*,*,#7387,.T.);
#7387 = EDGE_CURVE('',#5084,#7388,#7390,.T.);
#7388 = VERTEX_POINT('',#7389);
#7389 = CARTESIAN_POINT('',(0.16,-12.54,8.54));
#7390 = LINE('',#7391,#7392);
#7391 = CARTESIAN_POINT('',(5.333333333333E-02,-12.64666666666,
    8.646666666667));
#7392 = VECTOR('',#7393,1.);
#7393 = DIRECTION('',(-0.57735026919,-0.57735026919,0.57735026919));
#7394 = ORIENTED_EDGE('',*,*,#7395,.F.);
#7395 = EDGE_CURVE('',#7364,#7388,#7396,.T.);
#7396 = LINE('',#7397,#7398);
#7397 = CARTESIAN_POINT('',(0.16,-13.02,8.54));
#7398 = VECTOR('',#7399,1.);
#7399 = DIRECTION('',(0.,1.,0.));
#7400 = PLANE('',#7401);
#7401 = AXIS2_PLACEMENT_3D('',#7402,#7403,#7404);
#7402 = CARTESIAN_POINT('',(0.24,-13.02,8.46));
#7403 = DIRECTION('',(0.707106781187,-1.735167508357E-18,0.707106781187)
  );
#7404 = DIRECTION('',(1.226948711654E-18,1.,1.226948711654E-18));
#7405 = ADVANCED_FACE('',(#7406),#7424,.T.);
#7406 = FACE_BOUND('',#7407,.F.);
#7407 = EDGE_LOOP('',(#7408,#7416,#7417,#7418));
#7408 = ORIENTED_EDGE('',*,*,#7409,.F.);
#7409 = EDGE_CURVE('',#5108,#7410,#7412,.T.);
#7410 = VERTEX_POINT('',#7411);
#7411 = CARTESIAN_POINT('',(-0.16,-12.54,8.54));
#7412 = LINE('',#7413,#7414);
#7413 = CARTESIAN_POINT('',(-0.16,-12.54,8.54));
#7414 = VECTOR('',#7415,1.);
#7415 = DIRECTION('',(0.57735026919,-0.57735026919,0.57735026919));
#7416 = ORIENTED_EDGE('',*,*,#5115,.T.);
#7417 = ORIENTED_EDGE('',*,*,#7387,.T.);
#7418 = ORIENTED_EDGE('',*,*,#7419,.F.);
#7419 = EDGE_CURVE('',#7410,#7388,#7420,.T.);
#7420 = LINE('',#7421,#7422);
#7421 = CARTESIAN_POINT('',(-0.32,-12.54,8.54));
#7422 = VECTOR('',#7423,1.);
#7423 = DIRECTION('',(1.,0.,0.));
#7424 = PLANE('',#7425);
#7425 = AXIS2_PLACEMENT_3D('',#7426,#7427,#7428);
#7426 = CARTESIAN_POINT('',(-0.32,-12.46,8.46));
#7427 = DIRECTION('',(1.735167508357E-18,0.707106781187,0.707106781187)
  );
#7428 = DIRECTION('',(-1.,1.226948711654E-18,1.226948711654E-18));
#7429 = ADVANCED_FACE('',(#7430),#7441,.F.);
#7430 = FACE_BOUND('',#7431,.F.);
#7431 = EDGE_LOOP('',(#7432,#7433,#7434,#7435));
#7432 = ORIENTED_EDGE('',*,*,#7354,.F.);
#7433 = ORIENTED_EDGE('',*,*,#5132,.T.);
#7434 = ORIENTED_EDGE('',*,*,#7409,.T.);
#7435 = ORIENTED_EDGE('',*,*,#7436,.F.);
#7436 = EDGE_CURVE('',#7355,#7410,#7437,.T.);
#7437 = LINE('',#7438,#7439);
#7438 = CARTESIAN_POINT('',(-0.16,-13.02,8.54));
#7439 = VECTOR('',#7440,1.);
#7440 = DIRECTION('',(0.,1.,0.));
#7441 = PLANE('',#7442);
#7442 = AXIS2_PLACEMENT_3D('',#7443,#7444,#7445);
#7443 = CARTESIAN_POINT('',(-0.24,-13.02,8.46));
#7444 = DIRECTION('',(0.707106781187,1.735167508357E-18,-0.707106781187)
  );
#7445 = DIRECTION('',(-1.226948711654E-18,1.,1.226948711654E-18));
#7446 = ADVANCED_FACE('',(#7447),#7472,.T.);
#7447 = FACE_BOUND('',#7448,.T.);
#7448 = EDGE_LOOP('',(#7449,#7457,#7458,#7466));
#7449 = ORIENTED_EDGE('',*,*,#7450,.F.);
#7450 = EDGE_CURVE('',#5147,#7451,#7453,.T.);
#7451 = VERTEX_POINT('',#7452);
#7452 = CARTESIAN_POINT('',(0.16,-10.32,8.54));
#7453 = LINE('',#7454,#7455);
#7454 = CARTESIAN_POINT('',(0.16,-10.32,8.54));
#7455 = VECTOR('',#7456,1.);
#7456 = DIRECTION('',(-0.57735026919,0.57735026919,0.57735026919));
#7457 = ORIENTED_EDGE('',*,*,#5163,.T.);
#7458 = ORIENTED_EDGE('',*,*,#7459,.T.);
#7459 = EDGE_CURVE('',#5156,#7460,#7462,.T.);
#7460 = VERTEX_POINT('',#7461);
#7461 = CARTESIAN_POINT('',(0.16,-10.,8.54));
#7462 = LINE('',#7463,#7464);
#7463 = CARTESIAN_POINT('',(5.333333333333E-02,-10.10666666666,
    8.646666666667));
#7464 = VECTOR('',#7465,1.);
#7465 = DIRECTION('',(-0.57735026919,-0.57735026919,0.57735026919));
#7466 = ORIENTED_EDGE('',*,*,#7467,.F.);
#7467 = EDGE_CURVE('',#7451,#7460,#7468,.T.);
#7468 = LINE('',#7469,#7470);
#7469 = CARTESIAN_POINT('',(0.16,-10.48,8.54));
#7470 = VECTOR('',#7471,1.);
#7471 = DIRECTION('',(0.,1.,0.));
#7472 = PLANE('',#7473);
#7473 = AXIS2_PLACEMENT_3D('',#7474,#7475,#7476);
#7474 = CARTESIAN_POINT('',(0.24,-10.48,8.46));
#7475 = DIRECTION('',(0.707106781187,-1.735167508357E-18,0.707106781187)
  );
#7476 = DIRECTION('',(1.226948711654E-18,1.,1.226948711654E-18));
#7477 = ADVANCED_FACE('',(#7478),#7496,.T.);
#7478 = FACE_BOUND('',#7479,.F.);
#7479 = EDGE_LOOP('',(#7480,#7488,#7489,#7490));
#7480 = ORIENTED_EDGE('',*,*,#7481,.F.);
#7481 = EDGE_CURVE('',#5180,#7482,#7484,.T.);
#7482 = VERTEX_POINT('',#7483);
#7483 = CARTESIAN_POINT('',(-0.16,-10.,8.54));
#7484 = LINE('',#7485,#7486);
#7485 = CARTESIAN_POINT('',(-0.16,-10.,8.54));
#7486 = VECTOR('',#7487,1.);
#7487 = DIRECTION('',(0.57735026919,-0.57735026919,0.57735026919));
#7488 = ORIENTED_EDGE('',*,*,#5187,.T.);
#7489 = ORIENTED_EDGE('',*,*,#7459,.T.);
#7490 = ORIENTED_EDGE('',*,*,#7491,.F.);
#7491 = EDGE_CURVE('',#7482,#7460,#7492,.T.);
#7492 = LINE('',#7493,#7494);
#7493 = CARTESIAN_POINT('',(-0.32,-10.,8.54));
#7494 = VECTOR('',#7495,1.);
#7495 = DIRECTION('',(1.,0.,0.));
#7496 = PLANE('',#7497);
#7497 = AXIS2_PLACEMENT_3D('',#7498,#7499,#7500);
#7498 = CARTESIAN_POINT('',(-0.32,-9.92,8.46));
#7499 = DIRECTION('',(1.735167508357E-18,0.707106781187,0.707106781187)
  );
#7500 = DIRECTION('',(-1.,1.226948711654E-18,1.226948711654E-18));
#7501 = ADVANCED_FACE('',(#7502),#7520,.F.);
#7502 = FACE_BOUND('',#7503,.F.);
#7503 = EDGE_LOOP('',(#7504,#7512,#7513,#7514));
#7504 = ORIENTED_EDGE('',*,*,#7505,.F.);
#7505 = EDGE_CURVE('',#5202,#7506,#7508,.T.);
#7506 = VERTEX_POINT('',#7507);
#7507 = CARTESIAN_POINT('',(-0.16,-10.32,8.54));
#7508 = LINE('',#7509,#7510);
#7509 = CARTESIAN_POINT('',(-0.266666666667,-10.42666666666,
    8.433333333333));
#7510 = VECTOR('',#7511,1.);
#7511 = DIRECTION('',(0.57735026919,0.57735026919,0.57735026919));
#7512 = ORIENTED_EDGE('',*,*,#5211,.T.);
#7513 = ORIENTED_EDGE('',*,*,#7481,.T.);
#7514 = ORIENTED_EDGE('',*,*,#7515,.F.);
#7515 = EDGE_CURVE('',#7506,#7482,#7516,.T.);
#7516 = LINE('',#7517,#7518);
#7517 = CARTESIAN_POINT('',(-0.16,-10.48,8.54));
#7518 = VECTOR('',#7519,1.);
#7519 = DIRECTION('',(0.,1.,0.));
#7520 = PLANE('',#7521);
#7521 = AXIS2_PLACEMENT_3D('',#7522,#7523,#7524);
#7522 = CARTESIAN_POINT('',(-0.24,-10.48,8.46));
#7523 = DIRECTION('',(0.707106781187,1.735167508357E-18,-0.707106781187)
  );
#7524 = DIRECTION('',(-1.226948711654E-18,1.,1.226948711654E-18));
#7525 = ADVANCED_FACE('',(#7526),#7537,.F.);
#7526 = FACE_BOUND('',#7527,.T.);
#7527 = EDGE_LOOP('',(#7528,#7529,#7530,#7531));
#7528 = ORIENTED_EDGE('',*,*,#7505,.F.);
#7529 = ORIENTED_EDGE('',*,*,#5228,.T.);
#7530 = ORIENTED_EDGE('',*,*,#7450,.T.);
#7531 = ORIENTED_EDGE('',*,*,#7532,.F.);
#7532 = EDGE_CURVE('',#7506,#7451,#7533,.T.);
#7533 = LINE('',#7534,#7535);
#7534 = CARTESIAN_POINT('',(-0.32,-10.32,8.54));
#7535 = VECTOR('',#7536,1.);
#7536 = DIRECTION('',(1.,0.,0.));
#7537 = PLANE('',#7538);
#7538 = AXIS2_PLACEMENT_3D('',#7539,#7540,#7541);
#7539 = CARTESIAN_POINT('',(-0.32,-10.4,8.46));
#7540 = DIRECTION('',(-1.735167508357E-18,0.707106781187,-0.707106781187
    ));
#7541 = DIRECTION('',(-1.,-1.226948711654E-18,1.226948711654E-18));
#7542 = ADVANCED_FACE('',(#7543),#7568,.T.);
#7543 = FACE_BOUND('',#7544,.F.);
#7544 = EDGE_LOOP('',(#7545,#7553,#7554,#7562));
#7545 = ORIENTED_EDGE('',*,*,#7546,.F.);
#7546 = EDGE_CURVE('',#5252,#7547,#7549,.T.);
#7547 = VERTEX_POINT('',#7548);
#7548 = CARTESIAN_POINT('',(-0.16,-20.16,8.54));
#7549 = LINE('',#7550,#7551);
#7550 = CARTESIAN_POINT('',(-0.16,-20.16,8.54));
#7551 = VECTOR('',#7552,1.);
#7552 = DIRECTION('',(0.57735026919,-0.57735026919,0.57735026919));
#7553 = ORIENTED_EDGE('',*,*,#5259,.T.);
#7554 = ORIENTED_EDGE('',*,*,#7555,.T.);
#7555 = EDGE_CURVE('',#5243,#7556,#7558,.T.);
#7556 = VERTEX_POINT('',#7557);
#7557 = CARTESIAN_POINT('',(0.16,-20.16,8.54));
#7558 = LINE('',#7559,#7560);
#7559 = CARTESIAN_POINT('',(5.333333333333E-02,-20.26666666666,
    8.646666666667));
#7560 = VECTOR('',#7561,1.);
#7561 = DIRECTION('',(-0.57735026919,-0.57735026919,0.57735026919));
#7562 = ORIENTED_EDGE('',*,*,#7563,.F.);
#7563 = EDGE_CURVE('',#7547,#7556,#7564,.T.);
#7564 = LINE('',#7565,#7566);
#7565 = CARTESIAN_POINT('',(-0.32,-20.16,8.54));
#7566 = VECTOR('',#7567,1.);
#7567 = DIRECTION('',(1.,0.,0.));
#7568 = PLANE('',#7569);
#7569 = AXIS2_PLACEMENT_3D('',#7570,#7571,#7572);
#7570 = CARTESIAN_POINT('',(-0.32,-20.08,8.46));
#7571 = DIRECTION('',(1.735167508357E-18,0.707106781187,0.707106781187)
  );
#7572 = DIRECTION('',(-1.,1.226948711654E-18,1.226948711654E-18));
#7573 = ADVANCED_FACE('',(#7574),#7592,.F.);
#7574 = FACE_BOUND('',#7575,.F.);
#7575 = EDGE_LOOP('',(#7576,#7584,#7585,#7586));
#7576 = ORIENTED_EDGE('',*,*,#7577,.F.);
#7577 = EDGE_CURVE('',#5274,#7578,#7580,.T.);
#7578 = VERTEX_POINT('',#7579);
#7579 = CARTESIAN_POINT('',(-0.16,-20.48,8.54));
#7580 = LINE('',#7581,#7582);
#7581 = CARTESIAN_POINT('',(-0.266666666667,-20.58666666666,
    8.433333333333));
#7582 = VECTOR('',#7583,1.);
#7583 = DIRECTION('',(0.57735026919,0.57735026919,0.57735026919));
#7584 = ORIENTED_EDGE('',*,*,#5283,.T.);
#7585 = ORIENTED_EDGE('',*,*,#7546,.T.);
#7586 = ORIENTED_EDGE('',*,*,#7587,.F.);
#7587 = EDGE_CURVE('',#7578,#7547,#7588,.T.);
#7588 = LINE('',#7589,#7590);
#7589 = CARTESIAN_POINT('',(-0.16,-20.64,8.54));
#7590 = VECTOR('',#7591,1.);
#7591 = DIRECTION('',(0.,1.,0.));
#7592 = PLANE('',#7593);
#7593 = AXIS2_PLACEMENT_3D('',#7594,#7595,#7596);
#7594 = CARTESIAN_POINT('',(-0.24,-20.64,8.46));
#7595 = DIRECTION('',(0.707106781187,1.735167508357E-18,-0.707106781187)
  );
#7596 = DIRECTION('',(-1.226948711654E-18,1.,1.226948711654E-18));
#7597 = ADVANCED_FACE('',(#7598),#7616,.F.);
#7598 = FACE_BOUND('',#7599,.T.);
#7599 = EDGE_LOOP('',(#7600,#7601,#7602,#7610));
#7600 = ORIENTED_EDGE('',*,*,#7577,.F.);
#7601 = ORIENTED_EDGE('',*,*,#5307,.T.);
#7602 = ORIENTED_EDGE('',*,*,#7603,.T.);
#7603 = EDGE_CURVE('',#5298,#7604,#7606,.T.);
#7604 = VERTEX_POINT('',#7605);
#7605 = CARTESIAN_POINT('',(0.16,-20.48,8.54));
#7606 = LINE('',#7607,#7608);
#7607 = CARTESIAN_POINT('',(0.16,-20.48,8.54));
#7608 = VECTOR('',#7609,1.);
#7609 = DIRECTION('',(-0.57735026919,0.57735026919,0.57735026919));
#7610 = ORIENTED_EDGE('',*,*,#7611,.F.);
#7611 = EDGE_CURVE('',#7578,#7604,#7612,.T.);
#7612 = LINE('',#7613,#7614);
#7613 = CARTESIAN_POINT('',(-0.32,-20.48,8.54));
#7614 = VECTOR('',#7615,1.);
#7615 = DIRECTION('',(1.,0.,0.));
#7616 = PLANE('',#7617);
#7617 = AXIS2_PLACEMENT_3D('',#7618,#7619,#7620);
#7618 = CARTESIAN_POINT('',(-0.32,-20.56,8.46));
#7619 = DIRECTION('',(-1.735167508357E-18,0.707106781187,-0.707106781187
    ));
#7620 = DIRECTION('',(-1.,-1.226948711654E-18,1.226948711654E-18));
#7621 = ADVANCED_FACE('',(#7622),#7633,.T.);
#7622 = FACE_BOUND('',#7623,.T.);
#7623 = EDGE_LOOP('',(#7624,#7625,#7626,#7627));
#7624 = ORIENTED_EDGE('',*,*,#7603,.F.);
#7625 = ORIENTED_EDGE('',*,*,#5324,.T.);
#7626 = ORIENTED_EDGE('',*,*,#7555,.T.);
#7627 = ORIENTED_EDGE('',*,*,#7628,.F.);
#7628 = EDGE_CURVE('',#7604,#7556,#7629,.T.);
#7629 = LINE('',#7630,#7631);
#7630 = CARTESIAN_POINT('',(0.16,-20.64,8.54));
#7631 = VECTOR('',#7632,1.);
#7632 = DIRECTION('',(0.,1.,0.));
#7633 = PLANE('',#7634);
#7634 = AXIS2_PLACEMENT_3D('',#7635,#7636,#7637);
#7635 = CARTESIAN_POINT('',(0.24,-20.64,8.46));
#7636 = DIRECTION('',(0.707106781187,-1.735167508357E-18,0.707106781187)
  );
#7637 = DIRECTION('',(1.226948711654E-18,1.,1.226948711654E-18));
#7638 = ADVANCED_FACE('',(#7639),#7664,.T.);
#7639 = FACE_BOUND('',#7640,.T.);
#7640 = EDGE_LOOP('',(#7641,#7649,#7650,#7658));
#7641 = ORIENTED_EDGE('',*,*,#7642,.F.);
#7642 = EDGE_CURVE('',#5339,#7643,#7645,.T.);
#7643 = VERTEX_POINT('',#7644);
#7644 = CARTESIAN_POINT('',(0.16,-17.94,8.54));
#7645 = LINE('',#7646,#7647);
#7646 = CARTESIAN_POINT('',(0.16,-17.94,8.54));
#7647 = VECTOR('',#7648,1.);
#7648 = DIRECTION('',(-0.57735026919,0.57735026919,0.57735026919));
#7649 = ORIENTED_EDGE('',*,*,#5355,.T.);
#7650 = ORIENTED_EDGE('',*,*,#7651,.T.);
#7651 = EDGE_CURVE('',#5348,#7652,#7654,.T.);
#7652 = VERTEX_POINT('',#7653);
#7653 = CARTESIAN_POINT('',(0.16,-17.62,8.54));
#7654 = LINE('',#7655,#7656);
#7655 = CARTESIAN_POINT('',(5.333333333333E-02,-17.72666666666,
    8.646666666667));
#7656 = VECTOR('',#7657,1.);
#7657 = DIRECTION('',(-0.57735026919,-0.57735026919,0.57735026919));
#7658 = ORIENTED_EDGE('',*,*,#7659,.F.);
#7659 = EDGE_CURVE('',#7643,#7652,#7660,.T.);
#7660 = LINE('',#7661,#7662);
#7661 = CARTESIAN_POINT('',(0.16,-18.1,8.54));
#7662 = VECTOR('',#7663,1.);
#7663 = DIRECTION('',(0.,1.,0.));
#7664 = PLANE('',#7665);
#7665 = AXIS2_PLACEMENT_3D('',#7666,#7667,#7668);
#7666 = CARTESIAN_POINT('',(0.24,-18.1,8.46));
#7667 = DIRECTION('',(0.707106781187,-1.735167508357E-18,0.707106781187)
  );
#7668 = DIRECTION('',(1.226948711654E-18,1.,1.226948711654E-18));
#7669 = ADVANCED_FACE('',(#7670),#7688,.T.);
#7670 = FACE_BOUND('',#7671,.F.);
#7671 = EDGE_LOOP('',(#7672,#7680,#7681,#7682));
#7672 = ORIENTED_EDGE('',*,*,#7673,.F.);
#7673 = EDGE_CURVE('',#5372,#7674,#7676,.T.);
#7674 = VERTEX_POINT('',#7675);
#7675 = CARTESIAN_POINT('',(-0.16,-17.62,8.54));
#7676 = LINE('',#7677,#7678);
#7677 = CARTESIAN_POINT('',(-0.16,-17.62,8.54));
#7678 = VECTOR('',#7679,1.);
#7679 = DIRECTION('',(0.57735026919,-0.57735026919,0.57735026919));
#7680 = ORIENTED_EDGE('',*,*,#5379,.T.);
#7681 = ORIENTED_EDGE('',*,*,#7651,.T.);
#7682 = ORIENTED_EDGE('',*,*,#7683,.F.);
#7683 = EDGE_CURVE('',#7674,#7652,#7684,.T.);
#7684 = LINE('',#7685,#7686);
#7685 = CARTESIAN_POINT('',(-0.32,-17.62,8.54));
#7686 = VECTOR('',#7687,1.);
#7687 = DIRECTION('',(1.,0.,0.));
#7688 = PLANE('',#7689);
#7689 = AXIS2_PLACEMENT_3D('',#7690,#7691,#7692);
#7690 = CARTESIAN_POINT('',(-0.32,-17.54,8.46));
#7691 = DIRECTION('',(1.735167508357E-18,0.707106781187,0.707106781187)
  );
#7692 = DIRECTION('',(-1.,1.226948711654E-18,1.226948711654E-18));
#7693 = ADVANCED_FACE('',(#7694),#7712,.F.);
#7694 = FACE_BOUND('',#7695,.F.);
#7695 = EDGE_LOOP('',(#7696,#7704,#7705,#7706));
#7696 = ORIENTED_EDGE('',*,*,#7697,.F.);
#7697 = EDGE_CURVE('',#5394,#7698,#7700,.T.);
#7698 = VERTEX_POINT('',#7699);
#7699 = CARTESIAN_POINT('',(-0.16,-17.94,8.54));
#7700 = LINE('',#7701,#7702);
#7701 = CARTESIAN_POINT('',(-0.266666666667,-18.04666666666,
    8.433333333333));
#7702 = VECTOR('',#7703,1.);
#7703 = DIRECTION('',(0.57735026919,0.57735026919,0.57735026919));
#7704 = ORIENTED_EDGE('',*,*,#5403,.T.);
#7705 = ORIENTED_EDGE('',*,*,#7673,.T.);
#7706 = ORIENTED_EDGE('',*,*,#7707,.F.);
#7707 = EDGE_CURVE('',#7698,#7674,#7708,.T.);
#7708 = LINE('',#7709,#7710);
#7709 = CARTESIAN_POINT('',(-0.16,-18.1,8.54));
#7710 = VECTOR('',#7711,1.);
#7711 = DIRECTION('',(0.,1.,0.));
#7712 = PLANE('',#7713);
#7713 = AXIS2_PLACEMENT_3D('',#7714,#7715,#7716);
#7714 = CARTESIAN_POINT('',(-0.24,-18.1,8.46));
#7715 = DIRECTION('',(0.707106781187,1.735167508357E-18,-0.707106781187)
  );
#7716 = DIRECTION('',(-1.226948711654E-18,1.,1.226948711654E-18));
#7717 = ADVANCED_FACE('',(#7718),#7729,.F.);
#7718 = FACE_BOUND('',#7719,.T.);
#7719 = EDGE_LOOP('',(#7720,#7721,#7722,#7723));
#7720 = ORIENTED_EDGE('',*,*,#7697,.F.);
#7721 = ORIENTED_EDGE('',*,*,#5420,.T.);
#7722 = ORIENTED_EDGE('',*,*,#7642,.T.);
#7723 = ORIENTED_EDGE('',*,*,#7724,.F.);
#7724 = EDGE_CURVE('',#7698,#7643,#7725,.T.);
#7725 = LINE('',#7726,#7727);
#7726 = CARTESIAN_POINT('',(-0.32,-17.94,8.54));
#7727 = VECTOR('',#7728,1.);
#7728 = DIRECTION('',(1.,0.,0.));
#7729 = PLANE('',#7730);
#7730 = AXIS2_PLACEMENT_3D('',#7731,#7732,#7733);
#7731 = CARTESIAN_POINT('',(-0.32,-18.02,8.46));
#7732 = DIRECTION('',(-1.735167508357E-18,0.707106781187,-0.707106781187
    ));
#7733 = DIRECTION('',(-1.,-1.226948711654E-18,1.226948711654E-18));
#7734 = ADVANCED_FACE('',(#7735),#7760,.T.);
#7735 = FACE_BOUND('',#7736,.F.);
#7736 = EDGE_LOOP('',(#7737,#7745,#7746,#7754));
#7737 = ORIENTED_EDGE('',*,*,#7738,.F.);
#7738 = EDGE_CURVE('',#5444,#7739,#7741,.T.);
#7739 = VERTEX_POINT('',#7740);
#7740 = CARTESIAN_POINT('',(-0.16,-15.08,8.54));
#7741 = LINE('',#7742,#7743);
#7742 = CARTESIAN_POINT('',(-0.16,-15.08,8.54));
#7743 = VECTOR('',#7744,1.);
#7744 = DIRECTION('',(0.57735026919,-0.57735026919,0.57735026919));
#7745 = ORIENTED_EDGE('',*,*,#5451,.T.);
#7746 = ORIENTED_EDGE('',*,*,#7747,.T.);
#7747 = EDGE_CURVE('',#5435,#7748,#7750,.T.);
#7748 = VERTEX_POINT('',#7749);
#7749 = CARTESIAN_POINT('',(0.16,-15.08,8.54));
#7750 = LINE('',#7751,#7752);
#7751 = CARTESIAN_POINT('',(5.333333333333E-02,-15.18666666666,
    8.646666666667));
#7752 = VECTOR('',#7753,1.);
#7753 = DIRECTION('',(-0.57735026919,-0.57735026919,0.57735026919));
#7754 = ORIENTED_EDGE('',*,*,#7755,.F.);
#7755 = EDGE_CURVE('',#7739,#7748,#7756,.T.);
#7756 = LINE('',#7757,#7758);
#7757 = CARTESIAN_POINT('',(-0.32,-15.08,8.54));
#7758 = VECTOR('',#7759,1.);
#7759 = DIRECTION('',(1.,0.,0.));
#7760 = PLANE('',#7761);
#7761 = AXIS2_PLACEMENT_3D('',#7762,#7763,#7764);
#7762 = CARTESIAN_POINT('',(-0.32,-15.,8.46));
#7763 = DIRECTION('',(1.735167508357E-18,0.707106781187,0.707106781187)
  );
#7764 = DIRECTION('',(-1.,1.226948711654E-18,1.226948711654E-18));
#7765 = ADVANCED_FACE('',(#7766),#7784,.F.);
#7766 = FACE_BOUND('',#7767,.F.);
#7767 = EDGE_LOOP('',(#7768,#7776,#7777,#7778));
#7768 = ORIENTED_EDGE('',*,*,#7769,.F.);
#7769 = EDGE_CURVE('',#5466,#7770,#7772,.T.);
#7770 = VERTEX_POINT('',#7771);
#7771 = CARTESIAN_POINT('',(-0.16,-15.4,8.54));
#7772 = LINE('',#7773,#7774);
#7773 = CARTESIAN_POINT('',(-0.266666666667,-15.50666666666,
    8.433333333333));
#7774 = VECTOR('',#7775,1.);
#7775 = DIRECTION('',(0.57735026919,0.57735026919,0.57735026919));
#7776 = ORIENTED_EDGE('',*,*,#5475,.T.);
#7777 = ORIENTED_EDGE('',*,*,#7738,.T.);
#7778 = ORIENTED_EDGE('',*,*,#7779,.F.);
#7779 = EDGE_CURVE('',#7770,#7739,#7780,.T.);
#7780 = LINE('',#7781,#7782);
#7781 = CARTESIAN_POINT('',(-0.16,-15.56,8.54));
#7782 = VECTOR('',#7783,1.);
#7783 = DIRECTION('',(0.,1.,0.));
#7784 = PLANE('',#7785);
#7785 = AXIS2_PLACEMENT_3D('',#7786,#7787,#7788);
#7786 = CARTESIAN_POINT('',(-0.24,-15.56,8.46));
#7787 = DIRECTION('',(0.707106781187,1.735167508357E-18,-0.707106781187)
  );
#7788 = DIRECTION('',(-1.226948711654E-18,1.,1.226948711654E-18));
#7789 = ADVANCED_FACE('',(#7790),#7808,.F.);
#7790 = FACE_BOUND('',#7791,.T.);
#7791 = EDGE_LOOP('',(#7792,#7793,#7794,#7802));
#7792 = ORIENTED_EDGE('',*,*,#7769,.F.);
#7793 = ORIENTED_EDGE('',*,*,#5499,.T.);
#7794 = ORIENTED_EDGE('',*,*,#7795,.T.);
#7795 = EDGE_CURVE('',#5490,#7796,#7798,.T.);
#7796 = VERTEX_POINT('',#7797);
#7797 = CARTESIAN_POINT('',(0.16,-15.4,8.54));
#7798 = LINE('',#7799,#7800);
#7799 = CARTESIAN_POINT('',(0.16,-15.4,8.54));
#7800 = VECTOR('',#7801,1.);
#7801 = DIRECTION('',(-0.57735026919,0.57735026919,0.57735026919));
#7802 = ORIENTED_EDGE('',*,*,#7803,.F.);
#7803 = EDGE_CURVE('',#7770,#7796,#7804,.T.);
#7804 = LINE('',#7805,#7806);
#7805 = CARTESIAN_POINT('',(-0.32,-15.4,8.54));
#7806 = VECTOR('',#7807,1.);
#7807 = DIRECTION('',(1.,0.,0.));
#7808 = PLANE('',#7809);
#7809 = AXIS2_PLACEMENT_3D('',#7810,#7811,#7812);
#7810 = CARTESIAN_POINT('',(-0.32,-15.48,8.46));
#7811 = DIRECTION('',(-1.735167508357E-18,0.707106781187,-0.707106781187
    ));
#7812 = DIRECTION('',(-1.,-1.226948711654E-18,1.226948711654E-18));
#7813 = ADVANCED_FACE('',(#7814),#7825,.T.);
#7814 = FACE_BOUND('',#7815,.T.);
#7815 = EDGE_LOOP('',(#7816,#7817,#7818,#7819));
#7816 = ORIENTED_EDGE('',*,*,#7795,.F.);
#7817 = ORIENTED_EDGE('',*,*,#5516,.T.);
#7818 = ORIENTED_EDGE('',*,*,#7747,.T.);
#7819 = ORIENTED_EDGE('',*,*,#7820,.F.);
#7820 = EDGE_CURVE('',#7796,#7748,#7821,.T.);
#7821 = LINE('',#7822,#7823);
#7822 = CARTESIAN_POINT('',(0.16,-15.56,8.54));
#7823 = VECTOR('',#7824,1.);
#7824 = DIRECTION('',(0.,1.,0.));
#7825 = PLANE('',#7826);
#7826 = AXIS2_PLACEMENT_3D('',#7827,#7828,#7829);
#7827 = CARTESIAN_POINT('',(0.24,-15.56,8.46));
#7828 = DIRECTION('',(0.707106781187,-1.735167508357E-18,0.707106781187)
  );
#7829 = DIRECTION('',(1.226948711654E-18,1.,1.226948711654E-18));
#7830 = ADVANCED_FACE('',(#7831),#7856,.T.);
#7831 = FACE_BOUND('',#7832,.T.);
#7832 = EDGE_LOOP('',(#7833,#7841,#7842,#7850));
#7833 = ORIENTED_EDGE('',*,*,#7834,.F.);
#7834 = EDGE_CURVE('',#5531,#7835,#7837,.T.);
#7835 = VERTEX_POINT('',#7836);
#7836 = CARTESIAN_POINT('',(0.16,-0.16,8.54));
#7837 = LINE('',#7838,#7839);
#7838 = CARTESIAN_POINT('',(0.16,-0.16,8.54));
#7839 = VECTOR('',#7840,1.);
#7840 = DIRECTION('',(-0.57735026919,0.57735026919,0.57735026919));
#7841 = ORIENTED_EDGE('',*,*,#5547,.T.);
#7842 = ORIENTED_EDGE('',*,*,#7843,.T.);
#7843 = EDGE_CURVE('',#5540,#7844,#7846,.T.);
#7844 = VERTEX_POINT('',#7845);
#7845 = CARTESIAN_POINT('',(0.16,0.16,8.54));
#7846 = LINE('',#7847,#7848);
#7847 = CARTESIAN_POINT('',(5.333333333333E-02,5.333333333333E-02,
    8.646666666667));
#7848 = VECTOR('',#7849,1.);
#7849 = DIRECTION('',(-0.57735026919,-0.57735026919,0.57735026919));
#7850 = ORIENTED_EDGE('',*,*,#7851,.F.);
#7851 = EDGE_CURVE('',#7835,#7844,#7852,.T.);
#7852 = LINE('',#7853,#7854);
#7853 = CARTESIAN_POINT('',(0.16,-0.32,8.54));
#7854 = VECTOR('',#7855,1.);
#7855 = DIRECTION('',(0.,1.,0.));
#7856 = PLANE('',#7857);
#7857 = AXIS2_PLACEMENT_3D('',#7858,#7859,#7860);
#7858 = CARTESIAN_POINT('',(0.24,-0.32,8.46));
#7859 = DIRECTION('',(0.707106781187,-1.735167508357E-18,0.707106781187)
  );
#7860 = DIRECTION('',(1.226948711654E-18,1.,1.226948711654E-18));
#7861 = ADVANCED_FACE('',(#7862),#7880,.T.);
#7862 = FACE_BOUND('',#7863,.F.);
#7863 = EDGE_LOOP('',(#7864,#7872,#7873,#7874));
#7864 = ORIENTED_EDGE('',*,*,#7865,.F.);
#7865 = EDGE_CURVE('',#5564,#7866,#7868,.T.);
#7866 = VERTEX_POINT('',#7867);
#7867 = CARTESIAN_POINT('',(-0.16,0.16,8.54));
#7868 = LINE('',#7869,#7870);
#7869 = CARTESIAN_POINT('',(-0.16,0.16,8.54));
#7870 = VECTOR('',#7871,1.);
#7871 = DIRECTION('',(0.57735026919,-0.57735026919,0.57735026919));
#7872 = ORIENTED_EDGE('',*,*,#5571,.T.);
#7873 = ORIENTED_EDGE('',*,*,#7843,.T.);
#7874 = ORIENTED_EDGE('',*,*,#7875,.F.);
#7875 = EDGE_CURVE('',#7866,#7844,#7876,.T.);
#7876 = LINE('',#7877,#7878);
#7877 = CARTESIAN_POINT('',(-0.32,0.16,8.54));
#7878 = VECTOR('',#7879,1.);
#7879 = DIRECTION('',(1.,0.,0.));
#7880 = PLANE('',#7881);
#7881 = AXIS2_PLACEMENT_3D('',#7882,#7883,#7884);
#7882 = CARTESIAN_POINT('',(-0.32,0.24,8.46));
#7883 = DIRECTION('',(1.735167508357E-18,0.707106781187,0.707106781187)
  );
#7884 = DIRECTION('',(-1.,1.226948711654E-18,1.226948711654E-18));
#7885 = ADVANCED_FACE('',(#7886),#7904,.F.);
#7886 = FACE_BOUND('',#7887,.F.);
#7887 = EDGE_LOOP('',(#7888,#7896,#7897,#7898));
#7888 = ORIENTED_EDGE('',*,*,#7889,.F.);
#7889 = EDGE_CURVE('',#5586,#7890,#7892,.T.);
#7890 = VERTEX_POINT('',#7891);
#7891 = CARTESIAN_POINT('',(-0.16,-0.16,8.54));
#7892 = LINE('',#7893,#7894);
#7893 = CARTESIAN_POINT('',(-0.266666666667,-0.266666666667,
    8.433333333333));
#7894 = VECTOR('',#7895,1.);
#7895 = DIRECTION('',(0.57735026919,0.57735026919,0.57735026919));
#7896 = ORIENTED_EDGE('',*,*,#5595,.T.);
#7897 = ORIENTED_EDGE('',*,*,#7865,.T.);
#7898 = ORIENTED_EDGE('',*,*,#7899,.F.);
#7899 = EDGE_CURVE('',#7890,#7866,#7900,.T.);
#7900 = LINE('',#7901,#7902);
#7901 = CARTESIAN_POINT('',(-0.16,-0.32,8.54));
#7902 = VECTOR('',#7903,1.);
#7903 = DIRECTION('',(0.,1.,0.));
#7904 = PLANE('',#7905);
#7905 = AXIS2_PLACEMENT_3D('',#7906,#7907,#7908);
#7906 = CARTESIAN_POINT('',(-0.24,-0.32,8.46));
#7907 = DIRECTION('',(0.707106781187,1.735167508357E-18,-0.707106781187)
  );
#7908 = DIRECTION('',(-1.226948711654E-18,1.,1.226948711654E-18));
#7909 = ADVANCED_FACE('',(#7910),#7921,.F.);
#7910 = FACE_BOUND('',#7911,.T.);
#7911 = EDGE_LOOP('',(#7912,#7913,#7914,#7915));
#7912 = ORIENTED_EDGE('',*,*,#7889,.F.);
#7913 = ORIENTED_EDGE('',*,*,#5612,.T.);
#7914 = ORIENTED_EDGE('',*,*,#7834,.T.);
#7915 = ORIENTED_EDGE('',*,*,#7916,.F.);
#7916 = EDGE_CURVE('',#7890,#7835,#7917,.T.);
#7917 = LINE('',#7918,#7919);
#7918 = CARTESIAN_POINT('',(-0.32,-0.16,8.54));
#7919 = VECTOR('',#7920,1.);
#7920 = DIRECTION('',(1.,0.,0.));
#7921 = PLANE('',#7922);
#7922 = AXIS2_PLACEMENT_3D('',#7923,#7924,#7925);
#7923 = CARTESIAN_POINT('',(-0.32,-0.24,8.46));
#7924 = DIRECTION('',(-1.735167508357E-18,0.707106781187,-0.707106781187
    ));
#7925 = DIRECTION('',(-1.,-1.226948711654E-18,1.226948711654E-18));
#7926 = ADVANCED_FACE('',(#7927),#7952,.T.);
#7927 = FACE_BOUND('',#7928,.T.);
#7928 = EDGE_LOOP('',(#7929,#7937,#7938,#7946));
#7929 = ORIENTED_EDGE('',*,*,#7930,.F.);
#7930 = EDGE_CURVE('',#5627,#7931,#7933,.T.);
#7931 = VERTEX_POINT('',#7932);
#7932 = CARTESIAN_POINT('',(0.16,-2.7,8.54));
#7933 = LINE('',#7934,#7935);
#7934 = CARTESIAN_POINT('',(0.16,-2.7,8.54));
#7935 = VECTOR('',#7936,1.);
#7936 = DIRECTION('',(-0.57735026919,0.57735026919,0.57735026919));
#7937 = ORIENTED_EDGE('',*,*,#5643,.T.);
#7938 = ORIENTED_EDGE('',*,*,#7939,.T.);
#7939 = EDGE_CURVE('',#5636,#7940,#7942,.T.);
#7940 = VERTEX_POINT('',#7941);
#7941 = CARTESIAN_POINT('',(0.16,-2.38,8.54));
#7942 = LINE('',#7943,#7944);
#7943 = CARTESIAN_POINT('',(5.333333333333E-02,-2.486666666667,
    8.646666666667));
#7944 = VECTOR('',#7945,1.);
#7945 = DIRECTION('',(-0.57735026919,-0.57735026919,0.57735026919));
#7946 = ORIENTED_EDGE('',*,*,#7947,.F.);
#7947 = EDGE_CURVE('',#7931,#7940,#7948,.T.);
#7948 = LINE('',#7949,#7950);
#7949 = CARTESIAN_POINT('',(0.16,-2.86,8.54));
#7950 = VECTOR('',#7951,1.);
#7951 = DIRECTION('',(0.,1.,0.));
#7952 = PLANE('',#7953);
#7953 = AXIS2_PLACEMENT_3D('',#7954,#7955,#7956);
#7954 = CARTESIAN_POINT('',(0.24,-2.86,8.46));
#7955 = DIRECTION('',(0.707106781187,-1.735167508357E-18,0.707106781187)
  );
#7956 = DIRECTION('',(1.226948711654E-18,1.,1.226948711654E-18));
#7957 = ADVANCED_FACE('',(#7958),#7976,.T.);
#7958 = FACE_BOUND('',#7959,.F.);
#7959 = EDGE_LOOP('',(#7960,#7968,#7969,#7970));
#7960 = ORIENTED_EDGE('',*,*,#7961,.F.);
#7961 = EDGE_CURVE('',#5660,#7962,#7964,.T.);
#7962 = VERTEX_POINT('',#7963);
#7963 = CARTESIAN_POINT('',(-0.16,-2.38,8.54));
#7964 = LINE('',#7965,#7966);
#7965 = CARTESIAN_POINT('',(-0.16,-2.38,8.54));
#7966 = VECTOR('',#7967,1.);
#7967 = DIRECTION('',(0.57735026919,-0.57735026919,0.57735026919));
#7968 = ORIENTED_EDGE('',*,*,#5667,.T.);
#7969 = ORIENTED_EDGE('',*,*,#7939,.T.);
#7970 = ORIENTED_EDGE('',*,*,#7971,.F.);
#7971 = EDGE_CURVE('',#7962,#7940,#7972,.T.);
#7972 = LINE('',#7973,#7974);
#7973 = CARTESIAN_POINT('',(-0.32,-2.38,8.54));
#7974 = VECTOR('',#7975,1.);
#7975 = DIRECTION('',(1.,0.,0.));
#7976 = PLANE('',#7977);
#7977 = AXIS2_PLACEMENT_3D('',#7978,#7979,#7980);
#7978 = CARTESIAN_POINT('',(-0.32,-2.3,8.46));
#7979 = DIRECTION('',(1.735167508357E-18,0.707106781187,0.707106781187)
  );
#7980 = DIRECTION('',(-1.,1.226948711654E-18,1.226948711654E-18));
#7981 = ADVANCED_FACE('',(#7982),#8000,.F.);
#7982 = FACE_BOUND('',#7983,.F.);
#7983 = EDGE_LOOP('',(#7984,#7992,#7993,#7994));
#7984 = ORIENTED_EDGE('',*,*,#7985,.F.);
#7985 = EDGE_CURVE('',#5682,#7986,#7988,.T.);
#7986 = VERTEX_POINT('',#7987);
#7987 = CARTESIAN_POINT('',(-0.16,-2.7,8.54));
#7988 = LINE('',#7989,#7990);
#7989 = CARTESIAN_POINT('',(-0.266666666667,-2.806666666667,
    8.433333333333));
#7990 = VECTOR('',#7991,1.);
#7991 = DIRECTION('',(0.57735026919,0.57735026919,0.57735026919));
#7992 = ORIENTED_EDGE('',*,*,#5691,.T.);
#7993 = ORIENTED_EDGE('',*,*,#7961,.T.);
#7994 = ORIENTED_EDGE('',*,*,#7995,.F.);
#7995 = EDGE_CURVE('',#7986,#7962,#7996,.T.);
#7996 = LINE('',#7997,#7998);
#7997 = CARTESIAN_POINT('',(-0.16,-2.86,8.54));
#7998 = VECTOR('',#7999,1.);
#7999 = DIRECTION('',(0.,1.,0.));
#8000 = PLANE('',#8001);
#8001 = AXIS2_PLACEMENT_3D('',#8002,#8003,#8004);
#8002 = CARTESIAN_POINT('',(-0.24,-2.86,8.46));
#8003 = DIRECTION('',(0.707106781187,1.735167508357E-18,-0.707106781187)
  );
#8004 = DIRECTION('',(-1.226948711654E-18,1.,1.226948711654E-18));
#8005 = ADVANCED_FACE('',(#8006),#8017,.F.);
#8006 = FACE_BOUND('',#8007,.T.);
#8007 = EDGE_LOOP('',(#8008,#8009,#8010,#8011));
#8008 = ORIENTED_EDGE('',*,*,#7985,.F.);
#8009 = ORIENTED_EDGE('',*,*,#5708,.T.);
#8010 = ORIENTED_EDGE('',*,*,#7930,.T.);
#8011 = ORIENTED_EDGE('',*,*,#8012,.F.);
#8012 = EDGE_CURVE('',#7986,#7931,#8013,.T.);
#8013 = LINE('',#8014,#8015);
#8014 = CARTESIAN_POINT('',(-0.32,-2.7,8.54));
#8015 = VECTOR('',#8016,1.);
#8016 = DIRECTION('',(1.,0.,0.));
#8017 = PLANE('',#8018);
#8018 = AXIS2_PLACEMENT_3D('',#8019,#8020,#8021);
#8019 = CARTESIAN_POINT('',(-0.32,-2.78,8.46));
#8020 = DIRECTION('',(-1.735167508357E-18,0.707106781187,-0.707106781187
    ));
#8021 = DIRECTION('',(-1.,-1.226948711654E-18,1.226948711654E-18));
#8022 = ADVANCED_FACE('',(#8023),#8048,.T.);
#8023 = FACE_BOUND('',#8024,.F.);
#8024 = EDGE_LOOP('',(#8025,#8033,#8034,#8042));
#8025 = ORIENTED_EDGE('',*,*,#8026,.F.);
#8026 = EDGE_CURVE('',#5732,#8027,#8029,.T.);
#8027 = VERTEX_POINT('',#8028);
#8028 = CARTESIAN_POINT('',(-0.16,-27.78,8.54));
#8029 = LINE('',#8030,#8031);
#8030 = CARTESIAN_POINT('',(-0.16,-27.78,8.54));
#8031 = VECTOR('',#8032,1.);
#8032 = DIRECTION('',(0.57735026919,-0.57735026919,0.57735026919));
#8033 = ORIENTED_EDGE('',*,*,#5739,.T.);
#8034 = ORIENTED_EDGE('',*,*,#8035,.T.);
#8035 = EDGE_CURVE('',#5723,#8036,#8038,.T.);
#8036 = VERTEX_POINT('',#8037);
#8037 = CARTESIAN_POINT('',(0.16,-27.78,8.54));
#8038 = LINE('',#8039,#8040);
#8039 = CARTESIAN_POINT('',(5.333333333333E-02,-27.88666666666,
    8.646666666667));
#8040 = VECTOR('',#8041,1.);
#8041 = DIRECTION('',(-0.57735026919,-0.57735026919,0.57735026919));
#8042 = ORIENTED_EDGE('',*,*,#8043,.F.);
#8043 = EDGE_CURVE('',#8027,#8036,#8044,.T.);
#8044 = LINE('',#8045,#8046);
#8045 = CARTESIAN_POINT('',(-0.32,-27.78,8.54));
#8046 = VECTOR('',#8047,1.);
#8047 = DIRECTION('',(1.,0.,0.));
#8048 = PLANE('',#8049);
#8049 = AXIS2_PLACEMENT_3D('',#8050,#8051,#8052);
#8050 = CARTESIAN_POINT('',(-0.32,-27.7,8.46));
#8051 = DIRECTION('',(1.735167508357E-18,0.707106781187,0.707106781187)
  );
#8052 = DIRECTION('',(-1.,1.226948711654E-18,1.226948711654E-18));
#8053 = ADVANCED_FACE('',(#8054),#8072,.F.);
#8054 = FACE_BOUND('',#8055,.F.);
#8055 = EDGE_LOOP('',(#8056,#8064,#8065,#8066));
#8056 = ORIENTED_EDGE('',*,*,#8057,.F.);
#8057 = EDGE_CURVE('',#5754,#8058,#8060,.T.);
#8058 = VERTEX_POINT('',#8059);
#8059 = CARTESIAN_POINT('',(-0.16,-28.1,8.54));
#8060 = LINE('',#8061,#8062);
#8061 = CARTESIAN_POINT('',(-0.266666666667,-28.20666666666,
    8.433333333333));
#8062 = VECTOR('',#8063,1.);
#8063 = DIRECTION('',(0.57735026919,0.57735026919,0.57735026919));
#8064 = ORIENTED_EDGE('',*,*,#5763,.T.);
#8065 = ORIENTED_EDGE('',*,*,#8026,.T.);
#8066 = ORIENTED_EDGE('',*,*,#8067,.F.);
#8067 = EDGE_CURVE('',#8058,#8027,#8068,.T.);
#8068 = LINE('',#8069,#8070);
#8069 = CARTESIAN_POINT('',(-0.16,-28.26,8.54));
#8070 = VECTOR('',#8071,1.);
#8071 = DIRECTION('',(0.,1.,0.));
#8072 = PLANE('',#8073);
#8073 = AXIS2_PLACEMENT_3D('',#8074,#8075,#8076);
#8074 = CARTESIAN_POINT('',(-0.24,-28.26,8.46));
#8075 = DIRECTION('',(0.707106781187,1.735167508357E-18,-0.707106781187)
  );
#8076 = DIRECTION('',(-1.226948711654E-18,1.,1.226948711654E-18));
#8077 = ADVANCED_FACE('',(#8078),#8096,.F.);
#8078 = FACE_BOUND('',#8079,.T.);
#8079 = EDGE_LOOP('',(#8080,#8081,#8082,#8090));
#8080 = ORIENTED_EDGE('',*,*,#8057,.F.);
#8081 = ORIENTED_EDGE('',*,*,#5787,.T.);
#8082 = ORIENTED_EDGE('',*,*,#8083,.T.);
#8083 = EDGE_CURVE('',#5778,#8084,#8086,.T.);
#8084 = VERTEX_POINT('',#8085);
#8085 = CARTESIAN_POINT('',(0.16,-28.1,8.54));
#8086 = LINE('',#8087,#8088);
#8087 = CARTESIAN_POINT('',(0.16,-28.1,8.54));
#8088 = VECTOR('',#8089,1.);
#8089 = DIRECTION('',(-0.57735026919,0.57735026919,0.57735026919));
#8090 = ORIENTED_EDGE('',*,*,#8091,.F.);
#8091 = EDGE_CURVE('',#8058,#8084,#8092,.T.);
#8092 = LINE('',#8093,#8094);
#8093 = CARTESIAN_POINT('',(-0.32,-28.1,8.54));
#8094 = VECTOR('',#8095,1.);
#8095 = DIRECTION('',(1.,0.,0.));
#8096 = PLANE('',#8097);
#8097 = AXIS2_PLACEMENT_3D('',#8098,#8099,#8100);
#8098 = CARTESIAN_POINT('',(-0.32,-28.18,8.46));
#8099 = DIRECTION('',(-1.735167508357E-18,0.707106781187,-0.707106781187
    ));
#8100 = DIRECTION('',(-1.,-1.226948711654E-18,1.226948711654E-18));
#8101 = ADVANCED_FACE('',(#8102),#8113,.T.);
#8102 = FACE_BOUND('',#8103,.T.);
#8103 = EDGE_LOOP('',(#8104,#8105,#8106,#8107));
#8104 = ORIENTED_EDGE('',*,*,#8083,.F.);
#8105 = ORIENTED_EDGE('',*,*,#5804,.T.);
#8106 = ORIENTED_EDGE('',*,*,#8035,.T.);
#8107 = ORIENTED_EDGE('',*,*,#8108,.F.);
#8108 = EDGE_CURVE('',#8084,#8036,#8109,.T.);
#8109 = LINE('',#8110,#8111);
#8110 = CARTESIAN_POINT('',(0.16,-28.26,8.54));
#8111 = VECTOR('',#8112,1.);
#8112 = DIRECTION('',(0.,1.,0.));
#8113 = PLANE('',#8114);
#8114 = AXIS2_PLACEMENT_3D('',#8115,#8116,#8117);
#8115 = CARTESIAN_POINT('',(0.24,-28.26,8.46));
#8116 = DIRECTION('',(0.707106781187,-1.735167508357E-18,0.707106781187)
  );
#8117 = DIRECTION('',(1.226948711654E-18,1.,1.226948711654E-18));
#8118 = ADVANCED_FACE('',(#8119),#8144,.T.);
#8119 = FACE_BOUND('',#8120,.T.);
#8120 = EDGE_LOOP('',(#8121,#8129,#8130,#8138));
#8121 = ORIENTED_EDGE('',*,*,#8122,.F.);
#8122 = EDGE_CURVE('',#5819,#8123,#8125,.T.);
#8123 = VERTEX_POINT('',#8124);
#8124 = CARTESIAN_POINT('',(0.16,-23.02,8.54));
#8125 = LINE('',#8126,#8127);
#8126 = CARTESIAN_POINT('',(0.16,-23.02,8.54));
#8127 = VECTOR('',#8128,1.);
#8128 = DIRECTION('',(-0.57735026919,0.57735026919,0.57735026919));
#8129 = ORIENTED_EDGE('',*,*,#5835,.T.);
#8130 = ORIENTED_EDGE('',*,*,#8131,.T.);
#8131 = EDGE_CURVE('',#5828,#8132,#8134,.T.);
#8132 = VERTEX_POINT('',#8133);
#8133 = CARTESIAN_POINT('',(0.16,-22.7,8.54));
#8134 = LINE('',#8135,#8136);
#8135 = CARTESIAN_POINT('',(5.333333333333E-02,-22.80666666666,
    8.646666666667));
#8136 = VECTOR('',#8137,1.);
#8137 = DIRECTION('',(-0.57735026919,-0.57735026919,0.57735026919));
#8138 = ORIENTED_EDGE('',*,*,#8139,.F.);
#8139 = EDGE_CURVE('',#8123,#8132,#8140,.T.);
#8140 = LINE('',#8141,#8142);
#8141 = CARTESIAN_POINT('',(0.16,-23.18,8.54));
#8142 = VECTOR('',#8143,1.);
#8143 = DIRECTION('',(0.,1.,0.));
#8144 = PLANE('',#8145);
#8145 = AXIS2_PLACEMENT_3D('',#8146,#8147,#8148);
#8146 = CARTESIAN_POINT('',(0.24,-23.18,8.46));
#8147 = DIRECTION('',(0.707106781187,-1.735167508357E-18,0.707106781187)
  );
#8148 = DIRECTION('',(1.226948711654E-18,1.,1.226948711654E-18));
#8149 = ADVANCED_FACE('',(#8150),#8168,.T.);
#8150 = FACE_BOUND('',#8151,.F.);
#8151 = EDGE_LOOP('',(#8152,#8160,#8161,#8162));
#8152 = ORIENTED_EDGE('',*,*,#8153,.F.);
#8153 = EDGE_CURVE('',#5852,#8154,#8156,.T.);
#8154 = VERTEX_POINT('',#8155);
#8155 = CARTESIAN_POINT('',(-0.16,-22.7,8.54));
#8156 = LINE('',#8157,#8158);
#8157 = CARTESIAN_POINT('',(-0.16,-22.7,8.54));
#8158 = VECTOR('',#8159,1.);
#8159 = DIRECTION('',(0.57735026919,-0.57735026919,0.57735026919));
#8160 = ORIENTED_EDGE('',*,*,#5859,.T.);
#8161 = ORIENTED_EDGE('',*,*,#8131,.T.);
#8162 = ORIENTED_EDGE('',*,*,#8163,.F.);
#8163 = EDGE_CURVE('',#8154,#8132,#8164,.T.);
#8164 = LINE('',#8165,#8166);
#8165 = CARTESIAN_POINT('',(-0.32,-22.7,8.54));
#8166 = VECTOR('',#8167,1.);
#8167 = DIRECTION('',(1.,0.,0.));
#8168 = PLANE('',#8169);
#8169 = AXIS2_PLACEMENT_3D('',#8170,#8171,#8172);
#8170 = CARTESIAN_POINT('',(-0.32,-22.62,8.46));
#8171 = DIRECTION('',(1.735167508357E-18,0.707106781187,0.707106781187)
  );
#8172 = DIRECTION('',(-1.,1.226948711654E-18,1.226948711654E-18));
#8173 = ADVANCED_FACE('',(#8174),#8192,.F.);
#8174 = FACE_BOUND('',#8175,.F.);
#8175 = EDGE_LOOP('',(#8176,#8184,#8185,#8186));
#8176 = ORIENTED_EDGE('',*,*,#8177,.F.);
#8177 = EDGE_CURVE('',#5874,#8178,#8180,.T.);
#8178 = VERTEX_POINT('',#8179);
#8179 = CARTESIAN_POINT('',(-0.16,-23.02,8.54));
#8180 = LINE('',#8181,#8182);
#8181 = CARTESIAN_POINT('',(-0.266666666667,-23.12666666666,
    8.433333333333));
#8182 = VECTOR('',#8183,1.);
#8183 = DIRECTION('',(0.57735026919,0.57735026919,0.57735026919));
#8184 = ORIENTED_EDGE('',*,*,#5883,.T.);
#8185 = ORIENTED_EDGE('',*,*,#8153,.T.);
#8186 = ORIENTED_EDGE('',*,*,#8187,.F.);
#8187 = EDGE_CURVE('',#8178,#8154,#8188,.T.);
#8188 = LINE('',#8189,#8190);
#8189 = CARTESIAN_POINT('',(-0.16,-23.18,8.54));
#8190 = VECTOR('',#8191,1.);
#8191 = DIRECTION('',(0.,1.,0.));
#8192 = PLANE('',#8193);
#8193 = AXIS2_PLACEMENT_3D('',#8194,#8195,#8196);
#8194 = CARTESIAN_POINT('',(-0.24,-23.18,8.46));
#8195 = DIRECTION('',(0.707106781187,1.735167508357E-18,-0.707106781187)
  );
#8196 = DIRECTION('',(-1.226948711654E-18,1.,1.226948711654E-18));
#8197 = ADVANCED_FACE('',(#8198),#8209,.F.);
#8198 = FACE_BOUND('',#8199,.T.);
#8199 = EDGE_LOOP('',(#8200,#8201,#8202,#8203));
#8200 = ORIENTED_EDGE('',*,*,#8177,.F.);
#8201 = ORIENTED_EDGE('',*,*,#5900,.T.);
#8202 = ORIENTED_EDGE('',*,*,#8122,.T.);
#8203 = ORIENTED_EDGE('',*,*,#8204,.F.);
#8204 = EDGE_CURVE('',#8178,#8123,#8205,.T.);
#8205 = LINE('',#8206,#8207);
#8206 = CARTESIAN_POINT('',(-0.32,-23.02,8.54));
#8207 = VECTOR('',#8208,1.);
#8208 = DIRECTION('',(1.,0.,0.));
#8209 = PLANE('',#8210);
#8210 = AXIS2_PLACEMENT_3D('',#8211,#8212,#8213);
#8211 = CARTESIAN_POINT('',(-0.32,-23.1,8.46));
#8212 = DIRECTION('',(-1.735167508357E-18,0.707106781187,-0.707106781187
    ));
#8213 = DIRECTION('',(-1.,-1.226948711654E-18,1.226948711654E-18));
#8214 = ADVANCED_FACE('',(#8215),#8240,.T.);
#8215 = FACE_BOUND('',#8216,.T.);
#8216 = EDGE_LOOP('',(#8217,#8225,#8226,#8234));
#8217 = ORIENTED_EDGE('',*,*,#8218,.F.);
#8218 = EDGE_CURVE('',#5915,#8219,#8221,.T.);
#8219 = VERTEX_POINT('',#8220);
#8220 = CARTESIAN_POINT('',(0.16,-25.56,8.54));
#8221 = LINE('',#8222,#8223);
#8222 = CARTESIAN_POINT('',(0.16,-25.56,8.54));
#8223 = VECTOR('',#8224,1.);
#8224 = DIRECTION('',(-0.57735026919,0.57735026919,0.57735026919));
#8225 = ORIENTED_EDGE('',*,*,#5931,.T.);
#8226 = ORIENTED_EDGE('',*,*,#8227,.T.);
#8227 = EDGE_CURVE('',#5924,#8228,#8230,.T.);
#8228 = VERTEX_POINT('',#8229);
#8229 = CARTESIAN_POINT('',(0.16,-25.24,8.54));
#8230 = LINE('',#8231,#8232);
#8231 = CARTESIAN_POINT('',(5.333333333333E-02,-25.34666666666,
    8.646666666667));
#8232 = VECTOR('',#8233,1.);
#8233 = DIRECTION('',(-0.57735026919,-0.57735026919,0.57735026919));
#8234 = ORIENTED_EDGE('',*,*,#8235,.F.);
#8235 = EDGE_CURVE('',#8219,#8228,#8236,.T.);
#8236 = LINE('',#8237,#8238);
#8237 = CARTESIAN_POINT('',(0.16,-25.72,8.54));
#8238 = VECTOR('',#8239,1.);
#8239 = DIRECTION('',(0.,1.,0.));
#8240 = PLANE('',#8241);
#8241 = AXIS2_PLACEMENT_3D('',#8242,#8243,#8244);
#8242 = CARTESIAN_POINT('',(0.24,-25.72,8.46));
#8243 = DIRECTION('',(0.707106781187,-1.735167508357E-18,0.707106781187)
  );
#8244 = DIRECTION('',(1.226948711654E-18,1.,1.226948711654E-18));
#8245 = ADVANCED_FACE('',(#8246),#8264,.T.);
#8246 = FACE_BOUND('',#8247,.F.);
#8247 = EDGE_LOOP('',(#8248,#8256,#8257,#8258));
#8248 = ORIENTED_EDGE('',*,*,#8249,.F.);
#8249 = EDGE_CURVE('',#5948,#8250,#8252,.T.);
#8250 = VERTEX_POINT('',#8251);
#8251 = CARTESIAN_POINT('',(-0.16,-25.24,8.54));
#8252 = LINE('',#8253,#8254);
#8253 = CARTESIAN_POINT('',(-0.16,-25.24,8.54));
#8254 = VECTOR('',#8255,1.);
#8255 = DIRECTION('',(0.57735026919,-0.57735026919,0.57735026919));
#8256 = ORIENTED_EDGE('',*,*,#5955,.T.);
#8257 = ORIENTED_EDGE('',*,*,#8227,.T.);
#8258 = ORIENTED_EDGE('',*,*,#8259,.F.);
#8259 = EDGE_CURVE('',#8250,#8228,#8260,.T.);
#8260 = LINE('',#8261,#8262);
#8261 = CARTESIAN_POINT('',(-0.32,-25.24,8.54));
#8262 = VECTOR('',#8263,1.);
#8263 = DIRECTION('',(1.,0.,0.));
#8264 = PLANE('',#8265);
#8265 = AXIS2_PLACEMENT_3D('',#8266,#8267,#8268);
#8266 = CARTESIAN_POINT('',(-0.32,-25.16,8.46));
#8267 = DIRECTION('',(1.735167508357E-18,0.707106781187,0.707106781187)
  );
#8268 = DIRECTION('',(-1.,1.226948711654E-18,1.226948711654E-18));
#8269 = ADVANCED_FACE('',(#8270),#8288,.F.);
#8270 = FACE_BOUND('',#8271,.F.);
#8271 = EDGE_LOOP('',(#8272,#8280,#8281,#8282));
#8272 = ORIENTED_EDGE('',*,*,#8273,.F.);
#8273 = EDGE_CURVE('',#5970,#8274,#8276,.T.);
#8274 = VERTEX_POINT('',#8275);
#8275 = CARTESIAN_POINT('',(-0.16,-25.56,8.54));
#8276 = LINE('',#8277,#8278);
#8277 = CARTESIAN_POINT('',(-0.266666666667,-25.66666666666,
    8.433333333333));
#8278 = VECTOR('',#8279,1.);
#8279 = DIRECTION('',(0.57735026919,0.57735026919,0.57735026919));
#8280 = ORIENTED_EDGE('',*,*,#5979,.T.);
#8281 = ORIENTED_EDGE('',*,*,#8249,.T.);
#8282 = ORIENTED_EDGE('',*,*,#8283,.F.);
#8283 = EDGE_CURVE('',#8274,#8250,#8284,.T.);
#8284 = LINE('',#8285,#8286);
#8285 = CARTESIAN_POINT('',(-0.16,-25.72,8.54));
#8286 = VECTOR('',#8287,1.);
#8287 = DIRECTION('',(0.,1.,0.));
#8288 = PLANE('',#8289);
#8289 = AXIS2_PLACEMENT_3D('',#8290,#8291,#8292);
#8290 = CARTESIAN_POINT('',(-0.24,-25.72,8.46));
#8291 = DIRECTION('',(0.707106781187,1.735167508357E-18,-0.707106781187)
  );
#8292 = DIRECTION('',(-1.226948711654E-18,1.,1.226948711654E-18));
#8293 = ADVANCED_FACE('',(#8294),#8305,.F.);
#8294 = FACE_BOUND('',#8295,.T.);
#8295 = EDGE_LOOP('',(#8296,#8297,#8298,#8299));
#8296 = ORIENTED_EDGE('',*,*,#8273,.F.);
#8297 = ORIENTED_EDGE('',*,*,#5996,.T.);
#8298 = ORIENTED_EDGE('',*,*,#8218,.T.);
#8299 = ORIENTED_EDGE('',*,*,#8300,.F.);
#8300 = EDGE_CURVE('',#8274,#8219,#8301,.T.);
#8301 = LINE('',#8302,#8303);
#8302 = CARTESIAN_POINT('',(-0.32,-25.56,8.54));
#8303 = VECTOR('',#8304,1.);
#8304 = DIRECTION('',(1.,0.,0.));
#8305 = PLANE('',#8306);
#8306 = AXIS2_PLACEMENT_3D('',#8307,#8308,#8309);
#8307 = CARTESIAN_POINT('',(-0.32,-25.64,8.46));
#8308 = DIRECTION('',(-1.735167508357E-18,0.707106781187,-0.707106781187
    ));
#8309 = DIRECTION('',(-1.,-1.226948711654E-18,1.226948711654E-18));
#8310 = ADVANCED_FACE('',(#8311),#8317,.F.);
#8311 = FACE_BOUND('',#8312,.F.);
#8312 = EDGE_LOOP('',(#8313,#8314,#8315,#8316));
#8313 = ORIENTED_EDGE('',*,*,#6075,.F.);
#8314 = ORIENTED_EDGE('',*,*,#6092,.T.);
#8315 = ORIENTED_EDGE('',*,*,#6027,.T.);
#8316 = ORIENTED_EDGE('',*,*,#6051,.F.);
#8317 = PLANE('',#8318);
#8318 = AXIS2_PLACEMENT_3D('',#8319,#8320,#8321);
#8319 = CARTESIAN_POINT('',(-0.32,-5.4,-3.));
#8320 = DIRECTION('',(0.,0.,1.));
#8321 = DIRECTION('',(1.,0.,-0.));
#8322 = ADVANCED_FACE('',(#8323),#8329,.F.);
#8323 = FACE_BOUND('',#8324,.F.);
#8324 = EDGE_LOOP('',(#8325,#8326,#8327,#8328));
#8325 = ORIENTED_EDGE('',*,*,#6188,.F.);
#8326 = ORIENTED_EDGE('',*,*,#6123,.T.);
#8327 = ORIENTED_EDGE('',*,*,#6147,.T.);
#8328 = ORIENTED_EDGE('',*,*,#6171,.F.);
#8329 = PLANE('',#8330);
#8330 = AXIS2_PLACEMENT_3D('',#8331,#8332,#8333);
#8331 = CARTESIAN_POINT('',(-0.32,-7.94,-3.));
#8332 = DIRECTION('',(0.,0.,1.));
#8333 = DIRECTION('',(1.,0.,-0.));
#8334 = ADVANCED_FACE('',(#8335),#8341,.F.);
#8335 = FACE_BOUND('',#8336,.F.);
#8336 = EDGE_LOOP('',(#8337,#8338,#8339,#8340));
#8337 = ORIENTED_EDGE('',*,*,#6284,.F.);
#8338 = ORIENTED_EDGE('',*,*,#6219,.T.);
#8339 = ORIENTED_EDGE('',*,*,#6243,.T.);
#8340 = ORIENTED_EDGE('',*,*,#6267,.F.);
#8341 = PLANE('',#8342);
#8342 = AXIS2_PLACEMENT_3D('',#8343,#8344,#8345);
#8343 = CARTESIAN_POINT('',(-0.32,-13.02,-3.));
#8344 = DIRECTION('',(0.,0.,1.));
#8345 = DIRECTION('',(1.,0.,-0.));
#8346 = ADVANCED_FACE('',(#8347),#8353,.F.);
#8347 = FACE_BOUND('',#8348,.F.);
#8348 = EDGE_LOOP('',(#8349,#8350,#8351,#8352));
#8349 = ORIENTED_EDGE('',*,*,#6363,.F.);
#8350 = ORIENTED_EDGE('',*,*,#6380,.T.);
#8351 = ORIENTED_EDGE('',*,*,#6315,.T.);
#8352 = ORIENTED_EDGE('',*,*,#6339,.F.);
#8353 = PLANE('',#8354);
#8354 = AXIS2_PLACEMENT_3D('',#8355,#8356,#8357);
#8355 = CARTESIAN_POINT('',(-0.32,-10.48,-3.));
#8356 = DIRECTION('',(0.,0.,1.));
#8357 = DIRECTION('',(1.,0.,-0.));
#8358 = ADVANCED_FACE('',(#8359),#8365,.F.);
#8359 = FACE_BOUND('',#8360,.F.);
#8360 = EDGE_LOOP('',(#8361,#8362,#8363,#8364));
#8361 = ORIENTED_EDGE('',*,*,#6435,.F.);
#8362 = ORIENTED_EDGE('',*,*,#6459,.T.);
#8363 = ORIENTED_EDGE('',*,*,#6476,.T.);
#8364 = ORIENTED_EDGE('',*,*,#6411,.F.);
#8365 = PLANE('',#8366);
#8366 = AXIS2_PLACEMENT_3D('',#8367,#8368,#8369);
#8367 = CARTESIAN_POINT('',(-0.32,-20.64,-3.));
#8368 = DIRECTION('',(0.,0.,1.));
#8369 = DIRECTION('',(1.,0.,-0.));
#8370 = ADVANCED_FACE('',(#8371),#8377,.F.);
#8371 = FACE_BOUND('',#8372,.F.);
#8372 = EDGE_LOOP('',(#8373,#8374,#8375,#8376));
#8373 = ORIENTED_EDGE('',*,*,#6555,.F.);
#8374 = ORIENTED_EDGE('',*,*,#6572,.T.);
#8375 = ORIENTED_EDGE('',*,*,#6507,.T.);
#8376 = ORIENTED_EDGE('',*,*,#6531,.F.);
#8377 = PLANE('',#8378);
#8378 = AXIS2_PLACEMENT_3D('',#8379,#8380,#8381);
#8379 = CARTESIAN_POINT('',(-0.32,-18.1,-3.));
#8380 = DIRECTION('',(0.,0.,1.));
#8381 = DIRECTION('',(1.,0.,-0.));
#8382 = ADVANCED_FACE('',(#8383),#8389,.F.);
#8383 = FACE_BOUND('',#8384,.F.);
#8384 = EDGE_LOOP('',(#8385,#8386,#8387,#8388));
#8385 = ORIENTED_EDGE('',*,*,#6627,.F.);
#8386 = ORIENTED_EDGE('',*,*,#6651,.T.);
#8387 = ORIENTED_EDGE('',*,*,#6668,.T.);
#8388 = ORIENTED_EDGE('',*,*,#6603,.F.);
#8389 = PLANE('',#8390);
#8390 = AXIS2_PLACEMENT_3D('',#8391,#8392,#8393);
#8391 = CARTESIAN_POINT('',(-0.32,-15.56,-3.));
#8392 = DIRECTION('',(0.,0.,1.));
#8393 = DIRECTION('',(1.,0.,-0.));
#8394 = ADVANCED_FACE('',(#8395),#8401,.F.);
#8395 = FACE_BOUND('',#8396,.F.);
#8396 = EDGE_LOOP('',(#8397,#8398,#8399,#8400));
#8397 = ORIENTED_EDGE('',*,*,#6747,.F.);
#8398 = ORIENTED_EDGE('',*,*,#6764,.T.);
#8399 = ORIENTED_EDGE('',*,*,#6699,.T.);
#8400 = ORIENTED_EDGE('',*,*,#6723,.F.);
#8401 = PLANE('',#8402);
#8402 = AXIS2_PLACEMENT_3D('',#8403,#8404,#8405);
#8403 = CARTESIAN_POINT('',(-0.32,-0.32,-3.));
#8404 = DIRECTION('',(0.,0.,1.));
#8405 = DIRECTION('',(1.,0.,-0.));
#8406 = ADVANCED_FACE('',(#8407),#8413,.F.);
#8407 = FACE_BOUND('',#8408,.F.);
#8408 = EDGE_LOOP('',(#8409,#8410,#8411,#8412));
#8409 = ORIENTED_EDGE('',*,*,#6843,.F.);
#8410 = ORIENTED_EDGE('',*,*,#6860,.T.);
#8411 = ORIENTED_EDGE('',*,*,#6795,.T.);
#8412 = ORIENTED_EDGE('',*,*,#6819,.F.);
#8413 = PLANE('',#8414);
#8414 = AXIS2_PLACEMENT_3D('',#8415,#8416,#8417);
#8415 = CARTESIAN_POINT('',(-0.32,-2.86,-3.));
#8416 = DIRECTION('',(0.,0.,1.));
#8417 = DIRECTION('',(1.,0.,-0.));
#8418 = ADVANCED_FACE('',(#8419),#8425,.F.);
#8419 = FACE_BOUND('',#8420,.F.);
#8420 = EDGE_LOOP('',(#8421,#8422,#8423,#8424));
#8421 = ORIENTED_EDGE('',*,*,#6915,.F.);
#8422 = ORIENTED_EDGE('',*,*,#6939,.T.);
#8423 = ORIENTED_EDGE('',*,*,#6956,.T.);
#8424 = ORIENTED_EDGE('',*,*,#6891,.F.);
#8425 = PLANE('',#8426);
#8426 = AXIS2_PLACEMENT_3D('',#8427,#8428,#8429);
#8427 = CARTESIAN_POINT('',(-0.32,-28.26,-3.));
#8428 = DIRECTION('',(0.,0.,1.));
#8429 = DIRECTION('',(1.,0.,-0.));
#8430 = ADVANCED_FACE('',(#8431),#8437,.F.);
#8431 = FACE_BOUND('',#8432,.F.);
#8432 = EDGE_LOOP('',(#8433,#8434,#8435,#8436));
#8433 = ORIENTED_EDGE('',*,*,#7035,.F.);
#8434 = ORIENTED_EDGE('',*,*,#7052,.T.);
#8435 = ORIENTED_EDGE('',*,*,#6987,.T.);
#8436 = ORIENTED_EDGE('',*,*,#7011,.F.);
#8437 = PLANE('',#8438);
#8438 = AXIS2_PLACEMENT_3D('',#8439,#8440,#8441);
#8439 = CARTESIAN_POINT('',(-0.32,-23.18,-3.));
#8440 = DIRECTION('',(0.,0.,1.));
#8441 = DIRECTION('',(1.,0.,-0.));
#8442 = ADVANCED_FACE('',(#8443),#8449,.F.);
#8443 = FACE_BOUND('',#8444,.F.);
#8444 = EDGE_LOOP('',(#8445,#8446,#8447,#8448));
#8445 = ORIENTED_EDGE('',*,*,#7131,.F.);
#8446 = ORIENTED_EDGE('',*,*,#7148,.T.);
#8447 = ORIENTED_EDGE('',*,*,#7083,.T.);
#8448 = ORIENTED_EDGE('',*,*,#7107,.F.);
#8449 = PLANE('',#8450);
#8450 = AXIS2_PLACEMENT_3D('',#8451,#8452,#8453);
#8451 = CARTESIAN_POINT('',(-0.32,-25.72,-3.));
#8452 = DIRECTION('',(0.,0.,1.));
#8453 = DIRECTION('',(1.,0.,-0.));
#8454 = ADVANCED_FACE('',(#8455),#8461,.T.);
#8455 = FACE_BOUND('',#8456,.T.);
#8456 = EDGE_LOOP('',(#8457,#8458,#8459,#8460));
#8457 = ORIENTED_EDGE('',*,*,#7227,.F.);
#8458 = ORIENTED_EDGE('',*,*,#7244,.T.);
#8459 = ORIENTED_EDGE('',*,*,#7179,.T.);
#8460 = ORIENTED_EDGE('',*,*,#7203,.F.);
#8461 = PLANE('',#8462);
#8462 = AXIS2_PLACEMENT_3D('',#8463,#8464,#8465);
#8463 = CARTESIAN_POINT('',(-0.32,-5.4,8.54));
#8464 = DIRECTION('',(0.,0.,1.));
#8465 = DIRECTION('',(1.,0.,-0.));
#8466 = ADVANCED_FACE('',(#8467),#8473,.T.);
#8467 = FACE_BOUND('',#8468,.T.);
#8468 = EDGE_LOOP('',(#8469,#8470,#8471,#8472));
#8469 = ORIENTED_EDGE('',*,*,#7340,.F.);
#8470 = ORIENTED_EDGE('',*,*,#7275,.T.);
#8471 = ORIENTED_EDGE('',*,*,#7299,.T.);
#8472 = ORIENTED_EDGE('',*,*,#7323,.F.);
#8473 = PLANE('',#8474);
#8474 = AXIS2_PLACEMENT_3D('',#8475,#8476,#8477);
#8475 = CARTESIAN_POINT('',(-0.32,-7.94,8.54));
#8476 = DIRECTION('',(0.,0.,1.));
#8477 = DIRECTION('',(1.,0.,-0.));
#8478 = ADVANCED_FACE('',(#8479),#8485,.T.);
#8479 = FACE_BOUND('',#8480,.T.);
#8480 = EDGE_LOOP('',(#8481,#8482,#8483,#8484));
#8481 = ORIENTED_EDGE('',*,*,#7436,.F.);
#8482 = ORIENTED_EDGE('',*,*,#7371,.T.);
#8483 = ORIENTED_EDGE('',*,*,#7395,.T.);
#8484 = ORIENTED_EDGE('',*,*,#7419,.F.);
#8485 = PLANE('',#8486);
#8486 = AXIS2_PLACEMENT_3D('',#8487,#8488,#8489);
#8487 = CARTESIAN_POINT('',(-0.32,-13.02,8.54));
#8488 = DIRECTION('',(0.,0.,1.));
#8489 = DIRECTION('',(1.,0.,-0.));
#8490 = ADVANCED_FACE('',(#8491),#8497,.T.);
#8491 = FACE_BOUND('',#8492,.T.);
#8492 = EDGE_LOOP('',(#8493,#8494,#8495,#8496));
#8493 = ORIENTED_EDGE('',*,*,#7515,.F.);
#8494 = ORIENTED_EDGE('',*,*,#7532,.T.);
#8495 = ORIENTED_EDGE('',*,*,#7467,.T.);
#8496 = ORIENTED_EDGE('',*,*,#7491,.F.);
#8497 = PLANE('',#8498);
#8498 = AXIS2_PLACEMENT_3D('',#8499,#8500,#8501);
#8499 = CARTESIAN_POINT('',(-0.32,-10.48,8.54));
#8500 = DIRECTION('',(0.,0.,1.));
#8501 = DIRECTION('',(1.,0.,-0.));
#8502 = ADVANCED_FACE('',(#8503),#8509,.T.);
#8503 = FACE_BOUND('',#8504,.T.);
#8504 = EDGE_LOOP('',(#8505,#8506,#8507,#8508));
#8505 = ORIENTED_EDGE('',*,*,#7587,.F.);
#8506 = ORIENTED_EDGE('',*,*,#7611,.T.);
#8507 = ORIENTED_EDGE('',*,*,#7628,.T.);
#8508 = ORIENTED_EDGE('',*,*,#7563,.F.);
#8509 = PLANE('',#8510);
#8510 = AXIS2_PLACEMENT_3D('',#8511,#8512,#8513);
#8511 = CARTESIAN_POINT('',(-0.32,-20.64,8.54));
#8512 = DIRECTION('',(0.,0.,1.));
#8513 = DIRECTION('',(1.,0.,-0.));
#8514 = ADVANCED_FACE('',(#8515),#8521,.T.);
#8515 = FACE_BOUND('',#8516,.T.);
#8516 = EDGE_LOOP('',(#8517,#8518,#8519,#8520));
#8517 = ORIENTED_EDGE('',*,*,#7707,.F.);
#8518 = ORIENTED_EDGE('',*,*,#7724,.T.);
#8519 = ORIENTED_EDGE('',*,*,#7659,.T.);
#8520 = ORIENTED_EDGE('',*,*,#7683,.F.);
#8521 = PLANE('',#8522);
#8522 = AXIS2_PLACEMENT_3D('',#8523,#8524,#8525);
#8523 = CARTESIAN_POINT('',(-0.32,-18.1,8.54));
#8524 = DIRECTION('',(0.,0.,1.));
#8525 = DIRECTION('',(1.,0.,-0.));
#8526 = ADVANCED_FACE('',(#8527),#8533,.T.);
#8527 = FACE_BOUND('',#8528,.T.);
#8528 = EDGE_LOOP('',(#8529,#8530,#8531,#8532));
#8529 = ORIENTED_EDGE('',*,*,#7779,.F.);
#8530 = ORIENTED_EDGE('',*,*,#7803,.T.);
#8531 = ORIENTED_EDGE('',*,*,#7820,.T.);
#8532 = ORIENTED_EDGE('',*,*,#7755,.F.);
#8533 = PLANE('',#8534);
#8534 = AXIS2_PLACEMENT_3D('',#8535,#8536,#8537);
#8535 = CARTESIAN_POINT('',(-0.32,-15.56,8.54));
#8536 = DIRECTION('',(0.,0.,1.));
#8537 = DIRECTION('',(1.,0.,-0.));
#8538 = ADVANCED_FACE('',(#8539),#8545,.T.);
#8539 = FACE_BOUND('',#8540,.T.);
#8540 = EDGE_LOOP('',(#8541,#8542,#8543,#8544));
#8541 = ORIENTED_EDGE('',*,*,#7899,.F.);
#8542 = ORIENTED_EDGE('',*,*,#7916,.T.);
#8543 = ORIENTED_EDGE('',*,*,#7851,.T.);
#8544 = ORIENTED_EDGE('',*,*,#7875,.F.);
#8545 = PLANE('',#8546);
#8546 = AXIS2_PLACEMENT_3D('',#8547,#8548,#8549);
#8547 = CARTESIAN_POINT('',(-0.32,-0.32,8.54));
#8548 = DIRECTION('',(0.,0.,1.));
#8549 = DIRECTION('',(1.,0.,-0.));
#8550 = ADVANCED_FACE('',(#8551),#8557,.T.);
#8551 = FACE_BOUND('',#8552,.T.);
#8552 = EDGE_LOOP('',(#8553,#8554,#8555,#8556));
#8553 = ORIENTED_EDGE('',*,*,#7995,.F.);
#8554 = ORIENTED_EDGE('',*,*,#8012,.T.);
#8555 = ORIENTED_EDGE('',*,*,#7947,.T.);
#8556 = ORIENTED_EDGE('',*,*,#7971,.F.);
#8557 = PLANE('',#8558);
#8558 = AXIS2_PLACEMENT_3D('',#8559,#8560,#8561);
#8559 = CARTESIAN_POINT('',(-0.32,-2.86,8.54));
#8560 = DIRECTION('',(0.,0.,1.));
#8561 = DIRECTION('',(1.,0.,-0.));
#8562 = ADVANCED_FACE('',(#8563),#8569,.T.);
#8563 = FACE_BOUND('',#8564,.T.);
#8564 = EDGE_LOOP('',(#8565,#8566,#8567,#8568));
#8565 = ORIENTED_EDGE('',*,*,#8067,.F.);
#8566 = ORIENTED_EDGE('',*,*,#8091,.T.);
#8567 = ORIENTED_EDGE('',*,*,#8108,.T.);
#8568 = ORIENTED_EDGE('',*,*,#8043,.F.);
#8569 = PLANE('',#8570);
#8570 = AXIS2_PLACEMENT_3D('',#8571,#8572,#8573);
#8571 = CARTESIAN_POINT('',(-0.32,-28.26,8.54));
#8572 = DIRECTION('',(0.,0.,1.));
#8573 = DIRECTION('',(1.,0.,-0.));
#8574 = ADVANCED_FACE('',(#8575),#8581,.T.);
#8575 = FACE_BOUND('',#8576,.T.);
#8576 = EDGE_LOOP('',(#8577,#8578,#8579,#8580));
#8577 = ORIENTED_EDGE('',*,*,#8187,.F.);
#8578 = ORIENTED_EDGE('',*,*,#8204,.T.);
#8579 = ORIENTED_EDGE('',*,*,#8139,.T.);
#8580 = ORIENTED_EDGE('',*,*,#8163,.F.);
#8581 = PLANE('',#8582);
#8582 = AXIS2_PLACEMENT_3D('',#8583,#8584,#8585);
#8583 = CARTESIAN_POINT('',(-0.32,-23.18,8.54));
#8584 = DIRECTION('',(0.,0.,1.));
#8585 = DIRECTION('',(1.,0.,-0.));
#8586 = ADVANCED_FACE('',(#8587),#8593,.T.);
#8587 = FACE_BOUND('',#8588,.T.);
#8588 = EDGE_LOOP('',(#8589,#8590,#8591,#8592));
#8589 = ORIENTED_EDGE('',*,*,#8283,.F.);
#8590 = ORIENTED_EDGE('',*,*,#8300,.T.);
#8591 = ORIENTED_EDGE('',*,*,#8235,.T.);
#8592 = ORIENTED_EDGE('',*,*,#8259,.F.);
#8593 = PLANE('',#8594);
#8594 = AXIS2_PLACEMENT_3D('',#8595,#8596,#8597);
#8595 = CARTESIAN_POINT('',(-0.32,-25.72,8.54));
#8596 = DIRECTION('',(0.,0.,1.));
#8597 = DIRECTION('',(1.,0.,-0.));
#8598 = ( GEOMETRIC_REPRESENTATION_CONTEXT(3) 
GLOBAL_UNCERTAINTY_ASSIGNED_CONTEXT((#8602)) 
GLOBAL_UNIT_ASSIGNED_CONTEXT((#8599,#8600,#8601)) REPRESENTATION_CONTEXT
('Context #1','3D Context with UNIT and UNCERTAINTY') );
#8599 = ( LENGTH_UNIT() NAMED_UNIT(*) SI_UNIT(.MILLI.,.METRE.) );
#8600 = ( NAMED_UNIT(*) PLANE_ANGLE_UNIT() SI_UNIT($,.RADIAN.) );
#8601 = ( NAMED_UNIT(*) SI_UNIT($,.STERADIAN.) SOLID_ANGLE_UNIT() );
#8602 = UNCERTAINTY_MEASURE_WITH_UNIT(LENGTH_MEASURE(1.E-07),#8599,
  'distance_accuracy_value','confusion accuracy');
#8603 = CONTEXT_DEPENDENT_SHAPE_REPRESENTATION(#8604,#8606);
#8604 = ( REPRESENTATION_RELATIONSHIP('','',#425,#10) 
REPRESENTATION_RELATIONSHIP_WITH_TRANSFORMATION(#8605) 
SHAPE_REPRESENTATION_RELATIONSHIP() );
#8605 = ITEM_DEFINED_TRANSFORMATION('','',#11,#19);
#8606 = PRODUCT_DEFINITION_SHAPE('Placement','Placement of an item',
  #8607);
#8607 = NEXT_ASSEMBLY_USAGE_OCCURRENCE('2','J1','',#5,#420,$);
#8608 = PRODUCT_RELATED_PRODUCT_CATEGORY('part',$,(#422));
#8609 = CONTEXT_DEPENDENT_SHAPE_REPRESENTATION(#8610,#8612);
#8610 = ( REPRESENTATION_RELATIONSHIP('','',#56,#10) 
REPRESENTATION_RELATIONSHIP_WITH_TRANSFORMATION(#8611) 
SHAPE_REPRESENTATION_RELATIONSHIP() );
#8611 = ITEM_DEFINED_TRANSFORMATION('','',#11,#23);
#8612 = PRODUCT_DEFINITION_SHAPE('Placement','Placement of an item',
  #8613);
#8613 = NEXT_ASSEMBLY_USAGE_OCCURRENCE('3','D2','',#5,#51,$);
#8614 = SHAPE_DEFINITION_REPRESENTATION(#8615,#8621);
#8615 = PRODUCT_DEFINITION_SHAPE('','',#8616);
#8616 = PRODUCT_DEFINITION('design','',#8617,#8620);
#8617 = PRODUCT_DEFINITION_FORMATION('','',#8618);
#8618 = PRODUCT('SW_PUSH_6mm','SW_PUSH_6mm','',(#8619));
#8619 = PRODUCT_CONTEXT('',#2,'mechanical');
#8620 = PRODUCT_DEFINITION_CONTEXT('part definition',#2,'design');
#8621 = ADVANCED_BREP_SHAPE_REPRESENTATION('',(#11,#8622),#11851);
#8622 = MANIFOLD_SOLID_BREP('',#8623);
#8623 = CLOSED_SHELL('',(#8624,#8641,#8666,#8789,#8820,#8845,#8870,#8894
    ,#8918,#8943,#8968,#8985,#9010,#9035,#9060,#9085,#9116,#9141,#9166,
    #9254,#9342,#9367,#9392,#9409,#9418,#9444,#9453,#9462,#9506,#9656,
    #9680,#9823,#9973,#10123,#10140,#10290,#10314,#10457,#10607,#10757,
    #10774,#10783,#10800,#10817,#10834,#10851,#10873,#10890,#10907,
    #10924,#10941,#10953,#10970,#10987,#11004,#11021,#11038,#11055,
    #11072,#11089,#11101,#11123,#11140,#11157,#11174,#11191,#11203,
    #11220,#11237,#11254,#11271,#11288,#11305,#11322,#11339,#11351,
    #11373,#11390,#11407,#11424,#11441,#11453,#11470,#11487,#11504,
    #11521,#11538,#11555,#11572,#11589,#11601,#11623,#11640,#11657,
    #11674,#11691,#11703,#11720,#11737,#11754,#11771,#11788,#11805,
    #11822,#11839));
#8624 = ADVANCED_FACE('',(#8625),#8636,.F.);
#8625 = FACE_BOUND('',#8626,.T.);
#8626 = EDGE_LOOP('',(#8627));
#8627 = ORIENTED_EDGE('',*,*,#8628,.T.);
#8628 = EDGE_CURVE('',#8629,#8629,#8631,.T.);
#8629 = VERTEX_POINT('',#8630);
#8630 = CARTESIAN_POINT('',(1.65,-4.25,4.1));
#8631 = CIRCLE('',#8632,0.5);
#8632 = AXIS2_PLACEMENT_3D('',#8633,#8634,#8635);
#8633 = CARTESIAN_POINT('',(1.15,-4.25,4.1));
#8634 = DIRECTION('',(0.,0.,1.));
#8635 = DIRECTION('',(1.,0.,-0.));
#8636 = PLANE('',#8637);
#8637 = AXIS2_PLACEMENT_3D('',#8638,#8639,#8640);
#8638 = CARTESIAN_POINT('',(1.65,-4.25,4.1));
#8639 = DIRECTION('',(0.,0.,-1.));
#8640 = DIRECTION('',(-1.,0.,0.));
#8641 = ADVANCED_FACE('',(#8642),#8661,.T.);
#8642 = FACE_BOUND('',#8643,.T.);
#8643 = EDGE_LOOP('',(#8644,#8652,#8653,#8654));
#8644 = ORIENTED_EDGE('',*,*,#8645,.T.);
#8645 = EDGE_CURVE('',#8646,#8629,#8648,.T.);
#8646 = VERTEX_POINT('',#8647);
#8647 = CARTESIAN_POINT('',(1.65,-4.25,3.6));
#8648 = LINE('',#8649,#8650);
#8649 = CARTESIAN_POINT('',(1.65,-4.25,3.5));
#8650 = VECTOR('',#8651,1.);
#8651 = DIRECTION('',(0.,0.,1.));
#8652 = ORIENTED_EDGE('',*,*,#8628,.F.);
#8653 = ORIENTED_EDGE('',*,*,#8645,.F.);
#8654 = ORIENTED_EDGE('',*,*,#8655,.F.);
#8655 = EDGE_CURVE('',#8646,#8646,#8656,.T.);
#8656 = CIRCLE('',#8657,0.5);
#8657 = AXIS2_PLACEMENT_3D('',#8658,#8659,#8660);
#8658 = CARTESIAN_POINT('',(1.15,-4.25,3.6));
#8659 = DIRECTION('',(0.,0.,-1.));
#8660 = DIRECTION('',(1.,0.,0.));
#8661 = CYLINDRICAL_SURFACE('',#8662,0.5);
#8662 = AXIS2_PLACEMENT_3D('',#8663,#8664,#8665);
#8663 = CARTESIAN_POINT('',(1.15,-4.25,3.5));
#8664 = DIRECTION('',(-0.,-0.,-1.));
#8665 = DIRECTION('',(1.,0.,0.));
#8666 = ADVANCED_FACE('',(#8667,#8737,#8748,#8759,#8770,#8781),#8784,.F.
  );
#8667 = FACE_BOUND('',#8668,.F.);
#8668 = EDGE_LOOP('',(#8669,#8679,#8688,#8696,#8705,#8713,#8722,#8730));
#8669 = ORIENTED_EDGE('',*,*,#8670,.F.);
#8670 = EDGE_CURVE('',#8671,#8673,#8675,.T.);
#8671 = VERTEX_POINT('',#8672);
#8672 = CARTESIAN_POINT('',(0.45,-5.25,3.6));
#8673 = VERTEX_POINT('',#8674);
#8674 = CARTESIAN_POINT('',(5.85,-5.25,3.6));
#8675 = LINE('',#8676,#8677);
#8676 = CARTESIAN_POINT('',(0.15,-5.25,3.6));
#8677 = VECTOR('',#8678,1.);
#8678 = DIRECTION('',(1.,0.,0.));
#8679 = ORIENTED_EDGE('',*,*,#8680,.T.);
#8680 = EDGE_CURVE('',#8671,#8681,#8683,.T.);
#8681 = VERTEX_POINT('',#8682);
#8682 = CARTESIAN_POINT('',(0.15,-4.95,3.6));
#8683 = CIRCLE('',#8684,0.3);
#8684 = AXIS2_PLACEMENT_3D('',#8685,#8686,#8687);
#8685 = CARTESIAN_POINT('',(0.45,-4.95,3.6));
#8686 = DIRECTION('',(-0.,-0.,-1.));
#8687 = DIRECTION('',(0.,-1.,0.));
#8688 = ORIENTED_EDGE('',*,*,#8689,.F.);
#8689 = EDGE_CURVE('',#8690,#8681,#8692,.T.);
#8690 = VERTEX_POINT('',#8691);
#8691 = CARTESIAN_POINT('',(0.15,0.45,3.6));
#8692 = LINE('',#8693,#8694);
#8693 = CARTESIAN_POINT('',(0.15,0.75,3.6));
#8694 = VECTOR('',#8695,1.);
#8695 = DIRECTION('',(0.,-1.,0.));
#8696 = ORIENTED_EDGE('',*,*,#8697,.F.);
#8697 = EDGE_CURVE('',#8698,#8690,#8700,.T.);
#8698 = VERTEX_POINT('',#8699);
#8699 = CARTESIAN_POINT('',(0.45,0.75,3.6));
#8700 = CIRCLE('',#8701,0.3);
#8701 = AXIS2_PLACEMENT_3D('',#8702,#8703,#8704);
#8702 = CARTESIAN_POINT('',(0.45,0.45,3.6));
#8703 = DIRECTION('',(-0.,0.,1.));
#8704 = DIRECTION('',(0.,-1.,0.));
#8705 = ORIENTED_EDGE('',*,*,#8706,.F.);
#8706 = EDGE_CURVE('',#8707,#8698,#8709,.T.);
#8707 = VERTEX_POINT('',#8708);
#8708 = CARTESIAN_POINT('',(5.85,0.75,3.6));
#8709 = LINE('',#8710,#8711);
#8710 = CARTESIAN_POINT('',(6.15,0.75,3.6));
#8711 = VECTOR('',#8712,1.);
#8712 = DIRECTION('',(-1.,0.,0.));
#8713 = ORIENTED_EDGE('',*,*,#8714,.F.);
#8714 = EDGE_CURVE('',#8715,#8707,#8717,.T.);
#8715 = VERTEX_POINT('',#8716);
#8716 = CARTESIAN_POINT('',(6.15,0.45,3.6));
#8717 = CIRCLE('',#8718,0.3);
#8718 = AXIS2_PLACEMENT_3D('',#8719,#8720,#8721);
#8719 = CARTESIAN_POINT('',(5.85,0.45,3.6));
#8720 = DIRECTION('',(-0.,0.,1.));
#8721 = DIRECTION('',(0.,-1.,0.));
#8722 = ORIENTED_EDGE('',*,*,#8723,.F.);
#8723 = EDGE_CURVE('',#8724,#8715,#8726,.T.);
#8724 = VERTEX_POINT('',#8725);
#8725 = CARTESIAN_POINT('',(6.15,-4.95,3.6));
#8726 = LINE('',#8727,#8728);
#8727 = CARTESIAN_POINT('',(6.15,-5.25,3.6));
#8728 = VECTOR('',#8729,1.);
#8729 = DIRECTION('',(0.,1.,0.));
#8730 = ORIENTED_EDGE('',*,*,#8731,.F.);
#8731 = EDGE_CURVE('',#8673,#8724,#8732,.T.);
#8732 = CIRCLE('',#8733,0.3);
#8733 = AXIS2_PLACEMENT_3D('',#8734,#8735,#8736);
#8734 = CARTESIAN_POINT('',(5.85,-4.95,3.6));
#8735 = DIRECTION('',(-0.,0.,1.));
#8736 = DIRECTION('',(0.,-1.,0.));
#8737 = FACE_BOUND('',#8738,.F.);
#8738 = EDGE_LOOP('',(#8739));
#8739 = ORIENTED_EDGE('',*,*,#8740,.F.);
#8740 = EDGE_CURVE('',#8741,#8741,#8743,.T.);
#8741 = VERTEX_POINT('',#8742);
#8742 = CARTESIAN_POINT('',(5.65,-4.25,3.6));
#8743 = CIRCLE('',#8744,0.5);
#8744 = AXIS2_PLACEMENT_3D('',#8745,#8746,#8747);
#8745 = CARTESIAN_POINT('',(5.15,-4.25,3.6));
#8746 = DIRECTION('',(0.,0.,-1.));
#8747 = DIRECTION('',(1.,0.,0.));
#8748 = FACE_BOUND('',#8749,.F.);
#8749 = EDGE_LOOP('',(#8750));
#8750 = ORIENTED_EDGE('',*,*,#8751,.F.);
#8751 = EDGE_CURVE('',#8752,#8752,#8754,.T.);
#8752 = VERTEX_POINT('',#8753);
#8753 = CARTESIAN_POINT('',(4.9,-2.25,3.6));
#8754 = CIRCLE('',#8755,1.75);
#8755 = AXIS2_PLACEMENT_3D('',#8756,#8757,#8758);
#8756 = CARTESIAN_POINT('',(3.15,-2.25,3.6));
#8757 = DIRECTION('',(0.,0.,-1.));
#8758 = DIRECTION('',(1.,0.,0.));
#8759 = FACE_BOUND('',#8760,.F.);
#8760 = EDGE_LOOP('',(#8761));
#8761 = ORIENTED_EDGE('',*,*,#8762,.F.);
#8762 = EDGE_CURVE('',#8763,#8763,#8765,.T.);
#8763 = VERTEX_POINT('',#8764);
#8764 = CARTESIAN_POINT('',(1.65,-0.25,3.6));
#8765 = CIRCLE('',#8766,0.5);
#8766 = AXIS2_PLACEMENT_3D('',#8767,#8768,#8769);
#8767 = CARTESIAN_POINT('',(1.15,-0.25,3.6));
#8768 = DIRECTION('',(0.,0.,-1.));
#8769 = DIRECTION('',(1.,0.,0.));
#8770 = FACE_BOUND('',#8771,.F.);
#8771 = EDGE_LOOP('',(#8772));
#8772 = ORIENTED_EDGE('',*,*,#8773,.F.);
#8773 = EDGE_CURVE('',#8774,#8774,#8776,.T.);
#8774 = VERTEX_POINT('',#8775);
#8775 = CARTESIAN_POINT('',(5.65,-0.25,3.6));
#8776 = CIRCLE('',#8777,0.5);
#8777 = AXIS2_PLACEMENT_3D('',#8778,#8779,#8780);
#8778 = CARTESIAN_POINT('',(5.15,-0.25,3.6));
#8779 = DIRECTION('',(0.,0.,-1.));
#8780 = DIRECTION('',(1.,0.,0.));
#8781 = FACE_BOUND('',#8782,.F.);
#8782 = EDGE_LOOP('',(#8783));
#8783 = ORIENTED_EDGE('',*,*,#8655,.F.);
#8784 = PLANE('',#8785);
#8785 = AXIS2_PLACEMENT_3D('',#8786,#8787,#8788);
#8786 = CARTESIAN_POINT('',(0.15,-5.25,3.6));
#8787 = DIRECTION('',(0.,0.,-1.));
#8788 = DIRECTION('',(-1.,0.,0.));
#8789 = ADVANCED_FACE('',(#8790),#8815,.F.);
#8790 = FACE_BOUND('',#8791,.F.);
#8791 = EDGE_LOOP('',(#8792,#8802,#8808,#8809));
#8792 = ORIENTED_EDGE('',*,*,#8793,.F.);
#8793 = EDGE_CURVE('',#8794,#8796,#8798,.T.);
#8794 = VERTEX_POINT('',#8795);
#8795 = CARTESIAN_POINT('',(0.45,-5.25,3.5));
#8796 = VERTEX_POINT('',#8797);
#8797 = CARTESIAN_POINT('',(5.85,-5.25,3.5));
#8798 = LINE('',#8799,#8800);
#8799 = CARTESIAN_POINT('',(0.15,-5.25,3.5));
#8800 = VECTOR('',#8801,1.);
#8801 = DIRECTION('',(1.,0.,0.));
#8802 = ORIENTED_EDGE('',*,*,#8803,.T.);
#8803 = EDGE_CURVE('',#8794,#8671,#8804,.T.);
#8804 = LINE('',#8805,#8806);
#8805 = CARTESIAN_POINT('',(0.45,-5.25,3.5));
#8806 = VECTOR('',#8807,1.);
#8807 = DIRECTION('',(0.,0.,1.));
#8808 = ORIENTED_EDGE('',*,*,#8670,.T.);
#8809 = ORIENTED_EDGE('',*,*,#8810,.F.);
#8810 = EDGE_CURVE('',#8796,#8673,#8811,.T.);
#8811 = LINE('',#8812,#8813);
#8812 = CARTESIAN_POINT('',(5.85,-5.25,3.5));
#8813 = VECTOR('',#8814,1.);
#8814 = DIRECTION('',(0.,0.,1.));
#8815 = PLANE('',#8816);
#8816 = AXIS2_PLACEMENT_3D('',#8817,#8818,#8819);
#8817 = CARTESIAN_POINT('',(0.15,-5.25,3.5));
#8818 = DIRECTION('',(0.,1.,0.));
#8819 = DIRECTION('',(1.,0.,0.));
#8820 = ADVANCED_FACE('',(#8821),#8840,.T.);
#8821 = FACE_BOUND('',#8822,.T.);
#8822 = EDGE_LOOP('',(#8823,#8824,#8825,#8833));
#8823 = ORIENTED_EDGE('',*,*,#8803,.T.);
#8824 = ORIENTED_EDGE('',*,*,#8680,.T.);
#8825 = ORIENTED_EDGE('',*,*,#8826,.F.);
#8826 = EDGE_CURVE('',#8827,#8681,#8829,.T.);
#8827 = VERTEX_POINT('',#8828);
#8828 = CARTESIAN_POINT('',(0.15,-4.95,3.5));
#8829 = LINE('',#8830,#8831);
#8830 = CARTESIAN_POINT('',(0.15,-4.95,3.5));
#8831 = VECTOR('',#8832,1.);
#8832 = DIRECTION('',(0.,0.,1.));
#8833 = ORIENTED_EDGE('',*,*,#8834,.F.);
#8834 = EDGE_CURVE('',#8794,#8827,#8835,.T.);
#8835 = CIRCLE('',#8836,0.3);
#8836 = AXIS2_PLACEMENT_3D('',#8837,#8838,#8839);
#8837 = CARTESIAN_POINT('',(0.45,-4.95,3.5));
#8838 = DIRECTION('',(-0.,-0.,-1.));
#8839 = DIRECTION('',(0.,-1.,0.));
#8840 = CYLINDRICAL_SURFACE('',#8841,0.3);
#8841 = AXIS2_PLACEMENT_3D('',#8842,#8843,#8844);
#8842 = CARTESIAN_POINT('',(0.45,-4.95,3.5));
#8843 = DIRECTION('',(0.,0.,1.));
#8844 = DIRECTION('',(0.,-1.,0.));
#8845 = ADVANCED_FACE('',(#8846),#8865,.T.);
#8846 = FACE_BOUND('',#8847,.T.);
#8847 = EDGE_LOOP('',(#8848,#8857,#8863,#8864));
#8848 = ORIENTED_EDGE('',*,*,#8849,.T.);
#8849 = EDGE_CURVE('',#8796,#8850,#8852,.T.);
#8850 = VERTEX_POINT('',#8851);
#8851 = CARTESIAN_POINT('',(6.15,-4.95,3.5));
#8852 = CIRCLE('',#8853,0.3);
#8853 = AXIS2_PLACEMENT_3D('',#8854,#8855,#8856);
#8854 = CARTESIAN_POINT('',(5.85,-4.95,3.5));
#8855 = DIRECTION('',(-0.,0.,1.));
#8856 = DIRECTION('',(0.,-1.,0.));
#8857 = ORIENTED_EDGE('',*,*,#8858,.T.);
#8858 = EDGE_CURVE('',#8850,#8724,#8859,.T.);
#8859 = LINE('',#8860,#8861);
#8860 = CARTESIAN_POINT('',(6.15,-4.95,3.5));
#8861 = VECTOR('',#8862,1.);
#8862 = DIRECTION('',(0.,0.,1.));
#8863 = ORIENTED_EDGE('',*,*,#8731,.F.);
#8864 = ORIENTED_EDGE('',*,*,#8810,.F.);
#8865 = CYLINDRICAL_SURFACE('',#8866,0.3);
#8866 = AXIS2_PLACEMENT_3D('',#8867,#8868,#8869);
#8867 = CARTESIAN_POINT('',(5.85,-4.95,3.5));
#8868 = DIRECTION('',(0.,0.,1.));
#8869 = DIRECTION('',(0.,-1.,0.));
#8870 = ADVANCED_FACE('',(#8871),#8889,.F.);
#8871 = FACE_BOUND('',#8872,.F.);
#8872 = EDGE_LOOP('',(#8873,#8881,#8887,#8888));
#8873 = ORIENTED_EDGE('',*,*,#8874,.F.);
#8874 = EDGE_CURVE('',#8875,#8827,#8877,.T.);
#8875 = VERTEX_POINT('',#8876);
#8876 = CARTESIAN_POINT('',(0.15,0.45,3.5));
#8877 = LINE('',#8878,#8879);
#8878 = CARTESIAN_POINT('',(0.15,0.75,3.5));
#8879 = VECTOR('',#8880,1.);
#8880 = DIRECTION('',(0.,-1.,0.));
#8881 = ORIENTED_EDGE('',*,*,#8882,.T.);
#8882 = EDGE_CURVE('',#8875,#8690,#8883,.T.);
#8883 = LINE('',#8884,#8885);
#8884 = CARTESIAN_POINT('',(0.15,0.45,3.5));
#8885 = VECTOR('',#8886,1.);
#8886 = DIRECTION('',(0.,0.,1.));
#8887 = ORIENTED_EDGE('',*,*,#8689,.T.);
#8888 = ORIENTED_EDGE('',*,*,#8826,.F.);
#8889 = PLANE('',#8890);
#8890 = AXIS2_PLACEMENT_3D('',#8891,#8892,#8893);
#8891 = CARTESIAN_POINT('',(0.15,0.75,3.5));
#8892 = DIRECTION('',(1.,0.,0.));
#8893 = DIRECTION('',(0.,-1.,0.));
#8894 = ADVANCED_FACE('',(#8895),#8913,.F.);
#8895 = FACE_BOUND('',#8896,.F.);
#8896 = EDGE_LOOP('',(#8897,#8905,#8906,#8907));
#8897 = ORIENTED_EDGE('',*,*,#8898,.F.);
#8898 = EDGE_CURVE('',#8850,#8899,#8901,.T.);
#8899 = VERTEX_POINT('',#8900);
#8900 = CARTESIAN_POINT('',(6.15,0.45,3.5));
#8901 = LINE('',#8902,#8903);
#8902 = CARTESIAN_POINT('',(6.15,-5.25,3.5));
#8903 = VECTOR('',#8904,1.);
#8904 = DIRECTION('',(0.,1.,0.));
#8905 = ORIENTED_EDGE('',*,*,#8858,.T.);
#8906 = ORIENTED_EDGE('',*,*,#8723,.T.);
#8907 = ORIENTED_EDGE('',*,*,#8908,.F.);
#8908 = EDGE_CURVE('',#8899,#8715,#8909,.T.);
#8909 = LINE('',#8910,#8911);
#8910 = CARTESIAN_POINT('',(6.15,0.45,3.5));
#8911 = VECTOR('',#8912,1.);
#8912 = DIRECTION('',(0.,0.,1.));
#8913 = PLANE('',#8914);
#8914 = AXIS2_PLACEMENT_3D('',#8915,#8916,#8917);
#8915 = CARTESIAN_POINT('',(6.15,-5.25,3.5));
#8916 = DIRECTION('',(-1.,0.,0.));
#8917 = DIRECTION('',(0.,1.,0.));
#8918 = ADVANCED_FACE('',(#8919),#8938,.T.);
#8919 = FACE_BOUND('',#8920,.T.);
#8920 = EDGE_LOOP('',(#8921,#8930,#8931,#8932));
#8921 = ORIENTED_EDGE('',*,*,#8922,.T.);
#8922 = EDGE_CURVE('',#8923,#8875,#8925,.T.);
#8923 = VERTEX_POINT('',#8924);
#8924 = CARTESIAN_POINT('',(0.45,0.75,3.5));
#8925 = CIRCLE('',#8926,0.3);
#8926 = AXIS2_PLACEMENT_3D('',#8927,#8928,#8929);
#8927 = CARTESIAN_POINT('',(0.45,0.45,3.5));
#8928 = DIRECTION('',(-0.,0.,1.));
#8929 = DIRECTION('',(0.,-1.,0.));
#8930 = ORIENTED_EDGE('',*,*,#8882,.T.);
#8931 = ORIENTED_EDGE('',*,*,#8697,.F.);
#8932 = ORIENTED_EDGE('',*,*,#8933,.F.);
#8933 = EDGE_CURVE('',#8923,#8698,#8934,.T.);
#8934 = LINE('',#8935,#8936);
#8935 = CARTESIAN_POINT('',(0.45,0.75,3.5));
#8936 = VECTOR('',#8937,1.);
#8937 = DIRECTION('',(0.,0.,1.));
#8938 = CYLINDRICAL_SURFACE('',#8939,0.3);
#8939 = AXIS2_PLACEMENT_3D('',#8940,#8941,#8942);
#8940 = CARTESIAN_POINT('',(0.45,0.45,3.5));
#8941 = DIRECTION('',(0.,0.,1.));
#8942 = DIRECTION('',(0.,1.,0.));
#8943 = ADVANCED_FACE('',(#8944),#8963,.T.);
#8944 = FACE_BOUND('',#8945,.T.);
#8945 = EDGE_LOOP('',(#8946,#8955,#8961,#8962));
#8946 = ORIENTED_EDGE('',*,*,#8947,.T.);
#8947 = EDGE_CURVE('',#8899,#8948,#8950,.T.);
#8948 = VERTEX_POINT('',#8949);
#8949 = CARTESIAN_POINT('',(5.85,0.75,3.5));
#8950 = CIRCLE('',#8951,0.3);
#8951 = AXIS2_PLACEMENT_3D('',#8952,#8953,#8954);
#8952 = CARTESIAN_POINT('',(5.85,0.45,3.5));
#8953 = DIRECTION('',(-0.,0.,1.));
#8954 = DIRECTION('',(0.,-1.,0.));
#8955 = ORIENTED_EDGE('',*,*,#8956,.T.);
#8956 = EDGE_CURVE('',#8948,#8707,#8957,.T.);
#8957 = LINE('',#8958,#8959);
#8958 = CARTESIAN_POINT('',(5.85,0.75,3.5));
#8959 = VECTOR('',#8960,1.);
#8960 = DIRECTION('',(0.,0.,1.));
#8961 = ORIENTED_EDGE('',*,*,#8714,.F.);
#8962 = ORIENTED_EDGE('',*,*,#8908,.F.);
#8963 = CYLINDRICAL_SURFACE('',#8964,0.3);
#8964 = AXIS2_PLACEMENT_3D('',#8965,#8966,#8967);
#8965 = CARTESIAN_POINT('',(5.85,0.45,3.5));
#8966 = DIRECTION('',(0.,0.,1.));
#8967 = DIRECTION('',(1.,0.,-0.));
#8968 = ADVANCED_FACE('',(#8969),#8980,.F.);
#8969 = FACE_BOUND('',#8970,.F.);
#8970 = EDGE_LOOP('',(#8971,#8977,#8978,#8979));
#8971 = ORIENTED_EDGE('',*,*,#8972,.F.);
#8972 = EDGE_CURVE('',#8948,#8923,#8973,.T.);
#8973 = LINE('',#8974,#8975);
#8974 = CARTESIAN_POINT('',(6.15,0.75,3.5));
#8975 = VECTOR('',#8976,1.);
#8976 = DIRECTION('',(-1.,0.,0.));
#8977 = ORIENTED_EDGE('',*,*,#8956,.T.);
#8978 = ORIENTED_EDGE('',*,*,#8706,.T.);
#8979 = ORIENTED_EDGE('',*,*,#8933,.F.);
#8980 = PLANE('',#8981);
#8981 = AXIS2_PLACEMENT_3D('',#8982,#8983,#8984);
#8982 = CARTESIAN_POINT('',(6.15,0.75,3.5));
#8983 = DIRECTION('',(0.,-1.,0.));
#8984 = DIRECTION('',(-1.,0.,0.));
#8985 = ADVANCED_FACE('',(#8986),#9005,.T.);
#8986 = FACE_BOUND('',#8987,.T.);
#8987 = EDGE_LOOP('',(#8988,#8996,#9003,#9004));
#8988 = ORIENTED_EDGE('',*,*,#8989,.T.);
#8989 = EDGE_CURVE('',#8741,#8990,#8992,.T.);
#8990 = VERTEX_POINT('',#8991);
#8991 = CARTESIAN_POINT('',(5.65,-4.25,4.1));
#8992 = LINE('',#8993,#8994);
#8993 = CARTESIAN_POINT('',(5.65,-4.25,3.5));
#8994 = VECTOR('',#8995,1.);
#8995 = DIRECTION('',(0.,0.,1.));
#8996 = ORIENTED_EDGE('',*,*,#8997,.F.);
#8997 = EDGE_CURVE('',#8990,#8990,#8998,.T.);
#8998 = CIRCLE('',#8999,0.5);
#8999 = AXIS2_PLACEMENT_3D('',#9000,#9001,#9002);
#9000 = CARTESIAN_POINT('',(5.15,-4.25,4.1));
#9001 = DIRECTION('',(0.,0.,1.));
#9002 = DIRECTION('',(1.,0.,-0.));
#9003 = ORIENTED_EDGE('',*,*,#8989,.F.);
#9004 = ORIENTED_EDGE('',*,*,#8740,.F.);
#9005 = CYLINDRICAL_SURFACE('',#9006,0.5);
#9006 = AXIS2_PLACEMENT_3D('',#9007,#9008,#9009);
#9007 = CARTESIAN_POINT('',(5.15,-4.25,3.5));
#9008 = DIRECTION('',(-0.,-0.,-1.));
#9009 = DIRECTION('',(1.,0.,0.));
#9010 = ADVANCED_FACE('',(#9011),#9030,.T.);
#9011 = FACE_BOUND('',#9012,.T.);
#9012 = EDGE_LOOP('',(#9013,#9021,#9028,#9029));
#9013 = ORIENTED_EDGE('',*,*,#9014,.T.);
#9014 = EDGE_CURVE('',#8752,#9015,#9017,.T.);
#9015 = VERTEX_POINT('',#9016);
#9016 = CARTESIAN_POINT('',(4.9,-2.25,4.2));
#9017 = LINE('',#9018,#9019);
#9018 = CARTESIAN_POINT('',(4.9,-2.25,3.5));
#9019 = VECTOR('',#9020,1.);
#9020 = DIRECTION('',(0.,0.,1.));
#9021 = ORIENTED_EDGE('',*,*,#9022,.F.);
#9022 = EDGE_CURVE('',#9015,#9015,#9023,.T.);
#9023 = CIRCLE('',#9024,1.75);
#9024 = AXIS2_PLACEMENT_3D('',#9025,#9026,#9027);
#9025 = CARTESIAN_POINT('',(3.15,-2.25,4.2));
#9026 = DIRECTION('',(0.,0.,1.));
#9027 = DIRECTION('',(1.,0.,-0.));
#9028 = ORIENTED_EDGE('',*,*,#9014,.F.);
#9029 = ORIENTED_EDGE('',*,*,#8751,.F.);
#9030 = CYLINDRICAL_SURFACE('',#9031,1.75);
#9031 = AXIS2_PLACEMENT_3D('',#9032,#9033,#9034);
#9032 = CARTESIAN_POINT('',(3.15,-2.25,3.5));
#9033 = DIRECTION('',(-0.,-0.,-1.));
#9034 = DIRECTION('',(1.,0.,0.));
#9035 = ADVANCED_FACE('',(#9036),#9055,.T.);
#9036 = FACE_BOUND('',#9037,.T.);
#9037 = EDGE_LOOP('',(#9038,#9046,#9053,#9054));
#9038 = ORIENTED_EDGE('',*,*,#9039,.T.);
#9039 = EDGE_CURVE('',#8763,#9040,#9042,.T.);
#9040 = VERTEX_POINT('',#9041);
#9041 = CARTESIAN_POINT('',(1.65,-0.25,4.1));
#9042 = LINE('',#9043,#9044);
#9043 = CARTESIAN_POINT('',(1.65,-0.25,3.5));
#9044 = VECTOR('',#9045,1.);
#9045 = DIRECTION('',(0.,0.,1.));
#9046 = ORIENTED_EDGE('',*,*,#9047,.F.);
#9047 = EDGE_CURVE('',#9040,#9040,#9048,.T.);
#9048 = CIRCLE('',#9049,0.5);
#9049 = AXIS2_PLACEMENT_3D('',#9050,#9051,#9052);
#9050 = CARTESIAN_POINT('',(1.15,-0.25,4.1));
#9051 = DIRECTION('',(0.,0.,1.));
#9052 = DIRECTION('',(1.,0.,-0.));
#9053 = ORIENTED_EDGE('',*,*,#9039,.F.);
#9054 = ORIENTED_EDGE('',*,*,#8762,.F.);
#9055 = CYLINDRICAL_SURFACE('',#9056,0.5);
#9056 = AXIS2_PLACEMENT_3D('',#9057,#9058,#9059);
#9057 = CARTESIAN_POINT('',(1.15,-0.25,3.5));
#9058 = DIRECTION('',(-0.,-0.,-1.));
#9059 = DIRECTION('',(1.,0.,0.));
#9060 = ADVANCED_FACE('',(#9061),#9080,.T.);
#9061 = FACE_BOUND('',#9062,.T.);
#9062 = EDGE_LOOP('',(#9063,#9071,#9078,#9079));
#9063 = ORIENTED_EDGE('',*,*,#9064,.T.);
#9064 = EDGE_CURVE('',#8774,#9065,#9067,.T.);
#9065 = VERTEX_POINT('',#9066);
#9066 = CARTESIAN_POINT('',(5.65,-0.25,4.1));
#9067 = LINE('',#9068,#9069);
#9068 = CARTESIAN_POINT('',(5.65,-0.25,3.5));
#9069 = VECTOR('',#9070,1.);
#9070 = DIRECTION('',(0.,0.,1.));
#9071 = ORIENTED_EDGE('',*,*,#9072,.F.);
#9072 = EDGE_CURVE('',#9065,#9065,#9073,.T.);
#9073 = CIRCLE('',#9074,0.5);
#9074 = AXIS2_PLACEMENT_3D('',#9075,#9076,#9077);
#9075 = CARTESIAN_POINT('',(5.15,-0.25,4.1));
#9076 = DIRECTION('',(0.,0.,1.));
#9077 = DIRECTION('',(1.,0.,-0.));
#9078 = ORIENTED_EDGE('',*,*,#9064,.F.);
#9079 = ORIENTED_EDGE('',*,*,#8773,.F.);
#9080 = CYLINDRICAL_SURFACE('',#9081,0.5);
#9081 = AXIS2_PLACEMENT_3D('',#9082,#9083,#9084);
#9082 = CARTESIAN_POINT('',(5.15,-0.25,3.5));
#9083 = DIRECTION('',(-0.,-0.,-1.));
#9084 = DIRECTION('',(1.,0.,0.));
#9085 = ADVANCED_FACE('',(#9086),#9111,.F.);
#9086 = FACE_BOUND('',#9087,.F.);
#9087 = EDGE_LOOP('',(#9088,#9098,#9104,#9105));
#9088 = ORIENTED_EDGE('',*,*,#9089,.F.);
#9089 = EDGE_CURVE('',#9090,#9092,#9094,.T.);
#9090 = VERTEX_POINT('',#9091);
#9091 = CARTESIAN_POINT('',(0.45,-5.25,0.));
#9092 = VERTEX_POINT('',#9093);
#9093 = CARTESIAN_POINT('',(5.85,-5.25,0.));
#9094 = LINE('',#9095,#9096);
#9095 = CARTESIAN_POINT('',(0.15,-5.25,0.));
#9096 = VECTOR('',#9097,1.);
#9097 = DIRECTION('',(1.,0.,0.));
#9098 = ORIENTED_EDGE('',*,*,#9099,.T.);
#9099 = EDGE_CURVE('',#9090,#8794,#9100,.T.);
#9100 = LINE('',#9101,#9102);
#9101 = CARTESIAN_POINT('',(0.45,-5.25,0.));
#9102 = VECTOR('',#9103,1.);
#9103 = DIRECTION('',(0.,0.,1.));
#9104 = ORIENTED_EDGE('',*,*,#8793,.T.);
#9105 = ORIENTED_EDGE('',*,*,#9106,.F.);
#9106 = EDGE_CURVE('',#9092,#8796,#9107,.T.);
#9107 = LINE('',#9108,#9109);
#9108 = CARTESIAN_POINT('',(5.85,-5.25,0.));
#9109 = VECTOR('',#9110,1.);
#9110 = DIRECTION('',(0.,0.,1.));
#9111 = PLANE('',#9112);
#9112 = AXIS2_PLACEMENT_3D('',#9113,#9114,#9115);
#9113 = CARTESIAN_POINT('',(0.15,-5.25,0.));
#9114 = DIRECTION('',(0.,1.,0.));
#9115 = DIRECTION('',(1.,0.,0.));
#9116 = ADVANCED_FACE('',(#9117),#9136,.T.);
#9117 = FACE_BOUND('',#9118,.T.);
#9118 = EDGE_LOOP('',(#9119,#9120,#9121,#9129));
#9119 = ORIENTED_EDGE('',*,*,#9099,.T.);
#9120 = ORIENTED_EDGE('',*,*,#8834,.T.);
#9121 = ORIENTED_EDGE('',*,*,#9122,.F.);
#9122 = EDGE_CURVE('',#9123,#8827,#9125,.T.);
#9123 = VERTEX_POINT('',#9124);
#9124 = CARTESIAN_POINT('',(0.15,-4.95,0.));
#9125 = LINE('',#9126,#9127);
#9126 = CARTESIAN_POINT('',(0.15,-4.95,0.));
#9127 = VECTOR('',#9128,1.);
#9128 = DIRECTION('',(0.,0.,1.));
#9129 = ORIENTED_EDGE('',*,*,#9130,.F.);
#9130 = EDGE_CURVE('',#9090,#9123,#9131,.T.);
#9131 = CIRCLE('',#9132,0.3);
#9132 = AXIS2_PLACEMENT_3D('',#9133,#9134,#9135);
#9133 = CARTESIAN_POINT('',(0.45,-4.95,0.));
#9134 = DIRECTION('',(-0.,-0.,-1.));
#9135 = DIRECTION('',(0.,-1.,0.));
#9136 = CYLINDRICAL_SURFACE('',#9137,0.3);
#9137 = AXIS2_PLACEMENT_3D('',#9138,#9139,#9140);
#9138 = CARTESIAN_POINT('',(0.45,-4.95,0.));
#9139 = DIRECTION('',(0.,0.,1.));
#9140 = DIRECTION('',(0.,-1.,0.));
#9141 = ADVANCED_FACE('',(#9142),#9161,.T.);
#9142 = FACE_BOUND('',#9143,.T.);
#9143 = EDGE_LOOP('',(#9144,#9153,#9159,#9160));
#9144 = ORIENTED_EDGE('',*,*,#9145,.T.);
#9145 = EDGE_CURVE('',#9092,#9146,#9148,.T.);
#9146 = VERTEX_POINT('',#9147);
#9147 = CARTESIAN_POINT('',(6.15,-4.95,0.));
#9148 = CIRCLE('',#9149,0.3);
#9149 = AXIS2_PLACEMENT_3D('',#9150,#9151,#9152);
#9150 = CARTESIAN_POINT('',(5.85,-4.95,0.));
#9151 = DIRECTION('',(-0.,0.,1.));
#9152 = DIRECTION('',(0.,-1.,0.));
#9153 = ORIENTED_EDGE('',*,*,#9154,.T.);
#9154 = EDGE_CURVE('',#9146,#8850,#9155,.T.);
#9155 = LINE('',#9156,#9157);
#9156 = CARTESIAN_POINT('',(6.15,-4.95,0.));
#9157 = VECTOR('',#9158,1.);
#9158 = DIRECTION('',(0.,0.,1.));
#9159 = ORIENTED_EDGE('',*,*,#8849,.F.);
#9160 = ORIENTED_EDGE('',*,*,#9106,.F.);
#9161 = CYLINDRICAL_SURFACE('',#9162,0.3);
#9162 = AXIS2_PLACEMENT_3D('',#9163,#9164,#9165);
#9163 = CARTESIAN_POINT('',(5.85,-4.95,0.));
#9164 = DIRECTION('',(0.,0.,1.));
#9165 = DIRECTION('',(0.,-1.,0.));
#9166 = ADVANCED_FACE('',(#9167),#9249,.F.);
#9167 = FACE_BOUND('',#9168,.F.);
#9168 = EDGE_LOOP('',(#9169,#9179,#9185,#9186,#9187,#9195,#9203,#9211,
    #9219,#9227,#9235,#9243));
#9169 = ORIENTED_EDGE('',*,*,#9170,.F.);
#9170 = EDGE_CURVE('',#9171,#9173,#9175,.T.);
#9171 = VERTEX_POINT('',#9172);
#9172 = CARTESIAN_POINT('',(0.15,0.45,0.));
#9173 = VERTEX_POINT('',#9174);
#9174 = CARTESIAN_POINT('',(0.15,0.35,0.));
#9175 = LINE('',#9176,#9177);
#9176 = CARTESIAN_POINT('',(0.15,0.75,0.));
#9177 = VECTOR('',#9178,1.);
#9178 = DIRECTION('',(0.,-1.,0.));
#9179 = ORIENTED_EDGE('',*,*,#9180,.T.);
#9180 = EDGE_CURVE('',#9171,#8875,#9181,.T.);
#9181 = LINE('',#9182,#9183);
#9182 = CARTESIAN_POINT('',(0.15,0.45,0.));
#9183 = VECTOR('',#9184,1.);
#9184 = DIRECTION('',(0.,0.,1.));
#9185 = ORIENTED_EDGE('',*,*,#8874,.T.);
#9186 = ORIENTED_EDGE('',*,*,#9122,.F.);
#9187 = ORIENTED_EDGE('',*,*,#9188,.F.);
#9188 = EDGE_CURVE('',#9189,#9123,#9191,.T.);
#9189 = VERTEX_POINT('',#9190);
#9190 = CARTESIAN_POINT('',(0.15,-4.85,0.));
#9191 = LINE('',#9192,#9193);
#9192 = CARTESIAN_POINT('',(0.15,0.75,0.));
#9193 = VECTOR('',#9194,1.);
#9194 = DIRECTION('',(0.,-1.,0.));
#9195 = ORIENTED_EDGE('',*,*,#9196,.F.);
#9196 = EDGE_CURVE('',#9197,#9189,#9199,.T.);
#9197 = VERTEX_POINT('',#9198);
#9198 = CARTESIAN_POINT('',(0.15,-4.85,1.5));
#9199 = LINE('',#9200,#9201);
#9200 = CARTESIAN_POINT('',(0.15,-4.85,1.5));
#9201 = VECTOR('',#9202,1.);
#9202 = DIRECTION('',(0.,5.551115123126E-16,-1.));
#9203 = ORIENTED_EDGE('',*,*,#9204,.T.);
#9204 = EDGE_CURVE('',#9197,#9205,#9207,.T.);
#9205 = VERTEX_POINT('',#9206);
#9206 = CARTESIAN_POINT('',(0.15,-4.15,1.5));
#9207 = LINE('',#9208,#9209);
#9208 = CARTESIAN_POINT('',(0.15,-4.85,1.5));
#9209 = VECTOR('',#9210,1.);
#9210 = DIRECTION('',(0.,1.,3.330669073875E-16));
#9211 = ORIENTED_EDGE('',*,*,#9212,.T.);
#9212 = EDGE_CURVE('',#9205,#9213,#9215,.T.);
#9213 = VERTEX_POINT('',#9214);
#9214 = CARTESIAN_POINT('',(0.15,-4.15,0.));
#9215 = LINE('',#9216,#9217);
#9216 = CARTESIAN_POINT('',(0.15,-4.15,1.5));
#9217 = VECTOR('',#9218,1.);
#9218 = DIRECTION('',(0.,5.551115123126E-16,-1.));
#9219 = ORIENTED_EDGE('',*,*,#9220,.F.);
#9220 = EDGE_CURVE('',#9221,#9213,#9223,.T.);
#9221 = VERTEX_POINT('',#9222);
#9222 = CARTESIAN_POINT('',(0.15,-0.35,0.));
#9223 = LINE('',#9224,#9225);
#9224 = CARTESIAN_POINT('',(0.15,0.75,0.));
#9225 = VECTOR('',#9226,1.);
#9226 = DIRECTION('',(0.,-1.,0.));
#9227 = ORIENTED_EDGE('',*,*,#9228,.F.);
#9228 = EDGE_CURVE('',#9229,#9221,#9231,.T.);
#9229 = VERTEX_POINT('',#9230);
#9230 = CARTESIAN_POINT('',(0.15,-0.35,1.5));
#9231 = LINE('',#9232,#9233);
#9232 = CARTESIAN_POINT('',(0.15,-0.35,1.5));
#9233 = VECTOR('',#9234,1.);
#9234 = DIRECTION('',(0.,5.551115123126E-16,-1.));
#9235 = ORIENTED_EDGE('',*,*,#9236,.T.);
#9236 = EDGE_CURVE('',#9229,#9237,#9239,.T.);
#9237 = VERTEX_POINT('',#9238);
#9238 = CARTESIAN_POINT('',(0.15,0.35,1.5));
#9239 = LINE('',#9240,#9241);
#9240 = CARTESIAN_POINT('',(0.15,-0.35,1.5));
#9241 = VECTOR('',#9242,1.);
#9242 = DIRECTION('',(0.,1.,3.330669073875E-16));
#9243 = ORIENTED_EDGE('',*,*,#9244,.T.);
#9244 = EDGE_CURVE('',#9237,#9173,#9245,.T.);
#9245 = LINE('',#9246,#9247);
#9246 = CARTESIAN_POINT('',(0.15,0.35,1.5));
#9247 = VECTOR('',#9248,1.);
#9248 = DIRECTION('',(0.,5.551115123126E-16,-1.));
#9249 = PLANE('',#9250);
#9250 = AXIS2_PLACEMENT_3D('',#9251,#9252,#9253);
#9251 = CARTESIAN_POINT('',(0.15,0.75,0.));
#9252 = DIRECTION('',(1.,0.,0.));
#9253 = DIRECTION('',(0.,-1.,0.));
#9254 = ADVANCED_FACE('',(#9255),#9337,.F.);
#9255 = FACE_BOUND('',#9256,.F.);
#9256 = EDGE_LOOP('',(#9257,#9265,#9266,#9267,#9275,#9283,#9291,#9299,
    #9307,#9315,#9323,#9331));
#9257 = ORIENTED_EDGE('',*,*,#9258,.F.);
#9258 = EDGE_CURVE('',#9146,#9259,#9261,.T.);
#9259 = VERTEX_POINT('',#9260);
#9260 = CARTESIAN_POINT('',(6.15,-4.85,0.));
#9261 = LINE('',#9262,#9263);
#9262 = CARTESIAN_POINT('',(6.15,-5.25,0.));
#9263 = VECTOR('',#9264,1.);
#9264 = DIRECTION('',(0.,1.,0.));
#9265 = ORIENTED_EDGE('',*,*,#9154,.T.);
#9266 = ORIENTED_EDGE('',*,*,#8898,.T.);
#9267 = ORIENTED_EDGE('',*,*,#9268,.F.);
#9268 = EDGE_CURVE('',#9269,#8899,#9271,.T.);
#9269 = VERTEX_POINT('',#9270);
#9270 = CARTESIAN_POINT('',(6.15,0.45,0.));
#9271 = LINE('',#9272,#9273);
#9272 = CARTESIAN_POINT('',(6.15,0.45,0.));
#9273 = VECTOR('',#9274,1.);
#9274 = DIRECTION('',(0.,0.,1.));
#9275 = ORIENTED_EDGE('',*,*,#9276,.F.);
#9276 = EDGE_CURVE('',#9277,#9269,#9279,.T.);
#9277 = VERTEX_POINT('',#9278);
#9278 = CARTESIAN_POINT('',(6.15,0.35,0.));
#9279 = LINE('',#9280,#9281);
#9280 = CARTESIAN_POINT('',(6.15,-5.25,0.));
#9281 = VECTOR('',#9282,1.);
#9282 = DIRECTION('',(0.,1.,0.));
#9283 = ORIENTED_EDGE('',*,*,#9284,.F.);
#9284 = EDGE_CURVE('',#9285,#9277,#9287,.T.);
#9285 = VERTEX_POINT('',#9286);
#9286 = CARTESIAN_POINT('',(6.15,0.35,1.5));
#9287 = LINE('',#9288,#9289);
#9288 = CARTESIAN_POINT('',(6.15,0.35,1.5));
#9289 = VECTOR('',#9290,1.);
#9290 = DIRECTION('',(0.,5.551115123126E-16,-1.));
#9291 = ORIENTED_EDGE('',*,*,#9292,.F.);
#9292 = EDGE_CURVE('',#9293,#9285,#9295,.T.);
#9293 = VERTEX_POINT('',#9294);
#9294 = CARTESIAN_POINT('',(6.15,-0.35,1.5));
#9295 = LINE('',#9296,#9297);
#9296 = CARTESIAN_POINT('',(6.15,-0.35,1.5));
#9297 = VECTOR('',#9298,1.);
#9298 = DIRECTION('',(0.,1.,3.330669073875E-16));
#9299 = ORIENTED_EDGE('',*,*,#9300,.T.);
#9300 = EDGE_CURVE('',#9293,#9301,#9303,.T.);
#9301 = VERTEX_POINT('',#9302);
#9302 = CARTESIAN_POINT('',(6.15,-0.35,0.));
#9303 = LINE('',#9304,#9305);
#9304 = CARTESIAN_POINT('',(6.15,-0.35,1.5));
#9305 = VECTOR('',#9306,1.);
#9306 = DIRECTION('',(0.,5.551115123126E-16,-1.));
#9307 = ORIENTED_EDGE('',*,*,#9308,.F.);
#9308 = EDGE_CURVE('',#9309,#9301,#9311,.T.);
#9309 = VERTEX_POINT('',#9310);
#9310 = CARTESIAN_POINT('',(6.15,-4.15,0.));
#9311 = LINE('',#9312,#9313);
#9312 = CARTESIAN_POINT('',(6.15,-5.25,0.));
#9313 = VECTOR('',#9314,1.);
#9314 = DIRECTION('',(0.,1.,0.));
#9315 = ORIENTED_EDGE('',*,*,#9316,.F.);
#9316 = EDGE_CURVE('',#9317,#9309,#9319,.T.);
#9317 = VERTEX_POINT('',#9318);
#9318 = CARTESIAN_POINT('',(6.15,-4.15,1.5));
#9319 = LINE('',#9320,#9321);
#9320 = CARTESIAN_POINT('',(6.15,-4.15,1.5));
#9321 = VECTOR('',#9322,1.);
#9322 = DIRECTION('',(0.,5.551115123126E-16,-1.));
#9323 = ORIENTED_EDGE('',*,*,#9324,.F.);
#9324 = EDGE_CURVE('',#9325,#9317,#9327,.T.);
#9325 = VERTEX_POINT('',#9326);
#9326 = CARTESIAN_POINT('',(6.15,-4.85,1.5));
#9327 = LINE('',#9328,#9329);
#9328 = CARTESIAN_POINT('',(6.15,-4.85,1.5));
#9329 = VECTOR('',#9330,1.);
#9330 = DIRECTION('',(0.,1.,3.330669073875E-16));
#9331 = ORIENTED_EDGE('',*,*,#9332,.T.);
#9332 = EDGE_CURVE('',#9325,#9259,#9333,.T.);
#9333 = LINE('',#9334,#9335);
#9334 = CARTESIAN_POINT('',(6.15,-4.85,1.5));
#9335 = VECTOR('',#9336,1.);
#9336 = DIRECTION('',(0.,5.551115123126E-16,-1.));
#9337 = PLANE('',#9338);
#9338 = AXIS2_PLACEMENT_3D('',#9339,#9340,#9341);
#9339 = CARTESIAN_POINT('',(6.15,-5.25,0.));
#9340 = DIRECTION('',(-1.,0.,0.));
#9341 = DIRECTION('',(0.,1.,0.));
#9342 = ADVANCED_FACE('',(#9343),#9362,.T.);
#9343 = FACE_BOUND('',#9344,.T.);
#9344 = EDGE_LOOP('',(#9345,#9354,#9355,#9356));
#9345 = ORIENTED_EDGE('',*,*,#9346,.T.);
#9346 = EDGE_CURVE('',#9347,#9171,#9349,.T.);
#9347 = VERTEX_POINT('',#9348);
#9348 = CARTESIAN_POINT('',(0.45,0.75,0.));
#9349 = CIRCLE('',#9350,0.3);
#9350 = AXIS2_PLACEMENT_3D('',#9351,#9352,#9353);
#9351 = CARTESIAN_POINT('',(0.45,0.45,0.));
#9352 = DIRECTION('',(-0.,0.,1.));
#9353 = DIRECTION('',(0.,-1.,0.));
#9354 = ORIENTED_EDGE('',*,*,#9180,.T.);
#9355 = ORIENTED_EDGE('',*,*,#8922,.F.);
#9356 = ORIENTED_EDGE('',*,*,#9357,.F.);
#9357 = EDGE_CURVE('',#9347,#8923,#9358,.T.);
#9358 = LINE('',#9359,#9360);
#9359 = CARTESIAN_POINT('',(0.45,0.75,0.));
#9360 = VECTOR('',#9361,1.);
#9361 = DIRECTION('',(0.,0.,1.));
#9362 = CYLINDRICAL_SURFACE('',#9363,0.3);
#9363 = AXIS2_PLACEMENT_3D('',#9364,#9365,#9366);
#9364 = CARTESIAN_POINT('',(0.45,0.45,0.));
#9365 = DIRECTION('',(0.,0.,1.));
#9366 = DIRECTION('',(0.,1.,0.));
#9367 = ADVANCED_FACE('',(#9368),#9387,.T.);
#9368 = FACE_BOUND('',#9369,.T.);
#9369 = EDGE_LOOP('',(#9370,#9379,#9385,#9386));
#9370 = ORIENTED_EDGE('',*,*,#9371,.T.);
#9371 = EDGE_CURVE('',#9269,#9372,#9374,.T.);
#9372 = VERTEX_POINT('',#9373);
#9373 = CARTESIAN_POINT('',(5.85,0.75,0.));
#9374 = CIRCLE('',#9375,0.3);
#9375 = AXIS2_PLACEMENT_3D('',#9376,#9377,#9378);
#9376 = CARTESIAN_POINT('',(5.85,0.45,0.));
#9377 = DIRECTION('',(-0.,0.,1.));
#9378 = DIRECTION('',(0.,-1.,0.));
#9379 = ORIENTED_EDGE('',*,*,#9380,.T.);
#9380 = EDGE_CURVE('',#9372,#8948,#9381,.T.);
#9381 = LINE('',#9382,#9383);
#9382 = CARTESIAN_POINT('',(5.85,0.75,0.));
#9383 = VECTOR('',#9384,1.);
#9384 = DIRECTION('',(0.,0.,1.));
#9385 = ORIENTED_EDGE('',*,*,#8947,.F.);
#9386 = ORIENTED_EDGE('',*,*,#9268,.F.);
#9387 = CYLINDRICAL_SURFACE('',#9388,0.3);
#9388 = AXIS2_PLACEMENT_3D('',#9389,#9390,#9391);
#9389 = CARTESIAN_POINT('',(5.85,0.45,0.));
#9390 = DIRECTION('',(0.,0.,1.));
#9391 = DIRECTION('',(1.,0.,-0.));
#9392 = ADVANCED_FACE('',(#9393),#9404,.F.);
#9393 = FACE_BOUND('',#9394,.F.);
#9394 = EDGE_LOOP('',(#9395,#9401,#9402,#9403));
#9395 = ORIENTED_EDGE('',*,*,#9396,.F.);
#9396 = EDGE_CURVE('',#9372,#9347,#9397,.T.);
#9397 = LINE('',#9398,#9399);
#9398 = CARTESIAN_POINT('',(6.15,0.75,0.));
#9399 = VECTOR('',#9400,1.);
#9400 = DIRECTION('',(-1.,0.,0.));
#9401 = ORIENTED_EDGE('',*,*,#9380,.T.);
#9402 = ORIENTED_EDGE('',*,*,#8972,.T.);
#9403 = ORIENTED_EDGE('',*,*,#9357,.F.);
#9404 = PLANE('',#9405);
#9405 = AXIS2_PLACEMENT_3D('',#9406,#9407,#9408);
#9406 = CARTESIAN_POINT('',(6.15,0.75,0.));
#9407 = DIRECTION('',(0.,-1.,0.));
#9408 = DIRECTION('',(-1.,0.,0.));
#9409 = ADVANCED_FACE('',(#9410),#9413,.F.);
#9410 = FACE_BOUND('',#9411,.T.);
#9411 = EDGE_LOOP('',(#9412));
#9412 = ORIENTED_EDGE('',*,*,#8997,.T.);
#9413 = PLANE('',#9414);
#9414 = AXIS2_PLACEMENT_3D('',#9415,#9416,#9417);
#9415 = CARTESIAN_POINT('',(5.65,-4.25,4.1));
#9416 = DIRECTION('',(0.,0.,-1.));
#9417 = DIRECTION('',(-1.,0.,0.));
#9418 = ADVANCED_FACE('',(#9419),#9439,.T.);
#9419 = FACE_BOUND('',#9420,.T.);
#9420 = EDGE_LOOP('',(#9421,#9422,#9431,#9438));
#9421 = ORIENTED_EDGE('',*,*,#9022,.T.);
#9422 = ORIENTED_EDGE('',*,*,#9423,.F.);
#9423 = EDGE_CURVE('',#9424,#9015,#9426,.T.);
#9424 = VERTEX_POINT('',#9425);
#9425 = CARTESIAN_POINT('',(4.8,-2.25,4.3));
#9426 = CIRCLE('',#9427,0.1);
#9427 = AXIS2_PLACEMENT_3D('',#9428,#9429,#9430);
#9428 = CARTESIAN_POINT('',(4.8,-2.25,4.2));
#9429 = DIRECTION('',(-0.,1.,0.));
#9430 = DIRECTION('',(1.,0.,0.));
#9431 = ORIENTED_EDGE('',*,*,#9432,.F.);
#9432 = EDGE_CURVE('',#9424,#9424,#9433,.T.);
#9433 = CIRCLE('',#9434,1.65);
#9434 = AXIS2_PLACEMENT_3D('',#9435,#9436,#9437);
#9435 = CARTESIAN_POINT('',(3.15,-2.25,4.3));
#9436 = DIRECTION('',(0.,0.,1.));
#9437 = DIRECTION('',(1.,0.,-0.));
#9438 = ORIENTED_EDGE('',*,*,#9423,.T.);
#9439 = TOROIDAL_SURFACE('',#9440,1.65,0.1);
#9440 = AXIS2_PLACEMENT_3D('',#9441,#9442,#9443);
#9441 = CARTESIAN_POINT('',(3.15,-2.25,4.2));
#9442 = DIRECTION('',(0.,0.,-1.));
#9443 = DIRECTION('',(1.,0.,0.));
#9444 = ADVANCED_FACE('',(#9445),#9448,.F.);
#9445 = FACE_BOUND('',#9446,.T.);
#9446 = EDGE_LOOP('',(#9447));
#9447 = ORIENTED_EDGE('',*,*,#9047,.T.);
#9448 = PLANE('',#9449);
#9449 = AXIS2_PLACEMENT_3D('',#9450,#9451,#9452);
#9450 = CARTESIAN_POINT('',(1.65,-0.25,4.1));
#9451 = DIRECTION('',(0.,0.,-1.));
#9452 = DIRECTION('',(-1.,0.,0.));
#9453 = ADVANCED_FACE('',(#9454),#9457,.F.);
#9454 = FACE_BOUND('',#9455,.T.);
#9455 = EDGE_LOOP('',(#9456));
#9456 = ORIENTED_EDGE('',*,*,#9072,.T.);
#9457 = PLANE('',#9458);
#9458 = AXIS2_PLACEMENT_3D('',#9459,#9460,#9461);
#9459 = CARTESIAN_POINT('',(5.65,-0.25,4.1));
#9460 = DIRECTION('',(0.,0.,-1.));
#9461 = DIRECTION('',(-1.,0.,0.));
#9462 = ADVANCED_FACE('',(#9463),#9501,.T.);
#9463 = FACE_BOUND('',#9464,.T.);
#9464 = EDGE_LOOP('',(#9465,#9466,#9467,#9468,#9474,#9475,#9481,#9482,
    #9483,#9484,#9485,#9486,#9492,#9493,#9499,#9500));
#9465 = ORIENTED_EDGE('',*,*,#9089,.F.);
#9466 = ORIENTED_EDGE('',*,*,#9130,.T.);
#9467 = ORIENTED_EDGE('',*,*,#9188,.F.);
#9468 = ORIENTED_EDGE('',*,*,#9469,.F.);
#9469 = EDGE_CURVE('',#9213,#9189,#9470,.T.);
#9470 = LINE('',#9471,#9472);
#9471 = CARTESIAN_POINT('',(0.15,0.75,0.));
#9472 = VECTOR('',#9473,1.);
#9473 = DIRECTION('',(0.,-1.,0.));
#9474 = ORIENTED_EDGE('',*,*,#9220,.F.);
#9475 = ORIENTED_EDGE('',*,*,#9476,.F.);
#9476 = EDGE_CURVE('',#9173,#9221,#9477,.T.);
#9477 = LINE('',#9478,#9479);
#9478 = CARTESIAN_POINT('',(0.15,0.75,0.));
#9479 = VECTOR('',#9480,1.);
#9480 = DIRECTION('',(0.,-1.,0.));
#9481 = ORIENTED_EDGE('',*,*,#9170,.F.);
#9482 = ORIENTED_EDGE('',*,*,#9346,.F.);
#9483 = ORIENTED_EDGE('',*,*,#9396,.F.);
#9484 = ORIENTED_EDGE('',*,*,#9371,.F.);
#9485 = ORIENTED_EDGE('',*,*,#9276,.F.);
#9486 = ORIENTED_EDGE('',*,*,#9487,.F.);
#9487 = EDGE_CURVE('',#9301,#9277,#9488,.T.);
#9488 = LINE('',#9489,#9490);
#9489 = CARTESIAN_POINT('',(6.15,-5.25,0.));
#9490 = VECTOR('',#9491,1.);
#9491 = DIRECTION('',(0.,1.,0.));
#9492 = ORIENTED_EDGE('',*,*,#9308,.F.);
#9493 = ORIENTED_EDGE('',*,*,#9494,.F.);
#9494 = EDGE_CURVE('',#9259,#9309,#9495,.T.);
#9495 = LINE('',#9496,#9497);
#9496 = CARTESIAN_POINT('',(6.15,-5.25,0.));
#9497 = VECTOR('',#9498,1.);
#9498 = DIRECTION('',(0.,1.,0.));
#9499 = ORIENTED_EDGE('',*,*,#9258,.F.);
#9500 = ORIENTED_EDGE('',*,*,#9145,.F.);
#9501 = PLANE('',#9502);
#9502 = AXIS2_PLACEMENT_3D('',#9503,#9504,#9505);
#9503 = CARTESIAN_POINT('',(0.15,-5.25,0.));
#9504 = DIRECTION('',(0.,0.,-1.));
#9505 = DIRECTION('',(-1.,0.,0.));
#9506 = ADVANCED_FACE('',(#9507),#9651,.F.);
#9507 = FACE_BOUND('',#9508,.F.);
#9508 = EDGE_LOOP('',(#9509,#9519,#9528,#9536,#9545,#9553,#9561,#9569,
    #9578,#9586,#9595,#9603,#9612,#9618,#9619,#9627,#9636,#9644));
#9509 = ORIENTED_EDGE('',*,*,#9510,.T.);
#9510 = EDGE_CURVE('',#9511,#9513,#9515,.T.);
#9511 = VERTEX_POINT('',#9512);
#9512 = CARTESIAN_POINT('',(-0.162230377286,0.35,-0.540767924286));
#9513 = VERTEX_POINT('',#9514);
#9514 = CARTESIAN_POINT('',(-0.425000733956,0.35,-1.416669113186));
#9515 = LINE('',#9516,#9517);
#9516 = CARTESIAN_POINT('',(-0.15,0.35,-0.5));
#9517 = VECTOR('',#9518,1.);
#9518 = DIRECTION('',(-0.287347885566,5.31700397722E-16,-0.957826285221)
  );
#9519 = ORIENTED_EDGE('',*,*,#9520,.T.);
#9520 = EDGE_CURVE('',#9513,#9521,#9523,.T.);
#9521 = VERTEX_POINT('',#9522);
#9522 = CARTESIAN_POINT('',(-0.425000733956,0.35,-1.583330886814));
#9523 = CIRCLE('',#9524,0.29);
#9524 = AXIS2_PLACEMENT_3D('',#9525,#9526,#9527);
#9525 = CARTESIAN_POINT('',(-0.147231111242,0.35,-1.5));
#9526 = DIRECTION('',(0.,-1.,-3.330669073875E-16));
#9527 = DIRECTION('',(0.,-3.330669073875E-16,1.));
#9528 = ORIENTED_EDGE('',*,*,#9529,.T.);
#9529 = EDGE_CURVE('',#9521,#9530,#9532,.T.);
#9530 = VERTEX_POINT('',#9531);
#9531 = CARTESIAN_POINT('',(-0.162230377286,0.35,-2.459232075714));
#9532 = LINE('',#9533,#9534);
#9533 = CARTESIAN_POINT('',(-0.45,0.35,-1.5));
#9534 = VECTOR('',#9535,1.);
#9535 = DIRECTION('',(0.287347885566,5.31700397722E-16,-0.957826285221)
  );
#9536 = ORIENTED_EDGE('',*,*,#9537,.F.);
#9537 = EDGE_CURVE('',#9538,#9530,#9540,.T.);
#9538 = VERTEX_POINT('',#9539);
#9539 = CARTESIAN_POINT('',(-0.15,0.35,-2.542562962528));
#9540 = CIRCLE('',#9541,0.29);
#9541 = AXIS2_PLACEMENT_3D('',#9542,#9543,#9544);
#9542 = CARTESIAN_POINT('',(-0.44,0.35,-2.542562962528));
#9543 = DIRECTION('',(0.,-1.,-3.330669073875E-16));
#9544 = DIRECTION('',(0.,-3.330669073875E-16,1.));
#9545 = ORIENTED_EDGE('',*,*,#9546,.F.);
#9546 = EDGE_CURVE('',#9547,#9538,#9549,.T.);
#9547 = VERTEX_POINT('',#9548);
#9548 = CARTESIAN_POINT('',(-0.15,0.35,-3.5));
#9549 = LINE('',#9550,#9551);
#9550 = CARTESIAN_POINT('',(-0.15,0.35,-3.5));
#9551 = VECTOR('',#9552,1.);
#9552 = DIRECTION('',(0.,-5.551115123126E-16,1.));
#9553 = ORIENTED_EDGE('',*,*,#9554,.F.);
#9554 = EDGE_CURVE('',#9555,#9547,#9557,.T.);
#9555 = VERTEX_POINT('',#9556);
#9556 = CARTESIAN_POINT('',(0.15,0.35,-3.5));
#9557 = LINE('',#9558,#9559);
#9558 = CARTESIAN_POINT('',(0.15,0.35,-3.5));
#9559 = VECTOR('',#9560,1.);
#9560 = DIRECTION('',(-1.,-0.,0.));
#9561 = ORIENTED_EDGE('',*,*,#9562,.F.);
#9562 = EDGE_CURVE('',#9563,#9555,#9565,.T.);
#9563 = VERTEX_POINT('',#9564);
#9564 = CARTESIAN_POINT('',(0.15,0.35,-2.542562962528));
#9565 = LINE('',#9566,#9567);
#9566 = CARTESIAN_POINT('',(0.15,0.35,-2.5));
#9567 = VECTOR('',#9568,1.);
#9568 = DIRECTION('',(0.,5.551115123126E-16,-1.));
#9569 = ORIENTED_EDGE('',*,*,#9570,.F.);
#9570 = EDGE_CURVE('',#9571,#9563,#9573,.T.);
#9571 = VERTEX_POINT('',#9572);
#9572 = CARTESIAN_POINT('',(0.137769622714,0.35,-2.459232075714));
#9573 = CIRCLE('',#9574,0.29);
#9574 = AXIS2_PLACEMENT_3D('',#9575,#9576,#9577);
#9575 = CARTESIAN_POINT('',(-0.14,0.35,-2.542562962528));
#9576 = DIRECTION('',(-0.,1.,3.330669073875E-16));
#9577 = DIRECTION('',(0.,-3.330669073875E-16,1.));
#9578 = ORIENTED_EDGE('',*,*,#9579,.T.);
#9579 = EDGE_CURVE('',#9571,#9580,#9582,.T.);
#9580 = VERTEX_POINT('',#9581);
#9581 = CARTESIAN_POINT('',(-0.125000733956,0.35,-1.583330886814));
#9582 = LINE('',#9583,#9584);
#9583 = CARTESIAN_POINT('',(0.15,0.35,-2.5));
#9584 = VECTOR('',#9585,1.);
#9585 = DIRECTION('',(-0.287347885566,-5.31700397722E-16,0.957826285221)
  );
#9586 = ORIENTED_EDGE('',*,*,#9587,.F.);
#9587 = EDGE_CURVE('',#9588,#9580,#9590,.T.);
#9588 = VERTEX_POINT('',#9589);
#9589 = CARTESIAN_POINT('',(-0.125000733956,0.35,-1.416669113186));
#9590 = CIRCLE('',#9591,0.29);
#9591 = AXIS2_PLACEMENT_3D('',#9592,#9593,#9594);
#9592 = CARTESIAN_POINT('',(0.152768888758,0.35,-1.5));
#9593 = DIRECTION('',(0.,-1.,-3.330669073875E-16));
#9594 = DIRECTION('',(0.,-3.330669073875E-16,1.));
#9595 = ORIENTED_EDGE('',*,*,#9596,.T.);
#9596 = EDGE_CURVE('',#9588,#9597,#9599,.T.);
#9597 = VERTEX_POINT('',#9598);
#9598 = CARTESIAN_POINT('',(0.137769622714,0.35,-0.540767924286));
#9599 = LINE('',#9600,#9601);
#9600 = CARTESIAN_POINT('',(-0.15,0.35,-1.5));
#9601 = VECTOR('',#9602,1.);
#9602 = DIRECTION('',(0.287347885566,-5.31700397722E-16,0.957826285221)
  );
#9603 = ORIENTED_EDGE('',*,*,#9604,.F.);
#9604 = EDGE_CURVE('',#9605,#9597,#9607,.T.);
#9605 = VERTEX_POINT('',#9606);
#9606 = CARTESIAN_POINT('',(0.15,0.35,-0.457437037472));
#9607 = CIRCLE('',#9608,0.29);
#9608 = AXIS2_PLACEMENT_3D('',#9609,#9610,#9611);
#9609 = CARTESIAN_POINT('',(-0.14,0.35,-0.457437037472));
#9610 = DIRECTION('',(-0.,1.,3.330669073875E-16));
#9611 = DIRECTION('',(0.,-3.330669073875E-16,1.));
#9612 = ORIENTED_EDGE('',*,*,#9613,.F.);
#9613 = EDGE_CURVE('',#9173,#9605,#9614,.T.);
#9614 = LINE('',#9615,#9616);
#9615 = CARTESIAN_POINT('',(0.15,0.35,1.5));
#9616 = VECTOR('',#9617,1.);
#9617 = DIRECTION('',(0.,5.551115123126E-16,-1.));
#9618 = ORIENTED_EDGE('',*,*,#9244,.F.);
#9619 = ORIENTED_EDGE('',*,*,#9620,.F.);
#9620 = EDGE_CURVE('',#9621,#9237,#9623,.T.);
#9621 = VERTEX_POINT('',#9622);
#9622 = CARTESIAN_POINT('',(0.14,0.35,1.5));
#9623 = LINE('',#9624,#9625);
#9624 = CARTESIAN_POINT('',(-0.15,0.35,1.5));
#9625 = VECTOR('',#9626,1.);
#9626 = DIRECTION('',(1.,0.,0.));
#9627 = ORIENTED_EDGE('',*,*,#9628,.F.);
#9628 = EDGE_CURVE('',#9629,#9621,#9631,.T.);
#9629 = VERTEX_POINT('',#9630);
#9630 = CARTESIAN_POINT('',(-0.15,0.35,1.21));
#9631 = CIRCLE('',#9632,0.29);
#9632 = AXIS2_PLACEMENT_3D('',#9633,#9634,#9635);
#9633 = CARTESIAN_POINT('',(0.14,0.35,1.21));
#9634 = DIRECTION('',(-0.,1.,3.330669073875E-16));
#9635 = DIRECTION('',(0.,-3.330669073875E-16,1.));
#9636 = ORIENTED_EDGE('',*,*,#9637,.F.);
#9637 = EDGE_CURVE('',#9638,#9629,#9640,.T.);
#9638 = VERTEX_POINT('',#9639);
#9639 = CARTESIAN_POINT('',(-0.15,0.35,-0.457437037472));
#9640 = LINE('',#9641,#9642);
#9641 = CARTESIAN_POINT('',(-0.15,0.35,-0.5));
#9642 = VECTOR('',#9643,1.);
#9643 = DIRECTION('',(0.,-5.551115123126E-16,1.));
#9644 = ORIENTED_EDGE('',*,*,#9645,.F.);
#9645 = EDGE_CURVE('',#9511,#9638,#9646,.T.);
#9646 = CIRCLE('',#9647,0.29);
#9647 = AXIS2_PLACEMENT_3D('',#9648,#9649,#9650);
#9648 = CARTESIAN_POINT('',(-0.44,0.35,-0.457437037472));
#9649 = DIRECTION('',(0.,-1.,-3.330669073875E-16));
#9650 = DIRECTION('',(0.,-3.330669073875E-16,1.));
#9651 = PLANE('',#9652);
#9652 = AXIS2_PLACEMENT_3D('',#9653,#9654,#9655);
#9653 = CARTESIAN_POINT('',(-0.15,0.35,-0.5));
#9654 = DIRECTION('',(1.64346021921E-31,-1.,-5.551115123126E-16));
#9655 = DIRECTION('',(0.,5.551115123126E-16,-1.));
#9656 = ADVANCED_FACE('',(#9657),#9675,.F.);
#9657 = FACE_BOUND('',#9658,.F.);
#9658 = EDGE_LOOP('',(#9659,#9667,#9673,#9674));
#9659 = ORIENTED_EDGE('',*,*,#9660,.F.);
#9660 = EDGE_CURVE('',#9661,#9229,#9663,.T.);
#9661 = VERTEX_POINT('',#9662);
#9662 = CARTESIAN_POINT('',(0.14,-0.35,1.5));
#9663 = LINE('',#9664,#9665);
#9664 = CARTESIAN_POINT('',(-0.15,-0.35,1.5));
#9665 = VECTOR('',#9666,1.);
#9666 = DIRECTION('',(1.,0.,0.));
#9667 = ORIENTED_EDGE('',*,*,#9668,.T.);
#9668 = EDGE_CURVE('',#9661,#9621,#9669,.T.);
#9669 = LINE('',#9670,#9671);
#9670 = CARTESIAN_POINT('',(0.14,-0.35,1.5));
#9671 = VECTOR('',#9672,1.);
#9672 = DIRECTION('',(0.,1.,3.330669073875E-16));
#9673 = ORIENTED_EDGE('',*,*,#9620,.T.);
#9674 = ORIENTED_EDGE('',*,*,#9236,.F.);
#9675 = PLANE('',#9676);
#9676 = AXIS2_PLACEMENT_3D('',#9677,#9678,#9679);
#9677 = CARTESIAN_POINT('',(-0.15,-0.35,1.5));
#9678 = DIRECTION('',(0.,3.330669073875E-16,-1.));
#9679 = DIRECTION('',(1.,0.,0.));
#9680 = ADVANCED_FACE('',(#9681),#9818,.T.);
#9681 = FACE_BOUND('',#9682,.T.);
#9682 = EDGE_LOOP('',(#9683,#9693,#9702,#9710,#9719,#9727,#9735,#9743,
    #9752,#9760,#9769,#9777,#9786,#9792,#9793,#9794,#9803,#9811));
#9683 = ORIENTED_EDGE('',*,*,#9684,.T.);
#9684 = EDGE_CURVE('',#9685,#9687,#9689,.T.);
#9685 = VERTEX_POINT('',#9686);
#9686 = CARTESIAN_POINT('',(-0.162230377286,-0.35,-0.540767924286));
#9687 = VERTEX_POINT('',#9688);
#9688 = CARTESIAN_POINT('',(-0.425000733956,-0.35,-1.416669113186));
#9689 = LINE('',#9690,#9691);
#9690 = CARTESIAN_POINT('',(-0.15,-0.35,-0.5));
#9691 = VECTOR('',#9692,1.);
#9692 = DIRECTION('',(-0.287347885566,5.31700397722E-16,-0.957826285221)
  );
#9693 = ORIENTED_EDGE('',*,*,#9694,.T.);
#9694 = EDGE_CURVE('',#9687,#9695,#9697,.T.);
#9695 = VERTEX_POINT('',#9696);
#9696 = CARTESIAN_POINT('',(-0.425000733956,-0.35,-1.583330886814));
#9697 = CIRCLE('',#9698,0.29);
#9698 = AXIS2_PLACEMENT_3D('',#9699,#9700,#9701);
#9699 = CARTESIAN_POINT('',(-0.147231111242,-0.35,-1.5));
#9700 = DIRECTION('',(0.,-1.,-3.330669073875E-16));
#9701 = DIRECTION('',(0.,-3.330669073875E-16,1.));
#9702 = ORIENTED_EDGE('',*,*,#9703,.T.);
#9703 = EDGE_CURVE('',#9695,#9704,#9706,.T.);
#9704 = VERTEX_POINT('',#9705);
#9705 = CARTESIAN_POINT('',(-0.162230377286,-0.35,-2.459232075714));
#9706 = LINE('',#9707,#9708);
#9707 = CARTESIAN_POINT('',(-0.45,-0.35,-1.5));
#9708 = VECTOR('',#9709,1.);
#9709 = DIRECTION('',(0.287347885566,5.31700397722E-16,-0.957826285221)
  );
#9710 = ORIENTED_EDGE('',*,*,#9711,.F.);
#9711 = EDGE_CURVE('',#9712,#9704,#9714,.T.);
#9712 = VERTEX_POINT('',#9713);
#9713 = CARTESIAN_POINT('',(-0.15,-0.35,-2.542562962528));
#9714 = CIRCLE('',#9715,0.29);
#9715 = AXIS2_PLACEMENT_3D('',#9716,#9717,#9718);
#9716 = CARTESIAN_POINT('',(-0.44,-0.35,-2.542562962528));
#9717 = DIRECTION('',(0.,-1.,-3.330669073875E-16));
#9718 = DIRECTION('',(0.,-3.330669073875E-16,1.));
#9719 = ORIENTED_EDGE('',*,*,#9720,.F.);
#9720 = EDGE_CURVE('',#9721,#9712,#9723,.T.);
#9721 = VERTEX_POINT('',#9722);
#9722 = CARTESIAN_POINT('',(-0.15,-0.35,-3.5));
#9723 = LINE('',#9724,#9725);
#9724 = CARTESIAN_POINT('',(-0.15,-0.35,-3.5));
#9725 = VECTOR('',#9726,1.);
#9726 = DIRECTION('',(0.,-5.551115123126E-16,1.));
#9727 = ORIENTED_EDGE('',*,*,#9728,.F.);
#9728 = EDGE_CURVE('',#9729,#9721,#9731,.T.);
#9729 = VERTEX_POINT('',#9730);
#9730 = CARTESIAN_POINT('',(0.15,-0.35,-3.5));
#9731 = LINE('',#9732,#9733);
#9732 = CARTESIAN_POINT('',(0.15,-0.35,-3.5));
#9733 = VECTOR('',#9734,1.);
#9734 = DIRECTION('',(-1.,-0.,0.));
#9735 = ORIENTED_EDGE('',*,*,#9736,.F.);
#9736 = EDGE_CURVE('',#9737,#9729,#9739,.T.);
#9737 = VERTEX_POINT('',#9738);
#9738 = CARTESIAN_POINT('',(0.15,-0.35,-2.542562962528));
#9739 = LINE('',#9740,#9741);
#9740 = CARTESIAN_POINT('',(0.15,-0.35,-2.5));
#9741 = VECTOR('',#9742,1.);
#9742 = DIRECTION('',(0.,5.551115123126E-16,-1.));
#9743 = ORIENTED_EDGE('',*,*,#9744,.F.);
#9744 = EDGE_CURVE('',#9745,#9737,#9747,.T.);
#9745 = VERTEX_POINT('',#9746);
#9746 = CARTESIAN_POINT('',(0.137769622714,-0.35,-2.459232075714));
#9747 = CIRCLE('',#9748,0.29);
#9748 = AXIS2_PLACEMENT_3D('',#9749,#9750,#9751);
#9749 = CARTESIAN_POINT('',(-0.14,-0.35,-2.542562962528));
#9750 = DIRECTION('',(-0.,1.,3.330669073875E-16));
#9751 = DIRECTION('',(0.,-3.330669073875E-16,1.));
#9752 = ORIENTED_EDGE('',*,*,#9753,.T.);
#9753 = EDGE_CURVE('',#9745,#9754,#9756,.T.);
#9754 = VERTEX_POINT('',#9755);
#9755 = CARTESIAN_POINT('',(-0.125000733956,-0.35,-1.583330886814));
#9756 = LINE('',#9757,#9758);
#9757 = CARTESIAN_POINT('',(0.15,-0.35,-2.5));
#9758 = VECTOR('',#9759,1.);
#9759 = DIRECTION('',(-0.287347885566,-5.31700397722E-16,0.957826285221)
  );
#9760 = ORIENTED_EDGE('',*,*,#9761,.F.);
#9761 = EDGE_CURVE('',#9762,#9754,#9764,.T.);
#9762 = VERTEX_POINT('',#9763);
#9763 = CARTESIAN_POINT('',(-0.125000733956,-0.35,-1.416669113186));
#9764 = CIRCLE('',#9765,0.29);
#9765 = AXIS2_PLACEMENT_3D('',#9766,#9767,#9768);
#9766 = CARTESIAN_POINT('',(0.152768888758,-0.35,-1.5));
#9767 = DIRECTION('',(0.,-1.,-3.330669073875E-16));
#9768 = DIRECTION('',(0.,-3.330669073875E-16,1.));
#9769 = ORIENTED_EDGE('',*,*,#9770,.T.);
#9770 = EDGE_CURVE('',#9762,#9771,#9773,.T.);
#9771 = VERTEX_POINT('',#9772);
#9772 = CARTESIAN_POINT('',(0.137769622714,-0.35,-0.540767924286));
#9773 = LINE('',#9774,#9775);
#9774 = CARTESIAN_POINT('',(-0.15,-0.35,-1.5));
#9775 = VECTOR('',#9776,1.);
#9776 = DIRECTION('',(0.287347885566,-5.31700397722E-16,0.957826285221)
  );
#9777 = ORIENTED_EDGE('',*,*,#9778,.F.);
#9778 = EDGE_CURVE('',#9779,#9771,#9781,.T.);
#9779 = VERTEX_POINT('',#9780);
#9780 = CARTESIAN_POINT('',(0.15,-0.35,-0.457437037472));
#9781 = CIRCLE('',#9782,0.29);
#9782 = AXIS2_PLACEMENT_3D('',#9783,#9784,#9785);
#9783 = CARTESIAN_POINT('',(-0.14,-0.35,-0.457437037472));
#9784 = DIRECTION('',(-0.,1.,3.330669073875E-16));
#9785 = DIRECTION('',(0.,-3.330669073875E-16,1.));
#9786 = ORIENTED_EDGE('',*,*,#9787,.F.);
#9787 = EDGE_CURVE('',#9221,#9779,#9788,.T.);
#9788 = LINE('',#9789,#9790);
#9789 = CARTESIAN_POINT('',(0.15,-0.35,1.5));
#9790 = VECTOR('',#9791,1.);
#9791 = DIRECTION('',(0.,5.551115123126E-16,-1.));
#9792 = ORIENTED_EDGE('',*,*,#9228,.F.);
#9793 = ORIENTED_EDGE('',*,*,#9660,.F.);
#9794 = ORIENTED_EDGE('',*,*,#9795,.F.);
#9795 = EDGE_CURVE('',#9796,#9661,#9798,.T.);
#9796 = VERTEX_POINT('',#9797);
#9797 = CARTESIAN_POINT('',(-0.15,-0.35,1.21));
#9798 = CIRCLE('',#9799,0.29);
#9799 = AXIS2_PLACEMENT_3D('',#9800,#9801,#9802);
#9800 = CARTESIAN_POINT('',(0.14,-0.35,1.21));
#9801 = DIRECTION('',(-0.,1.,3.330669073875E-16));
#9802 = DIRECTION('',(0.,-3.330669073875E-16,1.));
#9803 = ORIENTED_EDGE('',*,*,#9804,.F.);
#9804 = EDGE_CURVE('',#9805,#9796,#9807,.T.);
#9805 = VERTEX_POINT('',#9806);
#9806 = CARTESIAN_POINT('',(-0.15,-0.35,-0.457437037472));
#9807 = LINE('',#9808,#9809);
#9808 = CARTESIAN_POINT('',(-0.15,-0.35,-0.5));
#9809 = VECTOR('',#9810,1.);
#9810 = DIRECTION('',(0.,-5.551115123126E-16,1.));
#9811 = ORIENTED_EDGE('',*,*,#9812,.F.);
#9812 = EDGE_CURVE('',#9685,#9805,#9813,.T.);
#9813 = CIRCLE('',#9814,0.29);
#9814 = AXIS2_PLACEMENT_3D('',#9815,#9816,#9817);
#9815 = CARTESIAN_POINT('',(-0.44,-0.35,-0.457437037472));
#9816 = DIRECTION('',(0.,-1.,-3.330669073875E-16));
#9817 = DIRECTION('',(0.,-3.330669073875E-16,1.));
#9818 = PLANE('',#9819);
#9819 = AXIS2_PLACEMENT_3D('',#9820,#9821,#9822);
#9820 = CARTESIAN_POINT('',(-0.15,-0.35,-0.5));
#9821 = DIRECTION('',(1.64346021921E-31,-1.,-5.551115123126E-16));
#9822 = DIRECTION('',(0.,5.551115123126E-16,-1.));
#9823 = ADVANCED_FACE('',(#9824),#9968,.T.);
#9824 = FACE_BOUND('',#9825,.T.);
#9825 = EDGE_LOOP('',(#9826,#9836,#9845,#9853,#9862,#9870,#9878,#9886,
    #9895,#9903,#9912,#9920,#9929,#9935,#9936,#9944,#9953,#9961));
#9826 = ORIENTED_EDGE('',*,*,#9827,.T.);
#9827 = EDGE_CURVE('',#9828,#9830,#9832,.T.);
#9828 = VERTEX_POINT('',#9829);
#9829 = CARTESIAN_POINT('',(-0.162230377286,-4.85,-0.540767924286));
#9830 = VERTEX_POINT('',#9831);
#9831 = CARTESIAN_POINT('',(-0.425000733956,-4.85,-1.416669113186));
#9832 = LINE('',#9833,#9834);
#9833 = CARTESIAN_POINT('',(-0.15,-4.85,-0.5));
#9834 = VECTOR('',#9835,1.);
#9835 = DIRECTION('',(-0.287347885566,5.31700397722E-16,-0.957826285221)
  );
#9836 = ORIENTED_EDGE('',*,*,#9837,.T.);
#9837 = EDGE_CURVE('',#9830,#9838,#9840,.T.);
#9838 = VERTEX_POINT('',#9839);
#9839 = CARTESIAN_POINT('',(-0.425000733956,-4.85,-1.583330886814));
#9840 = CIRCLE('',#9841,0.29);
#9841 = AXIS2_PLACEMENT_3D('',#9842,#9843,#9844);
#9842 = CARTESIAN_POINT('',(-0.147231111242,-4.85,-1.5));
#9843 = DIRECTION('',(0.,-1.,-3.330669073875E-16));
#9844 = DIRECTION('',(0.,-3.330669073875E-16,1.));
#9845 = ORIENTED_EDGE('',*,*,#9846,.T.);
#9846 = EDGE_CURVE('',#9838,#9847,#9849,.T.);
#9847 = VERTEX_POINT('',#9848);
#9848 = CARTESIAN_POINT('',(-0.162230377286,-4.85,-2.459232075714));
#9849 = LINE('',#9850,#9851);
#9850 = CARTESIAN_POINT('',(-0.45,-4.85,-1.5));
#9851 = VECTOR('',#9852,1.);
#9852 = DIRECTION('',(0.287347885566,5.31700397722E-16,-0.957826285221)
  );
#9853 = ORIENTED_EDGE('',*,*,#9854,.F.);
#9854 = EDGE_CURVE('',#9855,#9847,#9857,.T.);
#9855 = VERTEX_POINT('',#9856);
#9856 = CARTESIAN_POINT('',(-0.15,-4.85,-2.542562962528));
#9857 = CIRCLE('',#9858,0.29);
#9858 = AXIS2_PLACEMENT_3D('',#9859,#9860,#9861);
#9859 = CARTESIAN_POINT('',(-0.44,-4.85,-2.542562962528));
#9860 = DIRECTION('',(0.,-1.,-3.330669073875E-16));
#9861 = DIRECTION('',(0.,-3.330669073875E-16,1.));
#9862 = ORIENTED_EDGE('',*,*,#9863,.F.);
#9863 = EDGE_CURVE('',#9864,#9855,#9866,.T.);
#9864 = VERTEX_POINT('',#9865);
#9865 = CARTESIAN_POINT('',(-0.15,-4.85,-3.5));
#9866 = LINE('',#9867,#9868);
#9867 = CARTESIAN_POINT('',(-0.15,-4.85,-3.5));
#9868 = VECTOR('',#9869,1.);
#9869 = DIRECTION('',(0.,-5.551115123126E-16,1.));
#9870 = ORIENTED_EDGE('',*,*,#9871,.F.);
#9871 = EDGE_CURVE('',#9872,#9864,#9874,.T.);
#9872 = VERTEX_POINT('',#9873);
#9873 = CARTESIAN_POINT('',(0.15,-4.85,-3.5));
#9874 = LINE('',#9875,#9876);
#9875 = CARTESIAN_POINT('',(0.15,-4.85,-3.5));
#9876 = VECTOR('',#9877,1.);
#9877 = DIRECTION('',(-1.,-0.,0.));
#9878 = ORIENTED_EDGE('',*,*,#9879,.F.);
#9879 = EDGE_CURVE('',#9880,#9872,#9882,.T.);
#9880 = VERTEX_POINT('',#9881);
#9881 = CARTESIAN_POINT('',(0.15,-4.85,-2.542562962528));
#9882 = LINE('',#9883,#9884);
#9883 = CARTESIAN_POINT('',(0.15,-4.85,-2.5));
#9884 = VECTOR('',#9885,1.);
#9885 = DIRECTION('',(0.,5.551115123126E-16,-1.));
#9886 = ORIENTED_EDGE('',*,*,#9887,.F.);
#9887 = EDGE_CURVE('',#9888,#9880,#9890,.T.);
#9888 = VERTEX_POINT('',#9889);
#9889 = CARTESIAN_POINT('',(0.137769622714,-4.85,-2.459232075714));
#9890 = CIRCLE('',#9891,0.29);
#9891 = AXIS2_PLACEMENT_3D('',#9892,#9893,#9894);
#9892 = CARTESIAN_POINT('',(-0.14,-4.85,-2.542562962528));
#9893 = DIRECTION('',(-0.,1.,3.330669073875E-16));
#9894 = DIRECTION('',(0.,-3.330669073875E-16,1.));
#9895 = ORIENTED_EDGE('',*,*,#9896,.T.);
#9896 = EDGE_CURVE('',#9888,#9897,#9899,.T.);
#9897 = VERTEX_POINT('',#9898);
#9898 = CARTESIAN_POINT('',(-0.125000733956,-4.85,-1.583330886814));
#9899 = LINE('',#9900,#9901);
#9900 = CARTESIAN_POINT('',(0.15,-4.85,-2.5));
#9901 = VECTOR('',#9902,1.);
#9902 = DIRECTION('',(-0.287347885566,-5.31700397722E-16,0.957826285221)
  );
#9903 = ORIENTED_EDGE('',*,*,#9904,.F.);
#9904 = EDGE_CURVE('',#9905,#9897,#9907,.T.);
#9905 = VERTEX_POINT('',#9906);
#9906 = CARTESIAN_POINT('',(-0.125000733956,-4.85,-1.416669113186));
#9907 = CIRCLE('',#9908,0.29);
#9908 = AXIS2_PLACEMENT_3D('',#9909,#9910,#9911);
#9909 = CARTESIAN_POINT('',(0.152768888758,-4.85,-1.5));
#9910 = DIRECTION('',(0.,-1.,-3.330669073875E-16));
#9911 = DIRECTION('',(0.,-3.330669073875E-16,1.));
#9912 = ORIENTED_EDGE('',*,*,#9913,.T.);
#9913 = EDGE_CURVE('',#9905,#9914,#9916,.T.);
#9914 = VERTEX_POINT('',#9915);
#9915 = CARTESIAN_POINT('',(0.137769622714,-4.85,-0.540767924286));
#9916 = LINE('',#9917,#9918);
#9917 = CARTESIAN_POINT('',(-0.15,-4.85,-1.5));
#9918 = VECTOR('',#9919,1.);
#9919 = DIRECTION('',(0.287347885566,-5.31700397722E-16,0.957826285221)
  );
#9920 = ORIENTED_EDGE('',*,*,#9921,.F.);
#9921 = EDGE_CURVE('',#9922,#9914,#9924,.T.);
#9922 = VERTEX_POINT('',#9923);
#9923 = CARTESIAN_POINT('',(0.15,-4.85,-0.457437037472));
#9924 = CIRCLE('',#9925,0.29);
#9925 = AXIS2_PLACEMENT_3D('',#9926,#9927,#9928);
#9926 = CARTESIAN_POINT('',(-0.14,-4.85,-0.457437037472));
#9927 = DIRECTION('',(-0.,1.,3.330669073875E-16));
#9928 = DIRECTION('',(0.,-3.330669073875E-16,1.));
#9929 = ORIENTED_EDGE('',*,*,#9930,.F.);
#9930 = EDGE_CURVE('',#9189,#9922,#9931,.T.);
#9931 = LINE('',#9932,#9933);
#9932 = CARTESIAN_POINT('',(0.15,-4.85,1.5));
#9933 = VECTOR('',#9934,1.);
#9934 = DIRECTION('',(0.,5.551115123126E-16,-1.));
#9935 = ORIENTED_EDGE('',*,*,#9196,.F.);
#9936 = ORIENTED_EDGE('',*,*,#9937,.F.);
#9937 = EDGE_CURVE('',#9938,#9197,#9940,.T.);
#9938 = VERTEX_POINT('',#9939);
#9939 = CARTESIAN_POINT('',(0.14,-4.85,1.5));
#9940 = LINE('',#9941,#9942);
#9941 = CARTESIAN_POINT('',(-0.15,-4.85,1.5));
#9942 = VECTOR('',#9943,1.);
#9943 = DIRECTION('',(1.,0.,0.));
#9944 = ORIENTED_EDGE('',*,*,#9945,.F.);
#9945 = EDGE_CURVE('',#9946,#9938,#9948,.T.);
#9946 = VERTEX_POINT('',#9947);
#9947 = CARTESIAN_POINT('',(-0.15,-4.85,1.21));
#9948 = CIRCLE('',#9949,0.29);
#9949 = AXIS2_PLACEMENT_3D('',#9950,#9951,#9952);
#9950 = CARTESIAN_POINT('',(0.14,-4.85,1.21));
#9951 = DIRECTION('',(-0.,1.,3.330669073875E-16));
#9952 = DIRECTION('',(0.,-3.330669073875E-16,1.));
#9953 = ORIENTED_EDGE('',*,*,#9954,.F.);
#9954 = EDGE_CURVE('',#9955,#9946,#9957,.T.);
#9955 = VERTEX_POINT('',#9956);
#9956 = CARTESIAN_POINT('',(-0.15,-4.85,-0.457437037472));
#9957 = LINE('',#9958,#9959);
#9958 = CARTESIAN_POINT('',(-0.15,-4.85,-0.5));
#9959 = VECTOR('',#9960,1.);
#9960 = DIRECTION('',(0.,-5.551115123126E-16,1.));
#9961 = ORIENTED_EDGE('',*,*,#9962,.F.);
#9962 = EDGE_CURVE('',#9828,#9955,#9963,.T.);
#9963 = CIRCLE('',#9964,0.29);
#9964 = AXIS2_PLACEMENT_3D('',#9965,#9966,#9967);
#9965 = CARTESIAN_POINT('',(-0.44,-4.85,-0.457437037472));
#9966 = DIRECTION('',(0.,-1.,-3.330669073875E-16));
#9967 = DIRECTION('',(0.,-3.330669073875E-16,1.));
#9968 = PLANE('',#9969);
#9969 = AXIS2_PLACEMENT_3D('',#9970,#9971,#9972);
#9970 = CARTESIAN_POINT('',(-0.15,-4.85,-0.5));
#9971 = DIRECTION('',(0.,-1.,-3.330669073875E-16));
#9972 = DIRECTION('',(0.,3.330669073875E-16,-1.));
#9973 = ADVANCED_FACE('',(#9974),#10118,.F.);
#9974 = FACE_BOUND('',#9975,.F.);
#9975 = EDGE_LOOP('',(#9976,#9986,#9995,#10003,#10012,#10020,#10028,
    #10036,#10045,#10053,#10062,#10070,#10079,#10085,#10086,#10094,
    #10103,#10111));
#9976 = ORIENTED_EDGE('',*,*,#9977,.T.);
#9977 = EDGE_CURVE('',#9978,#9980,#9982,.T.);
#9978 = VERTEX_POINT('',#9979);
#9979 = CARTESIAN_POINT('',(-0.162230377286,-4.15,-0.540767924286));
#9980 = VERTEX_POINT('',#9981);
#9981 = CARTESIAN_POINT('',(-0.425000733956,-4.15,-1.416669113186));
#9982 = LINE('',#9983,#9984);
#9983 = CARTESIAN_POINT('',(-0.15,-4.15,-0.5));
#9984 = VECTOR('',#9985,1.);
#9985 = DIRECTION('',(-0.287347885566,5.31700397722E-16,-0.957826285221)
  );
#9986 = ORIENTED_EDGE('',*,*,#9987,.T.);
#9987 = EDGE_CURVE('',#9980,#9988,#9990,.T.);
#9988 = VERTEX_POINT('',#9989);
#9989 = CARTESIAN_POINT('',(-0.425000733956,-4.15,-1.583330886814));
#9990 = CIRCLE('',#9991,0.29);
#9991 = AXIS2_PLACEMENT_3D('',#9992,#9993,#9994);
#9992 = CARTESIAN_POINT('',(-0.147231111242,-4.15,-1.5));
#9993 = DIRECTION('',(0.,-1.,-3.330669073875E-16));
#9994 = DIRECTION('',(0.,-3.330669073875E-16,1.));
#9995 = ORIENTED_EDGE('',*,*,#9996,.T.);
#9996 = EDGE_CURVE('',#9988,#9997,#9999,.T.);
#9997 = VERTEX_POINT('',#9998);
#9998 = CARTESIAN_POINT('',(-0.162230377286,-4.15,-2.459232075714));
#9999 = LINE('',#10000,#10001);
#10000 = CARTESIAN_POINT('',(-0.45,-4.15,-1.5));
#10001 = VECTOR('',#10002,1.);
#10002 = DIRECTION('',(0.287347885566,5.31700397722E-16,-0.957826285221)
  );
#10003 = ORIENTED_EDGE('',*,*,#10004,.F.);
#10004 = EDGE_CURVE('',#10005,#9997,#10007,.T.);
#10005 = VERTEX_POINT('',#10006);
#10006 = CARTESIAN_POINT('',(-0.15,-4.15,-2.542562962528));
#10007 = CIRCLE('',#10008,0.29);
#10008 = AXIS2_PLACEMENT_3D('',#10009,#10010,#10011);
#10009 = CARTESIAN_POINT('',(-0.44,-4.15,-2.542562962528));
#10010 = DIRECTION('',(0.,-1.,-3.330669073875E-16));
#10011 = DIRECTION('',(0.,-3.330669073875E-16,1.));
#10012 = ORIENTED_EDGE('',*,*,#10013,.F.);
#10013 = EDGE_CURVE('',#10014,#10005,#10016,.T.);
#10014 = VERTEX_POINT('',#10015);
#10015 = CARTESIAN_POINT('',(-0.15,-4.15,-3.5));
#10016 = LINE('',#10017,#10018);
#10017 = CARTESIAN_POINT('',(-0.15,-4.15,-3.5));
#10018 = VECTOR('',#10019,1.);
#10019 = DIRECTION('',(0.,-5.551115123126E-16,1.));
#10020 = ORIENTED_EDGE('',*,*,#10021,.F.);
#10021 = EDGE_CURVE('',#10022,#10014,#10024,.T.);
#10022 = VERTEX_POINT('',#10023);
#10023 = CARTESIAN_POINT('',(0.15,-4.15,-3.5));
#10024 = LINE('',#10025,#10026);
#10025 = CARTESIAN_POINT('',(0.15,-4.15,-3.5));
#10026 = VECTOR('',#10027,1.);
#10027 = DIRECTION('',(-1.,-0.,0.));
#10028 = ORIENTED_EDGE('',*,*,#10029,.F.);
#10029 = EDGE_CURVE('',#10030,#10022,#10032,.T.);
#10030 = VERTEX_POINT('',#10031);
#10031 = CARTESIAN_POINT('',(0.15,-4.15,-2.542562962528));
#10032 = LINE('',#10033,#10034);
#10033 = CARTESIAN_POINT('',(0.15,-4.15,-2.5));
#10034 = VECTOR('',#10035,1.);
#10035 = DIRECTION('',(0.,5.551115123126E-16,-1.));
#10036 = ORIENTED_EDGE('',*,*,#10037,.F.);
#10037 = EDGE_CURVE('',#10038,#10030,#10040,.T.);
#10038 = VERTEX_POINT('',#10039);
#10039 = CARTESIAN_POINT('',(0.137769622714,-4.15,-2.459232075714));
#10040 = CIRCLE('',#10041,0.29);
#10041 = AXIS2_PLACEMENT_3D('',#10042,#10043,#10044);
#10042 = CARTESIAN_POINT('',(-0.14,-4.15,-2.542562962528));
#10043 = DIRECTION('',(-0.,1.,3.330669073875E-16));
#10044 = DIRECTION('',(0.,-3.330669073875E-16,1.));
#10045 = ORIENTED_EDGE('',*,*,#10046,.T.);
#10046 = EDGE_CURVE('',#10038,#10047,#10049,.T.);
#10047 = VERTEX_POINT('',#10048);
#10048 = CARTESIAN_POINT('',(-0.125000733956,-4.15,-1.583330886814));
#10049 = LINE('',#10050,#10051);
#10050 = CARTESIAN_POINT('',(0.15,-4.15,-2.5));
#10051 = VECTOR('',#10052,1.);
#10052 = DIRECTION('',(-0.287347885566,-5.31700397722E-16,0.957826285221
    ));
#10053 = ORIENTED_EDGE('',*,*,#10054,.F.);
#10054 = EDGE_CURVE('',#10055,#10047,#10057,.T.);
#10055 = VERTEX_POINT('',#10056);
#10056 = CARTESIAN_POINT('',(-0.125000733956,-4.15,-1.416669113186));
#10057 = CIRCLE('',#10058,0.29);
#10058 = AXIS2_PLACEMENT_3D('',#10059,#10060,#10061);
#10059 = CARTESIAN_POINT('',(0.152768888758,-4.15,-1.5));
#10060 = DIRECTION('',(0.,-1.,-3.330669073875E-16));
#10061 = DIRECTION('',(0.,-3.330669073875E-16,1.));
#10062 = ORIENTED_EDGE('',*,*,#10063,.T.);
#10063 = EDGE_CURVE('',#10055,#10064,#10066,.T.);
#10064 = VERTEX_POINT('',#10065);
#10065 = CARTESIAN_POINT('',(0.137769622714,-4.15,-0.540767924286));
#10066 = LINE('',#10067,#10068);
#10067 = CARTESIAN_POINT('',(-0.15,-4.15,-1.5));
#10068 = VECTOR('',#10069,1.);
#10069 = DIRECTION('',(0.287347885566,-5.31700397722E-16,0.957826285221)
  );
#10070 = ORIENTED_EDGE('',*,*,#10071,.F.);
#10071 = EDGE_CURVE('',#10072,#10064,#10074,.T.);
#10072 = VERTEX_POINT('',#10073);
#10073 = CARTESIAN_POINT('',(0.15,-4.15,-0.457437037472));
#10074 = CIRCLE('',#10075,0.29);
#10075 = AXIS2_PLACEMENT_3D('',#10076,#10077,#10078);
#10076 = CARTESIAN_POINT('',(-0.14,-4.15,-0.457437037472));
#10077 = DIRECTION('',(-0.,1.,3.330669073875E-16));
#10078 = DIRECTION('',(0.,-3.330669073875E-16,1.));
#10079 = ORIENTED_EDGE('',*,*,#10080,.F.);
#10080 = EDGE_CURVE('',#9213,#10072,#10081,.T.);
#10081 = LINE('',#10082,#10083);
#10082 = CARTESIAN_POINT('',(0.15,-4.15,1.5));
#10083 = VECTOR('',#10084,1.);
#10084 = DIRECTION('',(0.,5.551115123126E-16,-1.));
#10085 = ORIENTED_EDGE('',*,*,#9212,.F.);
#10086 = ORIENTED_EDGE('',*,*,#10087,.F.);
#10087 = EDGE_CURVE('',#10088,#9205,#10090,.T.);
#10088 = VERTEX_POINT('',#10089);
#10089 = CARTESIAN_POINT('',(0.14,-4.15,1.5));
#10090 = LINE('',#10091,#10092);
#10091 = CARTESIAN_POINT('',(-0.15,-4.15,1.5));
#10092 = VECTOR('',#10093,1.);
#10093 = DIRECTION('',(1.,0.,0.));
#10094 = ORIENTED_EDGE('',*,*,#10095,.F.);
#10095 = EDGE_CURVE('',#10096,#10088,#10098,.T.);
#10096 = VERTEX_POINT('',#10097);
#10097 = CARTESIAN_POINT('',(-0.15,-4.15,1.21));
#10098 = CIRCLE('',#10099,0.29);
#10099 = AXIS2_PLACEMENT_3D('',#10100,#10101,#10102);
#10100 = CARTESIAN_POINT('',(0.14,-4.15,1.21));
#10101 = DIRECTION('',(-0.,1.,3.330669073875E-16));
#10102 = DIRECTION('',(0.,-3.330669073875E-16,1.));
#10103 = ORIENTED_EDGE('',*,*,#10104,.F.);
#10104 = EDGE_CURVE('',#10105,#10096,#10107,.T.);
#10105 = VERTEX_POINT('',#10106);
#10106 = CARTESIAN_POINT('',(-0.15,-4.15,-0.457437037472));
#10107 = LINE('',#10108,#10109);
#10108 = CARTESIAN_POINT('',(-0.15,-4.15,-0.5));
#10109 = VECTOR('',#10110,1.);
#10110 = DIRECTION('',(0.,-5.551115123126E-16,1.));
#10111 = ORIENTED_EDGE('',*,*,#10112,.F.);
#10112 = EDGE_CURVE('',#9978,#10105,#10113,.T.);
#10113 = CIRCLE('',#10114,0.29);
#10114 = AXIS2_PLACEMENT_3D('',#10115,#10116,#10117);
#10115 = CARTESIAN_POINT('',(-0.44,-4.15,-0.457437037472));
#10116 = DIRECTION('',(0.,-1.,-3.330669073875E-16));
#10117 = DIRECTION('',(0.,-3.330669073875E-16,1.));
#10118 = PLANE('',#10119);
#10119 = AXIS2_PLACEMENT_3D('',#10120,#10121,#10122);
#10120 = CARTESIAN_POINT('',(-0.15,-4.15,-0.5));
#10121 = DIRECTION('',(0.,-1.,-3.330669073875E-16));
#10122 = DIRECTION('',(0.,3.330669073875E-16,-1.));
#10123 = ADVANCED_FACE('',(#10124),#10135,.F.);
#10124 = FACE_BOUND('',#10125,.F.);
#10125 = EDGE_LOOP('',(#10126,#10127,#10133,#10134));
#10126 = ORIENTED_EDGE('',*,*,#9937,.F.);
#10127 = ORIENTED_EDGE('',*,*,#10128,.T.);
#10128 = EDGE_CURVE('',#9938,#10088,#10129,.T.);
#10129 = LINE('',#10130,#10131);
#10130 = CARTESIAN_POINT('',(0.14,-4.85,1.5));
#10131 = VECTOR('',#10132,1.);
#10132 = DIRECTION('',(0.,1.,3.330669073875E-16));
#10133 = ORIENTED_EDGE('',*,*,#10087,.T.);
#10134 = ORIENTED_EDGE('',*,*,#9204,.F.);
#10135 = PLANE('',#10136);
#10136 = AXIS2_PLACEMENT_3D('',#10137,#10138,#10139);
#10137 = CARTESIAN_POINT('',(-0.15,-4.85,1.5));
#10138 = DIRECTION('',(0.,3.330669073875E-16,-1.));
#10139 = DIRECTION('',(1.,0.,0.));
#10140 = ADVANCED_FACE('',(#10141),#10285,.F.);
#10141 = FACE_BOUND('',#10142,.F.);
#10142 = EDGE_LOOP('',(#10143,#10153,#10162,#10170,#10179,#10187,#10195,
    #10203,#10212,#10220,#10229,#10237,#10246,#10252,#10253,#10261,
    #10270,#10278));
#10143 = ORIENTED_EDGE('',*,*,#10144,.T.);
#10144 = EDGE_CURVE('',#10145,#10147,#10149,.T.);
#10145 = VERTEX_POINT('',#10146);
#10146 = CARTESIAN_POINT('',(6.462230377286,-4.85,-0.540767924286));
#10147 = VERTEX_POINT('',#10148);
#10148 = CARTESIAN_POINT('',(6.725000733956,-4.85,-1.416669113186));
#10149 = LINE('',#10150,#10151);
#10150 = CARTESIAN_POINT('',(6.45,-4.85,-0.5));
#10151 = VECTOR('',#10152,1.);
#10152 = DIRECTION('',(0.287347885566,5.31700397722E-16,-0.957826285221)
  );
#10153 = ORIENTED_EDGE('',*,*,#10154,.T.);
#10154 = EDGE_CURVE('',#10147,#10155,#10157,.T.);
#10155 = VERTEX_POINT('',#10156);
#10156 = CARTESIAN_POINT('',(6.725000733956,-4.85,-1.583330886814));
#10157 = CIRCLE('',#10158,0.29);
#10158 = AXIS2_PLACEMENT_3D('',#10159,#10160,#10161);
#10159 = CARTESIAN_POINT('',(6.447231111242,-4.85,-1.5));
#10160 = DIRECTION('',(-0.,1.,3.330669073875E-16));
#10161 = DIRECTION('',(0.,-3.330669073875E-16,1.));
#10162 = ORIENTED_EDGE('',*,*,#10163,.T.);
#10163 = EDGE_CURVE('',#10155,#10164,#10166,.T.);
#10164 = VERTEX_POINT('',#10165);
#10165 = CARTESIAN_POINT('',(6.462230377286,-4.85,-2.459232075714));
#10166 = LINE('',#10167,#10168);
#10167 = CARTESIAN_POINT('',(6.75,-4.85,-1.5));
#10168 = VECTOR('',#10169,1.);
#10169 = DIRECTION('',(-0.287347885566,5.31700397722E-16,-0.957826285221
    ));
#10170 = ORIENTED_EDGE('',*,*,#10171,.F.);
#10171 = EDGE_CURVE('',#10172,#10164,#10174,.T.);
#10172 = VERTEX_POINT('',#10173);
#10173 = CARTESIAN_POINT('',(6.45,-4.85,-2.542562962528));
#10174 = CIRCLE('',#10175,0.29);
#10175 = AXIS2_PLACEMENT_3D('',#10176,#10177,#10178);
#10176 = CARTESIAN_POINT('',(6.74,-4.85,-2.542562962528));
#10177 = DIRECTION('',(-0.,1.,3.330669073875E-16));
#10178 = DIRECTION('',(0.,-3.330669073875E-16,1.));
#10179 = ORIENTED_EDGE('',*,*,#10180,.F.);
#10180 = EDGE_CURVE('',#10181,#10172,#10183,.T.);
#10181 = VERTEX_POINT('',#10182);
#10182 = CARTESIAN_POINT('',(6.45,-4.85,-3.5));
#10183 = LINE('',#10184,#10185);
#10184 = CARTESIAN_POINT('',(6.45,-4.85,-3.5));
#10185 = VECTOR('',#10186,1.);
#10186 = DIRECTION('',(0.,-5.551115123126E-16,1.));
#10187 = ORIENTED_EDGE('',*,*,#10188,.F.);
#10188 = EDGE_CURVE('',#10189,#10181,#10191,.T.);
#10189 = VERTEX_POINT('',#10190);
#10190 = CARTESIAN_POINT('',(6.15,-4.85,-3.5));
#10191 = LINE('',#10192,#10193);
#10192 = CARTESIAN_POINT('',(6.15,-4.85,-3.5));
#10193 = VECTOR('',#10194,1.);
#10194 = DIRECTION('',(1.,0.,0.));
#10195 = ORIENTED_EDGE('',*,*,#10196,.F.);
#10196 = EDGE_CURVE('',#10197,#10189,#10199,.T.);
#10197 = VERTEX_POINT('',#10198);
#10198 = CARTESIAN_POINT('',(6.15,-4.85,-2.542562962528));
#10199 = LINE('',#10200,#10201);
#10200 = CARTESIAN_POINT('',(6.15,-4.85,-2.5));
#10201 = VECTOR('',#10202,1.);
#10202 = DIRECTION('',(0.,5.551115123126E-16,-1.));
#10203 = ORIENTED_EDGE('',*,*,#10204,.F.);
#10204 = EDGE_CURVE('',#10205,#10197,#10207,.T.);
#10205 = VERTEX_POINT('',#10206);
#10206 = CARTESIAN_POINT('',(6.162230377286,-4.85,-2.459232075714));
#10207 = CIRCLE('',#10208,0.29);
#10208 = AXIS2_PLACEMENT_3D('',#10209,#10210,#10211);
#10209 = CARTESIAN_POINT('',(6.44,-4.85,-2.542562962528));
#10210 = DIRECTION('',(0.,-1.,-3.330669073875E-16));
#10211 = DIRECTION('',(0.,-3.330669073875E-16,1.));
#10212 = ORIENTED_EDGE('',*,*,#10213,.T.);
#10213 = EDGE_CURVE('',#10205,#10214,#10216,.T.);
#10214 = VERTEX_POINT('',#10215);
#10215 = CARTESIAN_POINT('',(6.425000733956,-4.85,-1.583330886814));
#10216 = LINE('',#10217,#10218);
#10217 = CARTESIAN_POINT('',(6.15,-4.85,-2.5));
#10218 = VECTOR('',#10219,1.);
#10219 = DIRECTION('',(0.287347885566,-5.31700397722E-16,0.957826285221)
  );
#10220 = ORIENTED_EDGE('',*,*,#10221,.F.);
#10221 = EDGE_CURVE('',#10222,#10214,#10224,.T.);
#10222 = VERTEX_POINT('',#10223);
#10223 = CARTESIAN_POINT('',(6.425000733956,-4.85,-1.416669113186));
#10224 = CIRCLE('',#10225,0.29);
#10225 = AXIS2_PLACEMENT_3D('',#10226,#10227,#10228);
#10226 = CARTESIAN_POINT('',(6.147231111242,-4.85,-1.5));
#10227 = DIRECTION('',(-0.,1.,3.330669073875E-16));
#10228 = DIRECTION('',(0.,-3.330669073875E-16,1.));
#10229 = ORIENTED_EDGE('',*,*,#10230,.T.);
#10230 = EDGE_CURVE('',#10222,#10231,#10233,.T.);
#10231 = VERTEX_POINT('',#10232);
#10232 = CARTESIAN_POINT('',(6.162230377286,-4.85,-0.540767924286));
#10233 = LINE('',#10234,#10235);
#10234 = CARTESIAN_POINT('',(6.45,-4.85,-1.5));
#10235 = VECTOR('',#10236,1.);
#10236 = DIRECTION('',(-0.287347885566,-5.31700397722E-16,0.957826285221
    ));
#10237 = ORIENTED_EDGE('',*,*,#10238,.F.);
#10238 = EDGE_CURVE('',#10239,#10231,#10241,.T.);
#10239 = VERTEX_POINT('',#10240);
#10240 = CARTESIAN_POINT('',(6.15,-4.85,-0.457437037472));
#10241 = CIRCLE('',#10242,0.29);
#10242 = AXIS2_PLACEMENT_3D('',#10243,#10244,#10245);
#10243 = CARTESIAN_POINT('',(6.44,-4.85,-0.457437037472));
#10244 = DIRECTION('',(0.,-1.,-3.330669073875E-16));
#10245 = DIRECTION('',(0.,-3.330669073875E-16,1.));
#10246 = ORIENTED_EDGE('',*,*,#10247,.F.);
#10247 = EDGE_CURVE('',#9259,#10239,#10248,.T.);
#10248 = LINE('',#10249,#10250);
#10249 = CARTESIAN_POINT('',(6.15,-4.85,1.5));
#10250 = VECTOR('',#10251,1.);
#10251 = DIRECTION('',(0.,5.551115123126E-16,-1.));
#10252 = ORIENTED_EDGE('',*,*,#9332,.F.);
#10253 = ORIENTED_EDGE('',*,*,#10254,.F.);
#10254 = EDGE_CURVE('',#10255,#9325,#10257,.T.);
#10255 = VERTEX_POINT('',#10256);
#10256 = CARTESIAN_POINT('',(6.16,-4.85,1.5));
#10257 = LINE('',#10258,#10259);
#10258 = CARTESIAN_POINT('',(6.45,-4.85,1.5));
#10259 = VECTOR('',#10260,1.);
#10260 = DIRECTION('',(-1.,-0.,0.));
#10261 = ORIENTED_EDGE('',*,*,#10262,.F.);
#10262 = EDGE_CURVE('',#10263,#10255,#10265,.T.);
#10263 = VERTEX_POINT('',#10264);
#10264 = CARTESIAN_POINT('',(6.45,-4.85,1.21));
#10265 = CIRCLE('',#10266,0.29);
#10266 = AXIS2_PLACEMENT_3D('',#10267,#10268,#10269);
#10267 = CARTESIAN_POINT('',(6.16,-4.85,1.21));
#10268 = DIRECTION('',(0.,-1.,-3.330669073875E-16));
#10269 = DIRECTION('',(0.,-3.330669073875E-16,1.));
#10270 = ORIENTED_EDGE('',*,*,#10271,.F.);
#10271 = EDGE_CURVE('',#10272,#10263,#10274,.T.);
#10272 = VERTEX_POINT('',#10273);
#10273 = CARTESIAN_POINT('',(6.45,-4.85,-0.457437037472));
#10274 = LINE('',#10275,#10276);
#10275 = CARTESIAN_POINT('',(6.45,-4.85,-0.5));
#10276 = VECTOR('',#10277,1.);
#10277 = DIRECTION('',(0.,-5.551115123126E-16,1.));
#10278 = ORIENTED_EDGE('',*,*,#10279,.F.);
#10279 = EDGE_CURVE('',#10145,#10272,#10280,.T.);
#10280 = CIRCLE('',#10281,0.29);
#10281 = AXIS2_PLACEMENT_3D('',#10282,#10283,#10284);
#10282 = CARTESIAN_POINT('',(6.74,-4.85,-0.457437037472));
#10283 = DIRECTION('',(-0.,1.,3.330669073875E-16));
#10284 = DIRECTION('',(0.,-3.330669073875E-16,1.));
#10285 = PLANE('',#10286);
#10286 = AXIS2_PLACEMENT_3D('',#10287,#10288,#10289);
#10287 = CARTESIAN_POINT('',(6.45,-4.85,-0.5));
#10288 = DIRECTION('',(0.,1.,3.330669073875E-16));
#10289 = DIRECTION('',(0.,-3.330669073875E-16,1.));
#10290 = ADVANCED_FACE('',(#10291),#10309,.T.);
#10291 = FACE_BOUND('',#10292,.T.);
#10292 = EDGE_LOOP('',(#10293,#10294,#10302,#10308));
#10293 = ORIENTED_EDGE('',*,*,#10254,.F.);
#10294 = ORIENTED_EDGE('',*,*,#10295,.T.);
#10295 = EDGE_CURVE('',#10255,#10296,#10298,.T.);
#10296 = VERTEX_POINT('',#10297);
#10297 = CARTESIAN_POINT('',(6.16,-4.15,1.5));
#10298 = LINE('',#10299,#10300);
#10299 = CARTESIAN_POINT('',(6.16,-4.85,1.5));
#10300 = VECTOR('',#10301,1.);
#10301 = DIRECTION('',(0.,1.,3.330669073875E-16));
#10302 = ORIENTED_EDGE('',*,*,#10303,.T.);
#10303 = EDGE_CURVE('',#10296,#9317,#10304,.T.);
#10304 = LINE('',#10305,#10306);
#10305 = CARTESIAN_POINT('',(6.45,-4.15,1.5));
#10306 = VECTOR('',#10307,1.);
#10307 = DIRECTION('',(-1.,-0.,0.));
#10308 = ORIENTED_EDGE('',*,*,#9324,.F.);
#10309 = PLANE('',#10310);
#10310 = AXIS2_PLACEMENT_3D('',#10311,#10312,#10313);
#10311 = CARTESIAN_POINT('',(6.45,-4.85,1.5));
#10312 = DIRECTION('',(0.,-3.330669073875E-16,1.));
#10313 = DIRECTION('',(-1.,0.,0.));
#10314 = ADVANCED_FACE('',(#10315),#10452,.T.);
#10315 = FACE_BOUND('',#10316,.T.);
#10316 = EDGE_LOOP('',(#10317,#10327,#10336,#10344,#10353,#10361,#10369,
    #10377,#10386,#10394,#10403,#10411,#10420,#10426,#10427,#10428,
    #10437,#10445));
#10317 = ORIENTED_EDGE('',*,*,#10318,.T.);
#10318 = EDGE_CURVE('',#10319,#10321,#10323,.T.);
#10319 = VERTEX_POINT('',#10320);
#10320 = CARTESIAN_POINT('',(6.462230377286,-4.15,-0.540767924286));
#10321 = VERTEX_POINT('',#10322);
#10322 = CARTESIAN_POINT('',(6.725000733956,-4.15,-1.416669113186));
#10323 = LINE('',#10324,#10325);
#10324 = CARTESIAN_POINT('',(6.45,-4.15,-0.5));
#10325 = VECTOR('',#10326,1.);
#10326 = DIRECTION('',(0.287347885566,5.31700397722E-16,-0.957826285221)
  );
#10327 = ORIENTED_EDGE('',*,*,#10328,.T.);
#10328 = EDGE_CURVE('',#10321,#10329,#10331,.T.);
#10329 = VERTEX_POINT('',#10330);
#10330 = CARTESIAN_POINT('',(6.725000733956,-4.15,-1.583330886814));
#10331 = CIRCLE('',#10332,0.29);
#10332 = AXIS2_PLACEMENT_3D('',#10333,#10334,#10335);
#10333 = CARTESIAN_POINT('',(6.447231111242,-4.15,-1.5));
#10334 = DIRECTION('',(-0.,1.,3.330669073875E-16));
#10335 = DIRECTION('',(0.,-3.330669073875E-16,1.));
#10336 = ORIENTED_EDGE('',*,*,#10337,.T.);
#10337 = EDGE_CURVE('',#10329,#10338,#10340,.T.);
#10338 = VERTEX_POINT('',#10339);
#10339 = CARTESIAN_POINT('',(6.462230377286,-4.15,-2.459232075714));
#10340 = LINE('',#10341,#10342);
#10341 = CARTESIAN_POINT('',(6.75,-4.15,-1.5));
#10342 = VECTOR('',#10343,1.);
#10343 = DIRECTION('',(-0.287347885566,5.31700397722E-16,-0.957826285221
    ));
#10344 = ORIENTED_EDGE('',*,*,#10345,.F.);
#10345 = EDGE_CURVE('',#10346,#10338,#10348,.T.);
#10346 = VERTEX_POINT('',#10347);
#10347 = CARTESIAN_POINT('',(6.45,-4.15,-2.542562962528));
#10348 = CIRCLE('',#10349,0.29);
#10349 = AXIS2_PLACEMENT_3D('',#10350,#10351,#10352);
#10350 = CARTESIAN_POINT('',(6.74,-4.15,-2.542562962528));
#10351 = DIRECTION('',(-0.,1.,3.330669073875E-16));
#10352 = DIRECTION('',(0.,-3.330669073875E-16,1.));
#10353 = ORIENTED_EDGE('',*,*,#10354,.F.);
#10354 = EDGE_CURVE('',#10355,#10346,#10357,.T.);
#10355 = VERTEX_POINT('',#10356);
#10356 = CARTESIAN_POINT('',(6.45,-4.15,-3.5));
#10357 = LINE('',#10358,#10359);
#10358 = CARTESIAN_POINT('',(6.45,-4.15,-3.5));
#10359 = VECTOR('',#10360,1.);
#10360 = DIRECTION('',(0.,-5.551115123126E-16,1.));
#10361 = ORIENTED_EDGE('',*,*,#10362,.F.);
#10362 = EDGE_CURVE('',#10363,#10355,#10365,.T.);
#10363 = VERTEX_POINT('',#10364);
#10364 = CARTESIAN_POINT('',(6.15,-4.15,-3.5));
#10365 = LINE('',#10366,#10367);
#10366 = CARTESIAN_POINT('',(6.15,-4.15,-3.5));
#10367 = VECTOR('',#10368,1.);
#10368 = DIRECTION('',(1.,0.,0.));
#10369 = ORIENTED_EDGE('',*,*,#10370,.F.);
#10370 = EDGE_CURVE('',#10371,#10363,#10373,.T.);
#10371 = VERTEX_POINT('',#10372);
#10372 = CARTESIAN_POINT('',(6.15,-4.15,-2.542562962528));
#10373 = LINE('',#10374,#10375);
#10374 = CARTESIAN_POINT('',(6.15,-4.15,-2.5));
#10375 = VECTOR('',#10376,1.);
#10376 = DIRECTION('',(0.,5.551115123126E-16,-1.));
#10377 = ORIENTED_EDGE('',*,*,#10378,.F.);
#10378 = EDGE_CURVE('',#10379,#10371,#10381,.T.);
#10379 = VERTEX_POINT('',#10380);
#10380 = CARTESIAN_POINT('',(6.162230377286,-4.15,-2.459232075714));
#10381 = CIRCLE('',#10382,0.29);
#10382 = AXIS2_PLACEMENT_3D('',#10383,#10384,#10385);
#10383 = CARTESIAN_POINT('',(6.44,-4.15,-2.542562962528));
#10384 = DIRECTION('',(0.,-1.,-3.330669073875E-16));
#10385 = DIRECTION('',(0.,-3.330669073875E-16,1.));
#10386 = ORIENTED_EDGE('',*,*,#10387,.T.);
#10387 = EDGE_CURVE('',#10379,#10388,#10390,.T.);
#10388 = VERTEX_POINT('',#10389);
#10389 = CARTESIAN_POINT('',(6.425000733956,-4.15,-1.583330886814));
#10390 = LINE('',#10391,#10392);
#10391 = CARTESIAN_POINT('',(6.15,-4.15,-2.5));
#10392 = VECTOR('',#10393,1.);
#10393 = DIRECTION('',(0.287347885566,-5.31700397722E-16,0.957826285221)
  );
#10394 = ORIENTED_EDGE('',*,*,#10395,.F.);
#10395 = EDGE_CURVE('',#10396,#10388,#10398,.T.);
#10396 = VERTEX_POINT('',#10397);
#10397 = CARTESIAN_POINT('',(6.425000733956,-4.15,-1.416669113186));
#10398 = CIRCLE('',#10399,0.29);
#10399 = AXIS2_PLACEMENT_3D('',#10400,#10401,#10402);
#10400 = CARTESIAN_POINT('',(6.147231111242,-4.15,-1.5));
#10401 = DIRECTION('',(-0.,1.,3.330669073875E-16));
#10402 = DIRECTION('',(0.,-3.330669073875E-16,1.));
#10403 = ORIENTED_EDGE('',*,*,#10404,.T.);
#10404 = EDGE_CURVE('',#10396,#10405,#10407,.T.);
#10405 = VERTEX_POINT('',#10406);
#10406 = CARTESIAN_POINT('',(6.162230377286,-4.15,-0.540767924286));
#10407 = LINE('',#10408,#10409);
#10408 = CARTESIAN_POINT('',(6.45,-4.15,-1.5));
#10409 = VECTOR('',#10410,1.);
#10410 = DIRECTION('',(-0.287347885566,-5.31700397722E-16,0.957826285221
    ));
#10411 = ORIENTED_EDGE('',*,*,#10412,.F.);
#10412 = EDGE_CURVE('',#10413,#10405,#10415,.T.);
#10413 = VERTEX_POINT('',#10414);
#10414 = CARTESIAN_POINT('',(6.15,-4.15,-0.457437037472));
#10415 = CIRCLE('',#10416,0.29);
#10416 = AXIS2_PLACEMENT_3D('',#10417,#10418,#10419);
#10417 = CARTESIAN_POINT('',(6.44,-4.15,-0.457437037472));
#10418 = DIRECTION('',(0.,-1.,-3.330669073875E-16));
#10419 = DIRECTION('',(0.,-3.330669073875E-16,1.));
#10420 = ORIENTED_EDGE('',*,*,#10421,.F.);
#10421 = EDGE_CURVE('',#9309,#10413,#10422,.T.);
#10422 = LINE('',#10423,#10424);
#10423 = CARTESIAN_POINT('',(6.15,-4.15,1.5));
#10424 = VECTOR('',#10425,1.);
#10425 = DIRECTION('',(0.,5.551115123126E-16,-1.));
#10426 = ORIENTED_EDGE('',*,*,#9316,.F.);
#10427 = ORIENTED_EDGE('',*,*,#10303,.F.);
#10428 = ORIENTED_EDGE('',*,*,#10429,.F.);
#10429 = EDGE_CURVE('',#10430,#10296,#10432,.T.);
#10430 = VERTEX_POINT('',#10431);
#10431 = CARTESIAN_POINT('',(6.45,-4.15,1.21));
#10432 = CIRCLE('',#10433,0.29);
#10433 = AXIS2_PLACEMENT_3D('',#10434,#10435,#10436);
#10434 = CARTESIAN_POINT('',(6.16,-4.15,1.21));
#10435 = DIRECTION('',(0.,-1.,-3.330669073875E-16));
#10436 = DIRECTION('',(0.,-3.330669073875E-16,1.));
#10437 = ORIENTED_EDGE('',*,*,#10438,.F.);
#10438 = EDGE_CURVE('',#10439,#10430,#10441,.T.);
#10439 = VERTEX_POINT('',#10440);
#10440 = CARTESIAN_POINT('',(6.45,-4.15,-0.457437037472));
#10441 = LINE('',#10442,#10443);
#10442 = CARTESIAN_POINT('',(6.45,-4.15,-0.5));
#10443 = VECTOR('',#10444,1.);
#10444 = DIRECTION('',(0.,-5.551115123126E-16,1.));
#10445 = ORIENTED_EDGE('',*,*,#10446,.F.);
#10446 = EDGE_CURVE('',#10319,#10439,#10447,.T.);
#10447 = CIRCLE('',#10448,0.29);
#10448 = AXIS2_PLACEMENT_3D('',#10449,#10450,#10451);
#10449 = CARTESIAN_POINT('',(6.74,-4.15,-0.457437037472));
#10450 = DIRECTION('',(-0.,1.,3.330669073875E-16));
#10451 = DIRECTION('',(0.,-3.330669073875E-16,1.));
#10452 = PLANE('',#10453);
#10453 = AXIS2_PLACEMENT_3D('',#10454,#10455,#10456);
#10454 = CARTESIAN_POINT('',(6.45,-4.15,-0.5));
#10455 = DIRECTION('',(0.,1.,3.330669073875E-16));
#10456 = DIRECTION('',(0.,-3.330669073875E-16,1.));
#10457 = ADVANCED_FACE('',(#10458),#10602,.T.);
#10458 = FACE_BOUND('',#10459,.T.);
#10459 = EDGE_LOOP('',(#10460,#10470,#10479,#10487,#10496,#10504,#10512,
    #10520,#10529,#10537,#10546,#10554,#10563,#10569,#10570,#10578,
    #10587,#10595));
#10460 = ORIENTED_EDGE('',*,*,#10461,.T.);
#10461 = EDGE_CURVE('',#10462,#10464,#10466,.T.);
#10462 = VERTEX_POINT('',#10463);
#10463 = CARTESIAN_POINT('',(6.462230377286,0.35,-0.540767924286));
#10464 = VERTEX_POINT('',#10465);
#10465 = CARTESIAN_POINT('',(6.725000733956,0.35,-1.416669113186));
#10466 = LINE('',#10467,#10468);
#10467 = CARTESIAN_POINT('',(6.45,0.35,-0.5));
#10468 = VECTOR('',#10469,1.);
#10469 = DIRECTION('',(0.287347885566,5.31700397722E-16,-0.957826285221)
  );
#10470 = ORIENTED_EDGE('',*,*,#10471,.T.);
#10471 = EDGE_CURVE('',#10464,#10472,#10474,.T.);
#10472 = VERTEX_POINT('',#10473);
#10473 = CARTESIAN_POINT('',(6.725000733956,0.35,-1.583330886814));
#10474 = CIRCLE('',#10475,0.29);
#10475 = AXIS2_PLACEMENT_3D('',#10476,#10477,#10478);
#10476 = CARTESIAN_POINT('',(6.447231111242,0.35,-1.5));
#10477 = DIRECTION('',(-0.,1.,3.330669073875E-16));
#10478 = DIRECTION('',(0.,-3.330669073875E-16,1.));
#10479 = ORIENTED_EDGE('',*,*,#10480,.T.);
#10480 = EDGE_CURVE('',#10472,#10481,#10483,.T.);
#10481 = VERTEX_POINT('',#10482);
#10482 = CARTESIAN_POINT('',(6.462230377286,0.35,-2.459232075714));
#10483 = LINE('',#10484,#10485);
#10484 = CARTESIAN_POINT('',(6.75,0.35,-1.5));
#10485 = VECTOR('',#10486,1.);
#10486 = DIRECTION('',(-0.287347885566,5.31700397722E-16,-0.957826285221
    ));
#10487 = ORIENTED_EDGE('',*,*,#10488,.F.);
#10488 = EDGE_CURVE('',#10489,#10481,#10491,.T.);
#10489 = VERTEX_POINT('',#10490);
#10490 = CARTESIAN_POINT('',(6.45,0.35,-2.542562962528));
#10491 = CIRCLE('',#10492,0.29);
#10492 = AXIS2_PLACEMENT_3D('',#10493,#10494,#10495);
#10493 = CARTESIAN_POINT('',(6.74,0.35,-2.542562962528));
#10494 = DIRECTION('',(-0.,1.,3.330669073875E-16));
#10495 = DIRECTION('',(0.,-3.330669073875E-16,1.));
#10496 = ORIENTED_EDGE('',*,*,#10497,.F.);
#10497 = EDGE_CURVE('',#10498,#10489,#10500,.T.);
#10498 = VERTEX_POINT('',#10499);
#10499 = CARTESIAN_POINT('',(6.45,0.35,-3.5));
#10500 = LINE('',#10501,#10502);
#10501 = CARTESIAN_POINT('',(6.45,0.35,-3.5));
#10502 = VECTOR('',#10503,1.);
#10503 = DIRECTION('',(0.,-5.551115123126E-16,1.));
#10504 = ORIENTED_EDGE('',*,*,#10505,.F.);
#10505 = EDGE_CURVE('',#10506,#10498,#10508,.T.);
#10506 = VERTEX_POINT('',#10507);
#10507 = CARTESIAN_POINT('',(6.15,0.35,-3.5));
#10508 = LINE('',#10509,#10510);
#10509 = CARTESIAN_POINT('',(6.15,0.35,-3.5));
#10510 = VECTOR('',#10511,1.);
#10511 = DIRECTION('',(1.,0.,0.));
#10512 = ORIENTED_EDGE('',*,*,#10513,.F.);
#10513 = EDGE_CURVE('',#10514,#10506,#10516,.T.);
#10514 = VERTEX_POINT('',#10515);
#10515 = CARTESIAN_POINT('',(6.15,0.35,-2.542562962528));
#10516 = LINE('',#10517,#10518);
#10517 = CARTESIAN_POINT('',(6.15,0.35,-2.5));
#10518 = VECTOR('',#10519,1.);
#10519 = DIRECTION('',(0.,5.551115123126E-16,-1.));
#10520 = ORIENTED_EDGE('',*,*,#10521,.F.);
#10521 = EDGE_CURVE('',#10522,#10514,#10524,.T.);
#10522 = VERTEX_POINT('',#10523);
#10523 = CARTESIAN_POINT('',(6.162230377286,0.35,-2.459232075714));
#10524 = CIRCLE('',#10525,0.29);
#10525 = AXIS2_PLACEMENT_3D('',#10526,#10527,#10528);
#10526 = CARTESIAN_POINT('',(6.44,0.35,-2.542562962528));
#10527 = DIRECTION('',(0.,-1.,-3.330669073875E-16));
#10528 = DIRECTION('',(0.,-3.330669073875E-16,1.));
#10529 = ORIENTED_EDGE('',*,*,#10530,.T.);
#10530 = EDGE_CURVE('',#10522,#10531,#10533,.T.);
#10531 = VERTEX_POINT('',#10532);
#10532 = CARTESIAN_POINT('',(6.425000733956,0.35,-1.583330886814));
#10533 = LINE('',#10534,#10535);
#10534 = CARTESIAN_POINT('',(6.15,0.35,-2.5));
#10535 = VECTOR('',#10536,1.);
#10536 = DIRECTION('',(0.287347885566,-5.31700397722E-16,0.957826285221)
  );
#10537 = ORIENTED_EDGE('',*,*,#10538,.F.);
#10538 = EDGE_CURVE('',#10539,#10531,#10541,.T.);
#10539 = VERTEX_POINT('',#10540);
#10540 = CARTESIAN_POINT('',(6.425000733956,0.35,-1.416669113186));
#10541 = CIRCLE('',#10542,0.29);
#10542 = AXIS2_PLACEMENT_3D('',#10543,#10544,#10545);
#10543 = CARTESIAN_POINT('',(6.147231111242,0.35,-1.5));
#10544 = DIRECTION('',(-0.,1.,3.330669073875E-16));
#10545 = DIRECTION('',(0.,-3.330669073875E-16,1.));
#10546 = ORIENTED_EDGE('',*,*,#10547,.T.);
#10547 = EDGE_CURVE('',#10539,#10548,#10550,.T.);
#10548 = VERTEX_POINT('',#10549);
#10549 = CARTESIAN_POINT('',(6.162230377286,0.35,-0.540767924286));
#10550 = LINE('',#10551,#10552);
#10551 = CARTESIAN_POINT('',(6.45,0.35,-1.5));
#10552 = VECTOR('',#10553,1.);
#10553 = DIRECTION('',(-0.287347885566,-5.31700397722E-16,0.957826285221
    ));
#10554 = ORIENTED_EDGE('',*,*,#10555,.F.);
#10555 = EDGE_CURVE('',#10556,#10548,#10558,.T.);
#10556 = VERTEX_POINT('',#10557);
#10557 = CARTESIAN_POINT('',(6.15,0.35,-0.457437037472));
#10558 = CIRCLE('',#10559,0.29);
#10559 = AXIS2_PLACEMENT_3D('',#10560,#10561,#10562);
#10560 = CARTESIAN_POINT('',(6.44,0.35,-0.457437037472));
#10561 = DIRECTION('',(0.,-1.,-3.330669073875E-16));
#10562 = DIRECTION('',(0.,-3.330669073875E-16,1.));
#10563 = ORIENTED_EDGE('',*,*,#10564,.F.);
#10564 = EDGE_CURVE('',#9277,#10556,#10565,.T.);
#10565 = LINE('',#10566,#10567);
#10566 = CARTESIAN_POINT('',(6.15,0.35,1.5));
#10567 = VECTOR('',#10568,1.);
#10568 = DIRECTION('',(0.,5.551115123126E-16,-1.));
#10569 = ORIENTED_EDGE('',*,*,#9284,.F.);
#10570 = ORIENTED_EDGE('',*,*,#10571,.F.);
#10571 = EDGE_CURVE('',#10572,#9285,#10574,.T.);
#10572 = VERTEX_POINT('',#10573);
#10573 = CARTESIAN_POINT('',(6.16,0.35,1.5));
#10574 = LINE('',#10575,#10576);
#10575 = CARTESIAN_POINT('',(6.45,0.35,1.5));
#10576 = VECTOR('',#10577,1.);
#10577 = DIRECTION('',(-1.,-0.,0.));
#10578 = ORIENTED_EDGE('',*,*,#10579,.F.);
#10579 = EDGE_CURVE('',#10580,#10572,#10582,.T.);
#10580 = VERTEX_POINT('',#10581);
#10581 = CARTESIAN_POINT('',(6.45,0.35,1.21));
#10582 = CIRCLE('',#10583,0.29);
#10583 = AXIS2_PLACEMENT_3D('',#10584,#10585,#10586);
#10584 = CARTESIAN_POINT('',(6.16,0.35,1.21));
#10585 = DIRECTION('',(0.,-1.,-3.330669073875E-16));
#10586 = DIRECTION('',(0.,-3.330669073875E-16,1.));
#10587 = ORIENTED_EDGE('',*,*,#10588,.F.);
#10588 = EDGE_CURVE('',#10589,#10580,#10591,.T.);
#10589 = VERTEX_POINT('',#10590);
#10590 = CARTESIAN_POINT('',(6.45,0.35,-0.457437037472));
#10591 = LINE('',#10592,#10593);
#10592 = CARTESIAN_POINT('',(6.45,0.35,-0.5));
#10593 = VECTOR('',#10594,1.);
#10594 = DIRECTION('',(0.,-5.551115123126E-16,1.));
#10595 = ORIENTED_EDGE('',*,*,#10596,.F.);
#10596 = EDGE_CURVE('',#10462,#10589,#10597,.T.);
#10597 = CIRCLE('',#10598,0.29);
#10598 = AXIS2_PLACEMENT_3D('',#10599,#10600,#10601);
#10599 = CARTESIAN_POINT('',(6.74,0.35,-0.457437037472));
#10600 = DIRECTION('',(-0.,1.,3.330669073875E-16));
#10601 = DIRECTION('',(0.,-3.330669073875E-16,1.));
#10602 = PLANE('',#10603);
#10603 = AXIS2_PLACEMENT_3D('',#10604,#10605,#10606);
#10604 = CARTESIAN_POINT('',(6.45,0.35,-0.5));
#10605 = DIRECTION('',(1.64346021921E-31,1.,5.551115123126E-16));
#10606 = DIRECTION('',(0.,-5.551115123126E-16,1.));
#10607 = ADVANCED_FACE('',(#10608),#10752,.F.);
#10608 = FACE_BOUND('',#10609,.F.);
#10609 = EDGE_LOOP('',(#10610,#10620,#10629,#10637,#10646,#10654,#10662,
    #10670,#10679,#10687,#10696,#10704,#10713,#10719,#10720,#10728,
    #10737,#10745));
#10610 = ORIENTED_EDGE('',*,*,#10611,.T.);
#10611 = EDGE_CURVE('',#10612,#10614,#10616,.T.);
#10612 = VERTEX_POINT('',#10613);
#10613 = CARTESIAN_POINT('',(6.462230377286,-0.35,-0.540767924286));
#10614 = VERTEX_POINT('',#10615);
#10615 = CARTESIAN_POINT('',(6.725000733956,-0.35,-1.416669113186));
#10616 = LINE('',#10617,#10618);
#10617 = CARTESIAN_POINT('',(6.45,-0.35,-0.5));
#10618 = VECTOR('',#10619,1.);
#10619 = DIRECTION('',(0.287347885566,5.31700397722E-16,-0.957826285221)
  );
#10620 = ORIENTED_EDGE('',*,*,#10621,.T.);
#10621 = EDGE_CURVE('',#10614,#10622,#10624,.T.);
#10622 = VERTEX_POINT('',#10623);
#10623 = CARTESIAN_POINT('',(6.725000733956,-0.35,-1.583330886814));
#10624 = CIRCLE('',#10625,0.29);
#10625 = AXIS2_PLACEMENT_3D('',#10626,#10627,#10628);
#10626 = CARTESIAN_POINT('',(6.447231111242,-0.35,-1.5));
#10627 = DIRECTION('',(-0.,1.,3.330669073875E-16));
#10628 = DIRECTION('',(0.,-3.330669073875E-16,1.));
#10629 = ORIENTED_EDGE('',*,*,#10630,.T.);
#10630 = EDGE_CURVE('',#10622,#10631,#10633,.T.);
#10631 = VERTEX_POINT('',#10632);
#10632 = CARTESIAN_POINT('',(6.462230377286,-0.35,-2.459232075714));
#10633 = LINE('',#10634,#10635);
#10634 = CARTESIAN_POINT('',(6.75,-0.35,-1.5));
#10635 = VECTOR('',#10636,1.);
#10636 = DIRECTION('',(-0.287347885566,5.31700397722E-16,-0.957826285221
    ));
#10637 = ORIENTED_EDGE('',*,*,#10638,.F.);
#10638 = EDGE_CURVE('',#10639,#10631,#10641,.T.);
#10639 = VERTEX_POINT('',#10640);
#10640 = CARTESIAN_POINT('',(6.45,-0.35,-2.542562962528));
#10641 = CIRCLE('',#10642,0.29);
#10642 = AXIS2_PLACEMENT_3D('',#10643,#10644,#10645);
#10643 = CARTESIAN_POINT('',(6.74,-0.35,-2.542562962528));
#10644 = DIRECTION('',(-0.,1.,3.330669073875E-16));
#10645 = DIRECTION('',(0.,-3.330669073875E-16,1.));
#10646 = ORIENTED_EDGE('',*,*,#10647,.F.);
#10647 = EDGE_CURVE('',#10648,#10639,#10650,.T.);
#10648 = VERTEX_POINT('',#10649);
#10649 = CARTESIAN_POINT('',(6.45,-0.35,-3.5));
#10650 = LINE('',#10651,#10652);
#10651 = CARTESIAN_POINT('',(6.45,-0.35,-3.5));
#10652 = VECTOR('',#10653,1.);
#10653 = DIRECTION('',(0.,-5.551115123126E-16,1.));
#10654 = ORIENTED_EDGE('',*,*,#10655,.F.);
#10655 = EDGE_CURVE('',#10656,#10648,#10658,.T.);
#10656 = VERTEX_POINT('',#10657);
#10657 = CARTESIAN_POINT('',(6.15,-0.35,-3.5));
#10658 = LINE('',#10659,#10660);
#10659 = CARTESIAN_POINT('',(6.15,-0.35,-3.5));
#10660 = VECTOR('',#10661,1.);
#10661 = DIRECTION('',(1.,0.,0.));
#10662 = ORIENTED_EDGE('',*,*,#10663,.F.);
#10663 = EDGE_CURVE('',#10664,#10656,#10666,.T.);
#10664 = VERTEX_POINT('',#10665);
#10665 = CARTESIAN_POINT('',(6.15,-0.35,-2.542562962528));
#10666 = LINE('',#10667,#10668);
#10667 = CARTESIAN_POINT('',(6.15,-0.35,-2.5));
#10668 = VECTOR('',#10669,1.);
#10669 = DIRECTION('',(0.,5.551115123126E-16,-1.));
#10670 = ORIENTED_EDGE('',*,*,#10671,.F.);
#10671 = EDGE_CURVE('',#10672,#10664,#10674,.T.);
#10672 = VERTEX_POINT('',#10673);
#10673 = CARTESIAN_POINT('',(6.162230377286,-0.35,-2.459232075714));
#10674 = CIRCLE('',#10675,0.29);
#10675 = AXIS2_PLACEMENT_3D('',#10676,#10677,#10678);
#10676 = CARTESIAN_POINT('',(6.44,-0.35,-2.542562962528));
#10677 = DIRECTION('',(0.,-1.,-3.330669073875E-16));
#10678 = DIRECTION('',(0.,-3.330669073875E-16,1.));
#10679 = ORIENTED_EDGE('',*,*,#10680,.T.);
#10680 = EDGE_CURVE('',#10672,#10681,#10683,.T.);
#10681 = VERTEX_POINT('',#10682);
#10682 = CARTESIAN_POINT('',(6.425000733956,-0.35,-1.583330886814));
#10683 = LINE('',#10684,#10685);
#10684 = CARTESIAN_POINT('',(6.15,-0.35,-2.5));
#10685 = VECTOR('',#10686,1.);
#10686 = DIRECTION('',(0.287347885566,-5.31700397722E-16,0.957826285221)
  );
#10687 = ORIENTED_EDGE('',*,*,#10688,.F.);
#10688 = EDGE_CURVE('',#10689,#10681,#10691,.T.);
#10689 = VERTEX_POINT('',#10690);
#10690 = CARTESIAN_POINT('',(6.425000733956,-0.35,-1.416669113186));
#10691 = CIRCLE('',#10692,0.29);
#10692 = AXIS2_PLACEMENT_3D('',#10693,#10694,#10695);
#10693 = CARTESIAN_POINT('',(6.147231111242,-0.35,-1.5));
#10694 = DIRECTION('',(-0.,1.,3.330669073875E-16));
#10695 = DIRECTION('',(0.,-3.330669073875E-16,1.));
#10696 = ORIENTED_EDGE('',*,*,#10697,.T.);
#10697 = EDGE_CURVE('',#10689,#10698,#10700,.T.);
#10698 = VERTEX_POINT('',#10699);
#10699 = CARTESIAN_POINT('',(6.162230377286,-0.35,-0.540767924286));
#10700 = LINE('',#10701,#10702);
#10701 = CARTESIAN_POINT('',(6.45,-0.35,-1.5));
#10702 = VECTOR('',#10703,1.);
#10703 = DIRECTION('',(-0.287347885566,-5.31700397722E-16,0.957826285221
    ));
#10704 = ORIENTED_EDGE('',*,*,#10705,.F.);
#10705 = EDGE_CURVE('',#10706,#10698,#10708,.T.);
#10706 = VERTEX_POINT('',#10707);
#10707 = CARTESIAN_POINT('',(6.15,-0.35,-0.457437037472));
#10708 = CIRCLE('',#10709,0.29);
#10709 = AXIS2_PLACEMENT_3D('',#10710,#10711,#10712);
#10710 = CARTESIAN_POINT('',(6.44,-0.35,-0.457437037472));
#10711 = DIRECTION('',(0.,-1.,-3.330669073875E-16));
#10712 = DIRECTION('',(0.,-3.330669073875E-16,1.));
#10713 = ORIENTED_EDGE('',*,*,#10714,.F.);
#10714 = EDGE_CURVE('',#9301,#10706,#10715,.T.);
#10715 = LINE('',#10716,#10717);
#10716 = CARTESIAN_POINT('',(6.15,-0.35,1.5));
#10717 = VECTOR('',#10718,1.);
#10718 = DIRECTION('',(0.,5.551115123126E-16,-1.));
#10719 = ORIENTED_EDGE('',*,*,#9300,.F.);
#10720 = ORIENTED_EDGE('',*,*,#10721,.F.);
#10721 = EDGE_CURVE('',#10722,#9293,#10724,.T.);
#10722 = VERTEX_POINT('',#10723);
#10723 = CARTESIAN_POINT('',(6.16,-0.35,1.5));
#10724 = LINE('',#10725,#10726);
#10725 = CARTESIAN_POINT('',(6.45,-0.35,1.5));
#10726 = VECTOR('',#10727,1.);
#10727 = DIRECTION('',(-1.,-0.,0.));
#10728 = ORIENTED_EDGE('',*,*,#10729,.F.);
#10729 = EDGE_CURVE('',#10730,#10722,#10732,.T.);
#10730 = VERTEX_POINT('',#10731);
#10731 = CARTESIAN_POINT('',(6.45,-0.35,1.21));
#10732 = CIRCLE('',#10733,0.29);
#10733 = AXIS2_PLACEMENT_3D('',#10734,#10735,#10736);
#10734 = CARTESIAN_POINT('',(6.16,-0.35,1.21));
#10735 = DIRECTION('',(0.,-1.,-3.330669073875E-16));
#10736 = DIRECTION('',(0.,-3.330669073875E-16,1.));
#10737 = ORIENTED_EDGE('',*,*,#10738,.F.);
#10738 = EDGE_CURVE('',#10739,#10730,#10741,.T.);
#10739 = VERTEX_POINT('',#10740);
#10740 = CARTESIAN_POINT('',(6.45,-0.35,-0.457437037472));
#10741 = LINE('',#10742,#10743);
#10742 = CARTESIAN_POINT('',(6.45,-0.35,-0.5));
#10743 = VECTOR('',#10744,1.);
#10744 = DIRECTION('',(0.,-5.551115123126E-16,1.));
#10745 = ORIENTED_EDGE('',*,*,#10746,.F.);
#10746 = EDGE_CURVE('',#10612,#10739,#10747,.T.);
#10747 = CIRCLE('',#10748,0.29);
#10748 = AXIS2_PLACEMENT_3D('',#10749,#10750,#10751);
#10749 = CARTESIAN_POINT('',(6.74,-0.35,-0.457437037472));
#10750 = DIRECTION('',(-0.,1.,3.330669073875E-16));
#10751 = DIRECTION('',(0.,-3.330669073875E-16,1.));
#10752 = PLANE('',#10753);
#10753 = AXIS2_PLACEMENT_3D('',#10754,#10755,#10756);
#10754 = CARTESIAN_POINT('',(6.45,-0.35,-0.5));
#10755 = DIRECTION('',(1.64346021921E-31,1.,5.551115123126E-16));
#10756 = DIRECTION('',(0.,-5.551115123126E-16,1.));
#10757 = ADVANCED_FACE('',(#10758),#10769,.T.);
#10758 = FACE_BOUND('',#10759,.T.);
#10759 = EDGE_LOOP('',(#10760,#10761,#10767,#10768));
#10760 = ORIENTED_EDGE('',*,*,#10721,.F.);
#10761 = ORIENTED_EDGE('',*,*,#10762,.T.);
#10762 = EDGE_CURVE('',#10722,#10572,#10763,.T.);
#10763 = LINE('',#10764,#10765);
#10764 = CARTESIAN_POINT('',(6.16,-0.35,1.5));
#10765 = VECTOR('',#10766,1.);
#10766 = DIRECTION('',(0.,1.,3.330669073875E-16));
#10767 = ORIENTED_EDGE('',*,*,#10571,.T.);
#10768 = ORIENTED_EDGE('',*,*,#9292,.F.);
#10769 = PLANE('',#10770);
#10770 = AXIS2_PLACEMENT_3D('',#10771,#10772,#10773);
#10771 = CARTESIAN_POINT('',(6.45,-0.35,1.5));
#10772 = DIRECTION('',(0.,-3.330669073875E-16,1.));
#10773 = DIRECTION('',(-1.,0.,0.));
#10774 = ADVANCED_FACE('',(#10775),#10778,.F.);
#10775 = FACE_BOUND('',#10776,.F.);
#10776 = EDGE_LOOP('',(#10777));
#10777 = ORIENTED_EDGE('',*,*,#9432,.F.);
#10778 = PLANE('',#10779);
#10779 = AXIS2_PLACEMENT_3D('',#10780,#10781,#10782);
#10780 = CARTESIAN_POINT('',(4.9,-2.25,4.3));
#10781 = DIRECTION('',(0.,0.,-1.));
#10782 = DIRECTION('',(-1.,0.,0.));
#10783 = ADVANCED_FACE('',(#10784),#10795,.F.);
#10784 = FACE_BOUND('',#10785,.F.);
#10785 = EDGE_LOOP('',(#10786,#10787,#10788,#10789));
#10786 = ORIENTED_EDGE('',*,*,#9930,.F.);
#10787 = ORIENTED_EDGE('',*,*,#9469,.F.);
#10788 = ORIENTED_EDGE('',*,*,#10080,.T.);
#10789 = ORIENTED_EDGE('',*,*,#10790,.F.);
#10790 = EDGE_CURVE('',#9922,#10072,#10791,.T.);
#10791 = LINE('',#10792,#10793);
#10792 = CARTESIAN_POINT('',(0.15,-4.85,-0.457437037472));
#10793 = VECTOR('',#10794,1.);
#10794 = DIRECTION('',(0.,1.,3.330669073875E-16));
#10795 = PLANE('',#10796);
#10796 = AXIS2_PLACEMENT_3D('',#10797,#10798,#10799);
#10797 = CARTESIAN_POINT('',(0.15,-4.85,1.5));
#10798 = DIRECTION('',(-1.,0.,-0.));
#10799 = DIRECTION('',(0.,5.551115123126E-16,-1.));
#10800 = ADVANCED_FACE('',(#10801),#10812,.T.);
#10801 = FACE_BOUND('',#10802,.T.);
#10802 = EDGE_LOOP('',(#10803,#10804,#10805,#10806));
#10803 = ORIENTED_EDGE('',*,*,#10247,.F.);
#10804 = ORIENTED_EDGE('',*,*,#9494,.T.);
#10805 = ORIENTED_EDGE('',*,*,#10421,.T.);
#10806 = ORIENTED_EDGE('',*,*,#10807,.F.);
#10807 = EDGE_CURVE('',#10239,#10413,#10808,.T.);
#10808 = LINE('',#10809,#10810);
#10809 = CARTESIAN_POINT('',(6.15,-4.85,-0.457437037472));
#10810 = VECTOR('',#10811,1.);
#10811 = DIRECTION('',(0.,1.,3.330669073875E-16));
#10812 = PLANE('',#10813);
#10813 = AXIS2_PLACEMENT_3D('',#10814,#10815,#10816);
#10814 = CARTESIAN_POINT('',(6.15,-4.85,1.5));
#10815 = DIRECTION('',(-1.,0.,-0.));
#10816 = DIRECTION('',(0.,5.551115123126E-16,-1.));
#10817 = ADVANCED_FACE('',(#10818),#10829,.F.);
#10818 = FACE_BOUND('',#10819,.F.);
#10819 = EDGE_LOOP('',(#10820,#10821,#10822,#10823));
#10820 = ORIENTED_EDGE('',*,*,#9787,.F.);
#10821 = ORIENTED_EDGE('',*,*,#9476,.F.);
#10822 = ORIENTED_EDGE('',*,*,#9613,.T.);
#10823 = ORIENTED_EDGE('',*,*,#10824,.F.);
#10824 = EDGE_CURVE('',#9779,#9605,#10825,.T.);
#10825 = LINE('',#10826,#10827);
#10826 = CARTESIAN_POINT('',(0.15,-0.35,-0.457437037472));
#10827 = VECTOR('',#10828,1.);
#10828 = DIRECTION('',(0.,1.,3.330669073875E-16));
#10829 = PLANE('',#10830);
#10830 = AXIS2_PLACEMENT_3D('',#10831,#10832,#10833);
#10831 = CARTESIAN_POINT('',(0.15,-0.35,1.5));
#10832 = DIRECTION('',(-1.,0.,-0.));
#10833 = DIRECTION('',(0.,5.551115123126E-16,-1.));
#10834 = ADVANCED_FACE('',(#10835),#10846,.T.);
#10835 = FACE_BOUND('',#10836,.T.);
#10836 = EDGE_LOOP('',(#10837,#10838,#10839,#10840));
#10837 = ORIENTED_EDGE('',*,*,#10714,.F.);
#10838 = ORIENTED_EDGE('',*,*,#9487,.T.);
#10839 = ORIENTED_EDGE('',*,*,#10564,.T.);
#10840 = ORIENTED_EDGE('',*,*,#10841,.F.);
#10841 = EDGE_CURVE('',#10706,#10556,#10842,.T.);
#10842 = LINE('',#10843,#10844);
#10843 = CARTESIAN_POINT('',(6.15,-0.35,-0.457437037472));
#10844 = VECTOR('',#10845,1.);
#10845 = DIRECTION('',(0.,1.,3.330669073875E-16));
#10846 = PLANE('',#10847);
#10847 = AXIS2_PLACEMENT_3D('',#10848,#10849,#10850);
#10848 = CARTESIAN_POINT('',(6.15,-0.35,1.5));
#10849 = DIRECTION('',(-1.,0.,-0.));
#10850 = DIRECTION('',(0.,5.551115123126E-16,-1.));
#10851 = ADVANCED_FACE('',(#10852),#10868,.T.);
#10852 = FACE_BOUND('',#10853,.T.);
#10853 = EDGE_LOOP('',(#10854,#10855,#10861,#10862));
#10854 = ORIENTED_EDGE('',*,*,#9684,.F.);
#10855 = ORIENTED_EDGE('',*,*,#10856,.T.);
#10856 = EDGE_CURVE('',#9685,#9511,#10857,.T.);
#10857 = LINE('',#10858,#10859);
#10858 = CARTESIAN_POINT('',(-0.162230377286,-0.35,-0.540767924286));
#10859 = VECTOR('',#10860,1.);
#10860 = DIRECTION('',(0.,1.,3.330669073875E-16));
#10861 = ORIENTED_EDGE('',*,*,#9510,.T.);
#10862 = ORIENTED_EDGE('',*,*,#10863,.F.);
#10863 = EDGE_CURVE('',#9687,#9513,#10864,.T.);
#10864 = LINE('',#10865,#10866);
#10865 = CARTESIAN_POINT('',(-0.425000733956,-0.35,-1.416669113186));
#10866 = VECTOR('',#10867,1.);
#10867 = DIRECTION('',(0.,1.,3.330669073875E-16));
#10868 = PLANE('',#10869);
#10869 = AXIS2_PLACEMENT_3D('',#10870,#10871,#10872);
#10870 = CARTESIAN_POINT('',(-0.15,-0.35,-0.5));
#10871 = DIRECTION('',(-0.957826285221,-9.570607158995E-17,
    0.287347885566));
#10872 = DIRECTION('',(-0.287347885566,5.31700397722E-16,-0.957826285221
    ));
#10873 = ADVANCED_FACE('',(#10874),#10885,.F.);
#10874 = FACE_BOUND('',#10875,.F.);
#10875 = EDGE_LOOP('',(#10876,#10877,#10878,#10884));
#10876 = ORIENTED_EDGE('',*,*,#10856,.T.);
#10877 = ORIENTED_EDGE('',*,*,#9645,.T.);
#10878 = ORIENTED_EDGE('',*,*,#10879,.F.);
#10879 = EDGE_CURVE('',#9805,#9638,#10880,.T.);
#10880 = LINE('',#10881,#10882);
#10881 = CARTESIAN_POINT('',(-0.15,-0.35,-0.457437037472));
#10882 = VECTOR('',#10883,1.);
#10883 = DIRECTION('',(0.,1.,3.330669073875E-16));
#10884 = ORIENTED_EDGE('',*,*,#9812,.F.);
#10885 = CYLINDRICAL_SURFACE('',#10886,0.29);
#10886 = AXIS2_PLACEMENT_3D('',#10887,#10888,#10889);
#10887 = CARTESIAN_POINT('',(-0.44,-0.35,-0.457437037472));
#10888 = DIRECTION('',(0.,1.,3.330669073875E-16));
#10889 = DIRECTION('',(0.957826285221,9.570607158983E-17,-0.287347885566
    ));
#10890 = ADVANCED_FACE('',(#10891),#10902,.T.);
#10891 = FACE_BOUND('',#10892,.T.);
#10892 = EDGE_LOOP('',(#10893,#10894,#10895,#10901));
#10893 = ORIENTED_EDGE('',*,*,#10863,.T.);
#10894 = ORIENTED_EDGE('',*,*,#9520,.T.);
#10895 = ORIENTED_EDGE('',*,*,#10896,.F.);
#10896 = EDGE_CURVE('',#9695,#9521,#10897,.T.);
#10897 = LINE('',#10898,#10899);
#10898 = CARTESIAN_POINT('',(-0.425000733956,-0.35,-1.583330886814));
#10899 = VECTOR('',#10900,1.);
#10900 = DIRECTION('',(0.,1.,3.330669073875E-16));
#10901 = ORIENTED_EDGE('',*,*,#9694,.F.);
#10902 = CYLINDRICAL_SURFACE('',#10903,0.29);
#10903 = AXIS2_PLACEMENT_3D('',#10904,#10905,#10906);
#10904 = CARTESIAN_POINT('',(-0.147231111242,-0.35,-1.5));
#10905 = DIRECTION('',(0.,1.,3.330669073875E-16));
#10906 = DIRECTION('',(-0.957826285221,-9.570607158983E-17,
    0.287347885566));
#10907 = ADVANCED_FACE('',(#10908),#10919,.F.);
#10908 = FACE_BOUND('',#10909,.F.);
#10909 = EDGE_LOOP('',(#10910,#10911,#10912,#10913));
#10910 = ORIENTED_EDGE('',*,*,#9804,.F.);
#10911 = ORIENTED_EDGE('',*,*,#10879,.T.);
#10912 = ORIENTED_EDGE('',*,*,#9637,.T.);
#10913 = ORIENTED_EDGE('',*,*,#10914,.F.);
#10914 = EDGE_CURVE('',#9796,#9629,#10915,.T.);
#10915 = LINE('',#10916,#10917);
#10916 = CARTESIAN_POINT('',(-0.15,-0.35,1.21));
#10917 = VECTOR('',#10918,1.);
#10918 = DIRECTION('',(0.,1.,3.330669073875E-16));
#10919 = PLANE('',#10920);
#10920 = AXIS2_PLACEMENT_3D('',#10921,#10922,#10923);
#10921 = CARTESIAN_POINT('',(-0.15,-0.35,-0.5));
#10922 = DIRECTION('',(1.,0.,0.));
#10923 = DIRECTION('',(0.,-5.551115123126E-16,1.));
#10924 = ADVANCED_FACE('',(#10925),#10936,.T.);
#10925 = FACE_BOUND('',#10926,.T.);
#10926 = EDGE_LOOP('',(#10927,#10928,#10929,#10930));
#10927 = ORIENTED_EDGE('',*,*,#9703,.F.);
#10928 = ORIENTED_EDGE('',*,*,#10896,.T.);
#10929 = ORIENTED_EDGE('',*,*,#9529,.T.);
#10930 = ORIENTED_EDGE('',*,*,#10931,.F.);
#10931 = EDGE_CURVE('',#9704,#9530,#10932,.T.);
#10932 = LINE('',#10933,#10934);
#10933 = CARTESIAN_POINT('',(-0.162230377286,-0.35,-2.459232075714));
#10934 = VECTOR('',#10935,1.);
#10935 = DIRECTION('',(0.,1.,3.330669073875E-16));
#10936 = PLANE('',#10937);
#10937 = AXIS2_PLACEMENT_3D('',#10938,#10939,#10940);
#10938 = CARTESIAN_POINT('',(-0.45,-0.35,-1.5));
#10939 = DIRECTION('',(-0.957826285221,9.570607158995E-17,
    -0.287347885566));
#10940 = DIRECTION('',(0.287347885566,5.31700397722E-16,-0.957826285221)
  );
#10941 = ADVANCED_FACE('',(#10942),#10948,.T.);
#10942 = FACE_BOUND('',#10943,.T.);
#10943 = EDGE_LOOP('',(#10944,#10945,#10946,#10947));
#10944 = ORIENTED_EDGE('',*,*,#9795,.T.);
#10945 = ORIENTED_EDGE('',*,*,#9668,.T.);
#10946 = ORIENTED_EDGE('',*,*,#9628,.F.);
#10947 = ORIENTED_EDGE('',*,*,#10914,.F.);
#10948 = CYLINDRICAL_SURFACE('',#10949,0.29);
#10949 = AXIS2_PLACEMENT_3D('',#10950,#10951,#10952);
#10950 = CARTESIAN_POINT('',(0.14,-0.35,1.21));
#10951 = DIRECTION('',(0.,1.,3.330669073875E-16));
#10952 = DIRECTION('',(-1.,0.,0.));
#10953 = ADVANCED_FACE('',(#10954),#10965,.F.);
#10954 = FACE_BOUND('',#10955,.F.);
#10955 = EDGE_LOOP('',(#10956,#10962,#10963,#10964));
#10956 = ORIENTED_EDGE('',*,*,#10957,.T.);
#10957 = EDGE_CURVE('',#9712,#9538,#10958,.T.);
#10958 = LINE('',#10959,#10960);
#10959 = CARTESIAN_POINT('',(-0.15,-0.35,-2.542562962528));
#10960 = VECTOR('',#10961,1.);
#10961 = DIRECTION('',(0.,1.,3.330669073875E-16));
#10962 = ORIENTED_EDGE('',*,*,#9537,.T.);
#10963 = ORIENTED_EDGE('',*,*,#10931,.F.);
#10964 = ORIENTED_EDGE('',*,*,#9711,.F.);
#10965 = CYLINDRICAL_SURFACE('',#10966,0.29);
#10966 = AXIS2_PLACEMENT_3D('',#10967,#10968,#10969);
#10967 = CARTESIAN_POINT('',(-0.44,-0.35,-2.542562962528));
#10968 = DIRECTION('',(0.,1.,3.330669073875E-16));
#10969 = DIRECTION('',(1.,0.,-0.));
#10970 = ADVANCED_FACE('',(#10971),#10982,.F.);
#10971 = FACE_BOUND('',#10972,.F.);
#10972 = EDGE_LOOP('',(#10973,#10974,#10980,#10981));
#10973 = ORIENTED_EDGE('',*,*,#9720,.F.);
#10974 = ORIENTED_EDGE('',*,*,#10975,.T.);
#10975 = EDGE_CURVE('',#9721,#9547,#10976,.T.);
#10976 = LINE('',#10977,#10978);
#10977 = CARTESIAN_POINT('',(-0.15,-0.35,-3.5));
#10978 = VECTOR('',#10979,1.);
#10979 = DIRECTION('',(0.,1.,3.330669073875E-16));
#10980 = ORIENTED_EDGE('',*,*,#9546,.T.);
#10981 = ORIENTED_EDGE('',*,*,#10957,.F.);
#10982 = PLANE('',#10983);
#10983 = AXIS2_PLACEMENT_3D('',#10984,#10985,#10986);
#10984 = CARTESIAN_POINT('',(-0.15,-0.35,-3.5));
#10985 = DIRECTION('',(1.,0.,0.));
#10986 = DIRECTION('',(0.,-5.551115123126E-16,1.));
#10987 = ADVANCED_FACE('',(#10988),#10999,.F.);
#10988 = FACE_BOUND('',#10989,.F.);
#10989 = EDGE_LOOP('',(#10990,#10996,#10997,#10998));
#10990 = ORIENTED_EDGE('',*,*,#10991,.T.);
#10991 = EDGE_CURVE('',#9729,#9555,#10992,.T.);
#10992 = LINE('',#10993,#10994);
#10993 = CARTESIAN_POINT('',(0.15,-0.35,-3.5));
#10994 = VECTOR('',#10995,1.);
#10995 = DIRECTION('',(0.,1.,3.330669073875E-16));
#10996 = ORIENTED_EDGE('',*,*,#9554,.T.);
#10997 = ORIENTED_EDGE('',*,*,#10975,.F.);
#10998 = ORIENTED_EDGE('',*,*,#9728,.F.);
#10999 = PLANE('',#11000);
#11000 = AXIS2_PLACEMENT_3D('',#11001,#11002,#11003);
#11001 = CARTESIAN_POINT('',(0.15,-0.35,-3.5));
#11002 = DIRECTION('',(0.,-3.330669073875E-16,1.));
#11003 = DIRECTION('',(-1.,0.,0.));
#11004 = ADVANCED_FACE('',(#11005),#11016,.F.);
#11005 = FACE_BOUND('',#11006,.F.);
#11006 = EDGE_LOOP('',(#11007,#11008,#11014,#11015));
#11007 = ORIENTED_EDGE('',*,*,#9736,.F.);
#11008 = ORIENTED_EDGE('',*,*,#11009,.T.);
#11009 = EDGE_CURVE('',#9737,#9563,#11010,.T.);
#11010 = LINE('',#11011,#11012);
#11011 = CARTESIAN_POINT('',(0.15,-0.35,-2.542562962528));
#11012 = VECTOR('',#11013,1.);
#11013 = DIRECTION('',(0.,1.,3.330669073875E-16));
#11014 = ORIENTED_EDGE('',*,*,#9562,.T.);
#11015 = ORIENTED_EDGE('',*,*,#10991,.F.);
#11016 = PLANE('',#11017);
#11017 = AXIS2_PLACEMENT_3D('',#11018,#11019,#11020);
#11018 = CARTESIAN_POINT('',(0.15,-0.35,-2.5));
#11019 = DIRECTION('',(-1.,0.,-0.));
#11020 = DIRECTION('',(0.,5.551115123126E-16,-1.));
#11021 = ADVANCED_FACE('',(#11022),#11033,.T.);
#11022 = FACE_BOUND('',#11023,.T.);
#11023 = EDGE_LOOP('',(#11024,#11025,#11031,#11032));
#11024 = ORIENTED_EDGE('',*,*,#9778,.T.);
#11025 = ORIENTED_EDGE('',*,*,#11026,.T.);
#11026 = EDGE_CURVE('',#9771,#9597,#11027,.T.);
#11027 = LINE('',#11028,#11029);
#11028 = CARTESIAN_POINT('',(0.137769622714,-0.35,-0.540767924286));
#11029 = VECTOR('',#11030,1.);
#11030 = DIRECTION('',(0.,1.,3.330669073875E-16));
#11031 = ORIENTED_EDGE('',*,*,#9604,.F.);
#11032 = ORIENTED_EDGE('',*,*,#10824,.F.);
#11033 = CYLINDRICAL_SURFACE('',#11034,0.29);
#11034 = AXIS2_PLACEMENT_3D('',#11035,#11036,#11037);
#11035 = CARTESIAN_POINT('',(-0.14,-0.35,-0.457437037472));
#11036 = DIRECTION('',(0.,1.,3.330669073875E-16));
#11037 = DIRECTION('',(1.,0.,-0.));
#11038 = ADVANCED_FACE('',(#11039),#11050,.T.);
#11039 = FACE_BOUND('',#11040,.T.);
#11040 = EDGE_LOOP('',(#11041,#11042,#11043,#11044));
#11041 = ORIENTED_EDGE('',*,*,#9744,.T.);
#11042 = ORIENTED_EDGE('',*,*,#11009,.T.);
#11043 = ORIENTED_EDGE('',*,*,#9570,.F.);
#11044 = ORIENTED_EDGE('',*,*,#11045,.F.);
#11045 = EDGE_CURVE('',#9745,#9571,#11046,.T.);
#11046 = LINE('',#11047,#11048);
#11047 = CARTESIAN_POINT('',(0.137769622714,-0.35,-2.459232075714));
#11048 = VECTOR('',#11049,1.);
#11049 = DIRECTION('',(0.,1.,3.330669073875E-16));
#11050 = CYLINDRICAL_SURFACE('',#11051,0.29);
#11051 = AXIS2_PLACEMENT_3D('',#11052,#11053,#11054);
#11052 = CARTESIAN_POINT('',(-0.14,-0.35,-2.542562962528));
#11053 = DIRECTION('',(0.,1.,3.330669073875E-16));
#11054 = DIRECTION('',(0.957826285221,-9.570607158983E-17,0.287347885566
    ));
#11055 = ADVANCED_FACE('',(#11056),#11067,.T.);
#11056 = FACE_BOUND('',#11057,.T.);
#11057 = EDGE_LOOP('',(#11058,#11059,#11065,#11066));
#11058 = ORIENTED_EDGE('',*,*,#9770,.F.);
#11059 = ORIENTED_EDGE('',*,*,#11060,.T.);
#11060 = EDGE_CURVE('',#9762,#9588,#11061,.T.);
#11061 = LINE('',#11062,#11063);
#11062 = CARTESIAN_POINT('',(-0.125000733956,-0.35,-1.416669113186));
#11063 = VECTOR('',#11064,1.);
#11064 = DIRECTION('',(0.,1.,3.330669073875E-16));
#11065 = ORIENTED_EDGE('',*,*,#9596,.T.);
#11066 = ORIENTED_EDGE('',*,*,#11026,.F.);
#11067 = PLANE('',#11068);
#11068 = AXIS2_PLACEMENT_3D('',#11069,#11070,#11071);
#11069 = CARTESIAN_POINT('',(-0.15,-0.35,-1.5));
#11070 = DIRECTION('',(0.957826285221,9.570607158995E-17,-0.287347885566
    ));
#11071 = DIRECTION('',(0.287347885566,-5.31700397722E-16,0.957826285221)
  );
#11072 = ADVANCED_FACE('',(#11073),#11084,.T.);
#11073 = FACE_BOUND('',#11074,.T.);
#11074 = EDGE_LOOP('',(#11075,#11076,#11077,#11078));
#11075 = ORIENTED_EDGE('',*,*,#9753,.F.);
#11076 = ORIENTED_EDGE('',*,*,#11045,.T.);
#11077 = ORIENTED_EDGE('',*,*,#9579,.T.);
#11078 = ORIENTED_EDGE('',*,*,#11079,.F.);
#11079 = EDGE_CURVE('',#9754,#9580,#11080,.T.);
#11080 = LINE('',#11081,#11082);
#11081 = CARTESIAN_POINT('',(-0.125000733956,-0.35,-1.583330886814));
#11082 = VECTOR('',#11083,1.);
#11083 = DIRECTION('',(0.,1.,3.330669073875E-16));
#11084 = PLANE('',#11085);
#11085 = AXIS2_PLACEMENT_3D('',#11086,#11087,#11088);
#11086 = CARTESIAN_POINT('',(0.15,-0.35,-2.5));
#11087 = DIRECTION('',(0.957826285221,-9.570607158995E-17,0.287347885566
    ));
#11088 = DIRECTION('',(-0.287347885566,-5.31700397722E-16,0.957826285221
    ));
#11089 = ADVANCED_FACE('',(#11090),#11096,.F.);
#11090 = FACE_BOUND('',#11091,.F.);
#11091 = EDGE_LOOP('',(#11092,#11093,#11094,#11095));
#11092 = ORIENTED_EDGE('',*,*,#11060,.T.);
#11093 = ORIENTED_EDGE('',*,*,#9587,.T.);
#11094 = ORIENTED_EDGE('',*,*,#11079,.F.);
#11095 = ORIENTED_EDGE('',*,*,#9761,.F.);
#11096 = CYLINDRICAL_SURFACE('',#11097,0.29);
#11097 = AXIS2_PLACEMENT_3D('',#11098,#11099,#11100);
#11098 = CARTESIAN_POINT('',(0.152768888758,-0.35,-1.5));
#11099 = DIRECTION('',(0.,1.,3.330669073875E-16));
#11100 = DIRECTION('',(-0.957826285221,-9.570607158983E-17,
    0.287347885566));
#11101 = ADVANCED_FACE('',(#11102),#11118,.T.);
#11102 = FACE_BOUND('',#11103,.T.);
#11103 = EDGE_LOOP('',(#11104,#11105,#11111,#11112));
#11104 = ORIENTED_EDGE('',*,*,#9827,.F.);
#11105 = ORIENTED_EDGE('',*,*,#11106,.T.);
#11106 = EDGE_CURVE('',#9828,#9978,#11107,.T.);
#11107 = LINE('',#11108,#11109);
#11108 = CARTESIAN_POINT('',(-0.162230377286,-4.85,-0.540767924286));
#11109 = VECTOR('',#11110,1.);
#11110 = DIRECTION('',(0.,1.,3.330669073875E-16));
#11111 = ORIENTED_EDGE('',*,*,#9977,.T.);
#11112 = ORIENTED_EDGE('',*,*,#11113,.F.);
#11113 = EDGE_CURVE('',#9830,#9980,#11114,.T.);
#11114 = LINE('',#11115,#11116);
#11115 = CARTESIAN_POINT('',(-0.425000733956,-4.85,-1.416669113186));
#11116 = VECTOR('',#11117,1.);
#11117 = DIRECTION('',(0.,1.,3.330669073875E-16));
#11118 = PLANE('',#11119);
#11119 = AXIS2_PLACEMENT_3D('',#11120,#11121,#11122);
#11120 = CARTESIAN_POINT('',(-0.15,-4.85,-0.5));
#11121 = DIRECTION('',(-0.957826285221,-9.570607158995E-17,
    0.287347885566));
#11122 = DIRECTION('',(-0.287347885566,5.31700397722E-16,-0.957826285221
    ));
#11123 = ADVANCED_FACE('',(#11124),#11135,.F.);
#11124 = FACE_BOUND('',#11125,.F.);
#11125 = EDGE_LOOP('',(#11126,#11127,#11128,#11134));
#11126 = ORIENTED_EDGE('',*,*,#11106,.T.);
#11127 = ORIENTED_EDGE('',*,*,#10112,.T.);
#11128 = ORIENTED_EDGE('',*,*,#11129,.F.);
#11129 = EDGE_CURVE('',#9955,#10105,#11130,.T.);
#11130 = LINE('',#11131,#11132);
#11131 = CARTESIAN_POINT('',(-0.15,-4.85,-0.457437037472));
#11132 = VECTOR('',#11133,1.);
#11133 = DIRECTION('',(0.,1.,3.330669073875E-16));
#11134 = ORIENTED_EDGE('',*,*,#9962,.F.);
#11135 = CYLINDRICAL_SURFACE('',#11136,0.29);
#11136 = AXIS2_PLACEMENT_3D('',#11137,#11138,#11139);
#11137 = CARTESIAN_POINT('',(-0.44,-4.85,-0.457437037472));
#11138 = DIRECTION('',(0.,1.,3.330669073875E-16));
#11139 = DIRECTION('',(0.957826285221,9.570607158983E-17,-0.287347885566
    ));
#11140 = ADVANCED_FACE('',(#11141),#11152,.T.);
#11141 = FACE_BOUND('',#11142,.T.);
#11142 = EDGE_LOOP('',(#11143,#11144,#11145,#11151));
#11143 = ORIENTED_EDGE('',*,*,#11113,.T.);
#11144 = ORIENTED_EDGE('',*,*,#9987,.T.);
#11145 = ORIENTED_EDGE('',*,*,#11146,.F.);
#11146 = EDGE_CURVE('',#9838,#9988,#11147,.T.);
#11147 = LINE('',#11148,#11149);
#11148 = CARTESIAN_POINT('',(-0.425000733956,-4.85,-1.583330886814));
#11149 = VECTOR('',#11150,1.);
#11150 = DIRECTION('',(0.,1.,3.330669073875E-16));
#11151 = ORIENTED_EDGE('',*,*,#9837,.F.);
#11152 = CYLINDRICAL_SURFACE('',#11153,0.29);
#11153 = AXIS2_PLACEMENT_3D('',#11154,#11155,#11156);
#11154 = CARTESIAN_POINT('',(-0.147231111242,-4.85,-1.5));
#11155 = DIRECTION('',(0.,1.,3.330669073875E-16));
#11156 = DIRECTION('',(-0.957826285221,-9.570607158983E-17,
    0.287347885566));
#11157 = ADVANCED_FACE('',(#11158),#11169,.F.);
#11158 = FACE_BOUND('',#11159,.F.);
#11159 = EDGE_LOOP('',(#11160,#11161,#11162,#11163));
#11160 = ORIENTED_EDGE('',*,*,#9954,.F.);
#11161 = ORIENTED_EDGE('',*,*,#11129,.T.);
#11162 = ORIENTED_EDGE('',*,*,#10104,.T.);
#11163 = ORIENTED_EDGE('',*,*,#11164,.F.);
#11164 = EDGE_CURVE('',#9946,#10096,#11165,.T.);
#11165 = LINE('',#11166,#11167);
#11166 = CARTESIAN_POINT('',(-0.15,-4.85,1.21));
#11167 = VECTOR('',#11168,1.);
#11168 = DIRECTION('',(0.,1.,3.330669073875E-16));
#11169 = PLANE('',#11170);
#11170 = AXIS2_PLACEMENT_3D('',#11171,#11172,#11173);
#11171 = CARTESIAN_POINT('',(-0.15,-4.85,-0.5));
#11172 = DIRECTION('',(1.,0.,0.));
#11173 = DIRECTION('',(0.,-5.551115123126E-16,1.));
#11174 = ADVANCED_FACE('',(#11175),#11186,.T.);
#11175 = FACE_BOUND('',#11176,.T.);
#11176 = EDGE_LOOP('',(#11177,#11178,#11179,#11180));
#11177 = ORIENTED_EDGE('',*,*,#9846,.F.);
#11178 = ORIENTED_EDGE('',*,*,#11146,.T.);
#11179 = ORIENTED_EDGE('',*,*,#9996,.T.);
#11180 = ORIENTED_EDGE('',*,*,#11181,.F.);
#11181 = EDGE_CURVE('',#9847,#9997,#11182,.T.);
#11182 = LINE('',#11183,#11184);
#11183 = CARTESIAN_POINT('',(-0.162230377286,-4.85,-2.459232075714));
#11184 = VECTOR('',#11185,1.);
#11185 = DIRECTION('',(0.,1.,3.330669073875E-16));
#11186 = PLANE('',#11187);
#11187 = AXIS2_PLACEMENT_3D('',#11188,#11189,#11190);
#11188 = CARTESIAN_POINT('',(-0.45,-4.85,-1.5));
#11189 = DIRECTION('',(-0.957826285221,9.570607158995E-17,
    -0.287347885566));
#11190 = DIRECTION('',(0.287347885566,5.31700397722E-16,-0.957826285221)
  );
#11191 = ADVANCED_FACE('',(#11192),#11198,.T.);
#11192 = FACE_BOUND('',#11193,.T.);
#11193 = EDGE_LOOP('',(#11194,#11195,#11196,#11197));
#11194 = ORIENTED_EDGE('',*,*,#9945,.T.);
#11195 = ORIENTED_EDGE('',*,*,#10128,.T.);
#11196 = ORIENTED_EDGE('',*,*,#10095,.F.);
#11197 = ORIENTED_EDGE('',*,*,#11164,.F.);
#11198 = CYLINDRICAL_SURFACE('',#11199,0.29);
#11199 = AXIS2_PLACEMENT_3D('',#11200,#11201,#11202);
#11200 = CARTESIAN_POINT('',(0.14,-4.85,1.21));
#11201 = DIRECTION('',(0.,1.,3.330669073875E-16));
#11202 = DIRECTION('',(-1.,0.,0.));
#11203 = ADVANCED_FACE('',(#11204),#11215,.F.);
#11204 = FACE_BOUND('',#11205,.F.);
#11205 = EDGE_LOOP('',(#11206,#11212,#11213,#11214));
#11206 = ORIENTED_EDGE('',*,*,#11207,.T.);
#11207 = EDGE_CURVE('',#9855,#10005,#11208,.T.);
#11208 = LINE('',#11209,#11210);
#11209 = CARTESIAN_POINT('',(-0.15,-4.85,-2.542562962528));
#11210 = VECTOR('',#11211,1.);
#11211 = DIRECTION('',(0.,1.,3.330669073875E-16));
#11212 = ORIENTED_EDGE('',*,*,#10004,.T.);
#11213 = ORIENTED_EDGE('',*,*,#11181,.F.);
#11214 = ORIENTED_EDGE('',*,*,#9854,.F.);
#11215 = CYLINDRICAL_SURFACE('',#11216,0.29);
#11216 = AXIS2_PLACEMENT_3D('',#11217,#11218,#11219);
#11217 = CARTESIAN_POINT('',(-0.44,-4.85,-2.542562962528));
#11218 = DIRECTION('',(0.,1.,3.330669073875E-16));
#11219 = DIRECTION('',(1.,0.,-0.));
#11220 = ADVANCED_FACE('',(#11221),#11232,.F.);
#11221 = FACE_BOUND('',#11222,.F.);
#11222 = EDGE_LOOP('',(#11223,#11224,#11230,#11231));
#11223 = ORIENTED_EDGE('',*,*,#9863,.F.);
#11224 = ORIENTED_EDGE('',*,*,#11225,.T.);
#11225 = EDGE_CURVE('',#9864,#10014,#11226,.T.);
#11226 = LINE('',#11227,#11228);
#11227 = CARTESIAN_POINT('',(-0.15,-4.85,-3.5));
#11228 = VECTOR('',#11229,1.);
#11229 = DIRECTION('',(0.,1.,3.330669073875E-16));
#11230 = ORIENTED_EDGE('',*,*,#10013,.T.);
#11231 = ORIENTED_EDGE('',*,*,#11207,.F.);
#11232 = PLANE('',#11233);
#11233 = AXIS2_PLACEMENT_3D('',#11234,#11235,#11236);
#11234 = CARTESIAN_POINT('',(-0.15,-4.85,-3.5));
#11235 = DIRECTION('',(1.,0.,0.));
#11236 = DIRECTION('',(0.,-5.551115123126E-16,1.));
#11237 = ADVANCED_FACE('',(#11238),#11249,.F.);
#11238 = FACE_BOUND('',#11239,.F.);
#11239 = EDGE_LOOP('',(#11240,#11246,#11247,#11248));
#11240 = ORIENTED_EDGE('',*,*,#11241,.T.);
#11241 = EDGE_CURVE('',#9872,#10022,#11242,.T.);
#11242 = LINE('',#11243,#11244);
#11243 = CARTESIAN_POINT('',(0.15,-4.85,-3.5));
#11244 = VECTOR('',#11245,1.);
#11245 = DIRECTION('',(0.,1.,3.330669073875E-16));
#11246 = ORIENTED_EDGE('',*,*,#10021,.T.);
#11247 = ORIENTED_EDGE('',*,*,#11225,.F.);
#11248 = ORIENTED_EDGE('',*,*,#9871,.F.);
#11249 = PLANE('',#11250);
#11250 = AXIS2_PLACEMENT_3D('',#11251,#11252,#11253);
#11251 = CARTESIAN_POINT('',(0.15,-4.85,-3.5));
#11252 = DIRECTION('',(0.,-3.330669073875E-16,1.));
#11253 = DIRECTION('',(-1.,0.,0.));
#11254 = ADVANCED_FACE('',(#11255),#11266,.F.);
#11255 = FACE_BOUND('',#11256,.F.);
#11256 = EDGE_LOOP('',(#11257,#11258,#11264,#11265));
#11257 = ORIENTED_EDGE('',*,*,#9879,.F.);
#11258 = ORIENTED_EDGE('',*,*,#11259,.T.);
#11259 = EDGE_CURVE('',#9880,#10030,#11260,.T.);
#11260 = LINE('',#11261,#11262);
#11261 = CARTESIAN_POINT('',(0.15,-4.85,-2.542562962528));
#11262 = VECTOR('',#11263,1.);
#11263 = DIRECTION('',(0.,1.,3.330669073875E-16));
#11264 = ORIENTED_EDGE('',*,*,#10029,.T.);
#11265 = ORIENTED_EDGE('',*,*,#11241,.F.);
#11266 = PLANE('',#11267);
#11267 = AXIS2_PLACEMENT_3D('',#11268,#11269,#11270);
#11268 = CARTESIAN_POINT('',(0.15,-4.85,-2.5));
#11269 = DIRECTION('',(-1.,0.,-0.));
#11270 = DIRECTION('',(0.,5.551115123126E-16,-1.));
#11271 = ADVANCED_FACE('',(#11272),#11283,.T.);
#11272 = FACE_BOUND('',#11273,.T.);
#11273 = EDGE_LOOP('',(#11274,#11275,#11281,#11282));
#11274 = ORIENTED_EDGE('',*,*,#9921,.T.);
#11275 = ORIENTED_EDGE('',*,*,#11276,.T.);
#11276 = EDGE_CURVE('',#9914,#10064,#11277,.T.);
#11277 = LINE('',#11278,#11279);
#11278 = CARTESIAN_POINT('',(0.137769622714,-4.85,-0.540767924286));
#11279 = VECTOR('',#11280,1.);
#11280 = DIRECTION('',(0.,1.,3.330669073875E-16));
#11281 = ORIENTED_EDGE('',*,*,#10071,.F.);
#11282 = ORIENTED_EDGE('',*,*,#10790,.F.);
#11283 = CYLINDRICAL_SURFACE('',#11284,0.29);
#11284 = AXIS2_PLACEMENT_3D('',#11285,#11286,#11287);
#11285 = CARTESIAN_POINT('',(-0.14,-4.85,-0.457437037472));
#11286 = DIRECTION('',(0.,1.,3.330669073875E-16));
#11287 = DIRECTION('',(1.,0.,-0.));
#11288 = ADVANCED_FACE('',(#11289),#11300,.T.);
#11289 = FACE_BOUND('',#11290,.T.);
#11290 = EDGE_LOOP('',(#11291,#11292,#11293,#11294));
#11291 = ORIENTED_EDGE('',*,*,#9887,.T.);
#11292 = ORIENTED_EDGE('',*,*,#11259,.T.);
#11293 = ORIENTED_EDGE('',*,*,#10037,.F.);
#11294 = ORIENTED_EDGE('',*,*,#11295,.F.);
#11295 = EDGE_CURVE('',#9888,#10038,#11296,.T.);
#11296 = LINE('',#11297,#11298);
#11297 = CARTESIAN_POINT('',(0.137769622714,-4.85,-2.459232075714));
#11298 = VECTOR('',#11299,1.);
#11299 = DIRECTION('',(0.,1.,3.330669073875E-16));
#11300 = CYLINDRICAL_SURFACE('',#11301,0.29);
#11301 = AXIS2_PLACEMENT_3D('',#11302,#11303,#11304);
#11302 = CARTESIAN_POINT('',(-0.14,-4.85,-2.542562962528));
#11303 = DIRECTION('',(0.,1.,3.330669073875E-16));
#11304 = DIRECTION('',(0.957826285221,-9.570607158983E-17,0.287347885566
    ));
#11305 = ADVANCED_FACE('',(#11306),#11317,.T.);
#11306 = FACE_BOUND('',#11307,.T.);
#11307 = EDGE_LOOP('',(#11308,#11309,#11315,#11316));
#11308 = ORIENTED_EDGE('',*,*,#9913,.F.);
#11309 = ORIENTED_EDGE('',*,*,#11310,.T.);
#11310 = EDGE_CURVE('',#9905,#10055,#11311,.T.);
#11311 = LINE('',#11312,#11313);
#11312 = CARTESIAN_POINT('',(-0.125000733956,-4.85,-1.416669113186));
#11313 = VECTOR('',#11314,1.);
#11314 = DIRECTION('',(0.,1.,3.330669073875E-16));
#11315 = ORIENTED_EDGE('',*,*,#10063,.T.);
#11316 = ORIENTED_EDGE('',*,*,#11276,.F.);
#11317 = PLANE('',#11318);
#11318 = AXIS2_PLACEMENT_3D('',#11319,#11320,#11321);
#11319 = CARTESIAN_POINT('',(-0.15,-4.85,-1.5));
#11320 = DIRECTION('',(0.957826285221,9.570607158995E-17,-0.287347885566
    ));
#11321 = DIRECTION('',(0.287347885566,-5.31700397722E-16,0.957826285221)
  );
#11322 = ADVANCED_FACE('',(#11323),#11334,.T.);
#11323 = FACE_BOUND('',#11324,.T.);
#11324 = EDGE_LOOP('',(#11325,#11326,#11327,#11328));
#11325 = ORIENTED_EDGE('',*,*,#9896,.F.);
#11326 = ORIENTED_EDGE('',*,*,#11295,.T.);
#11327 = ORIENTED_EDGE('',*,*,#10046,.T.);
#11328 = ORIENTED_EDGE('',*,*,#11329,.F.);
#11329 = EDGE_CURVE('',#9897,#10047,#11330,.T.);
#11330 = LINE('',#11331,#11332);
#11331 = CARTESIAN_POINT('',(-0.125000733956,-4.85,-1.583330886814));
#11332 = VECTOR('',#11333,1.);
#11333 = DIRECTION('',(0.,1.,3.330669073875E-16));
#11334 = PLANE('',#11335);
#11335 = AXIS2_PLACEMENT_3D('',#11336,#11337,#11338);
#11336 = CARTESIAN_POINT('',(0.15,-4.85,-2.5));
#11337 = DIRECTION('',(0.957826285221,-9.570607158995E-17,0.287347885566
    ));
#11338 = DIRECTION('',(-0.287347885566,-5.31700397722E-16,0.957826285221
    ));
#11339 = ADVANCED_FACE('',(#11340),#11346,.F.);
#11340 = FACE_BOUND('',#11341,.F.);
#11341 = EDGE_LOOP('',(#11342,#11343,#11344,#11345));
#11342 = ORIENTED_EDGE('',*,*,#11310,.T.);
#11343 = ORIENTED_EDGE('',*,*,#10054,.T.);
#11344 = ORIENTED_EDGE('',*,*,#11329,.F.);
#11345 = ORIENTED_EDGE('',*,*,#9904,.F.);
#11346 = CYLINDRICAL_SURFACE('',#11347,0.29);
#11347 = AXIS2_PLACEMENT_3D('',#11348,#11349,#11350);
#11348 = CARTESIAN_POINT('',(0.152768888758,-4.85,-1.5));
#11349 = DIRECTION('',(0.,1.,3.330669073875E-16));
#11350 = DIRECTION('',(-0.957826285221,-9.570607158983E-17,
    0.287347885566));
#11351 = ADVANCED_FACE('',(#11352),#11368,.F.);
#11352 = FACE_BOUND('',#11353,.F.);
#11353 = EDGE_LOOP('',(#11354,#11355,#11361,#11362));
#11354 = ORIENTED_EDGE('',*,*,#10144,.F.);
#11355 = ORIENTED_EDGE('',*,*,#11356,.T.);
#11356 = EDGE_CURVE('',#10145,#10319,#11357,.T.);
#11357 = LINE('',#11358,#11359);
#11358 = CARTESIAN_POINT('',(6.462230377286,-4.85,-0.540767924286));
#11359 = VECTOR('',#11360,1.);
#11360 = DIRECTION('',(0.,1.,3.330669073875E-16));
#11361 = ORIENTED_EDGE('',*,*,#10318,.T.);
#11362 = ORIENTED_EDGE('',*,*,#11363,.F.);
#11363 = EDGE_CURVE('',#10147,#10321,#11364,.T.);
#11364 = LINE('',#11365,#11366);
#11365 = CARTESIAN_POINT('',(6.725000733956,-4.85,-1.416669113186));
#11366 = VECTOR('',#11367,1.);
#11367 = DIRECTION('',(0.,1.,3.330669073875E-16));
#11368 = PLANE('',#11369);
#11369 = AXIS2_PLACEMENT_3D('',#11370,#11371,#11372);
#11370 = CARTESIAN_POINT('',(6.45,-4.85,-0.5));
#11371 = DIRECTION('',(-0.957826285221,9.570607158995E-17,
    -0.287347885566));
#11372 = DIRECTION('',(0.287347885566,5.31700397722E-16,-0.957826285221)
  );
#11373 = ADVANCED_FACE('',(#11374),#11385,.F.);
#11374 = FACE_BOUND('',#11375,.F.);
#11375 = EDGE_LOOP('',(#11376,#11377,#11383,#11384));
#11376 = ORIENTED_EDGE('',*,*,#10279,.T.);
#11377 = ORIENTED_EDGE('',*,*,#11378,.T.);
#11378 = EDGE_CURVE('',#10272,#10439,#11379,.T.);
#11379 = LINE('',#11380,#11381);
#11380 = CARTESIAN_POINT('',(6.45,-4.85,-0.457437037472));
#11381 = VECTOR('',#11382,1.);
#11382 = DIRECTION('',(0.,1.,3.330669073875E-16));
#11383 = ORIENTED_EDGE('',*,*,#10446,.F.);
#11384 = ORIENTED_EDGE('',*,*,#11356,.F.);
#11385 = CYLINDRICAL_SURFACE('',#11386,0.29);
#11386 = AXIS2_PLACEMENT_3D('',#11387,#11388,#11389);
#11387 = CARTESIAN_POINT('',(6.74,-4.85,-0.457437037472));
#11388 = DIRECTION('',(0.,1.,3.330669073875E-16));
#11389 = DIRECTION('',(-0.957826285221,9.570607158983E-17,
    -0.287347885566));
#11390 = ADVANCED_FACE('',(#11391),#11402,.T.);
#11391 = FACE_BOUND('',#11392,.T.);
#11392 = EDGE_LOOP('',(#11393,#11394,#11400,#11401));
#11393 = ORIENTED_EDGE('',*,*,#10154,.T.);
#11394 = ORIENTED_EDGE('',*,*,#11395,.T.);
#11395 = EDGE_CURVE('',#10155,#10329,#11396,.T.);
#11396 = LINE('',#11397,#11398);
#11397 = CARTESIAN_POINT('',(6.725000733956,-4.85,-1.583330886814));
#11398 = VECTOR('',#11399,1.);
#11399 = DIRECTION('',(0.,1.,3.330669073875E-16));
#11400 = ORIENTED_EDGE('',*,*,#10328,.F.);
#11401 = ORIENTED_EDGE('',*,*,#11363,.F.);
#11402 = CYLINDRICAL_SURFACE('',#11403,0.29);
#11403 = AXIS2_PLACEMENT_3D('',#11404,#11405,#11406);
#11404 = CARTESIAN_POINT('',(6.447231111242,-4.85,-1.5));
#11405 = DIRECTION('',(0.,1.,3.330669073875E-16));
#11406 = DIRECTION('',(0.957826285221,-9.570607158983E-17,0.287347885566
    ));
#11407 = ADVANCED_FACE('',(#11408),#11419,.T.);
#11408 = FACE_BOUND('',#11409,.T.);
#11409 = EDGE_LOOP('',(#11410,#11411,#11412,#11413));
#11410 = ORIENTED_EDGE('',*,*,#10271,.F.);
#11411 = ORIENTED_EDGE('',*,*,#11378,.T.);
#11412 = ORIENTED_EDGE('',*,*,#10438,.T.);
#11413 = ORIENTED_EDGE('',*,*,#11414,.F.);
#11414 = EDGE_CURVE('',#10263,#10430,#11415,.T.);
#11415 = LINE('',#11416,#11417);
#11416 = CARTESIAN_POINT('',(6.45,-4.85,1.21));
#11417 = VECTOR('',#11418,1.);
#11418 = DIRECTION('',(0.,1.,3.330669073875E-16));
#11419 = PLANE('',#11420);
#11420 = AXIS2_PLACEMENT_3D('',#11421,#11422,#11423);
#11421 = CARTESIAN_POINT('',(6.45,-4.85,-0.5));
#11422 = DIRECTION('',(1.,0.,0.));
#11423 = DIRECTION('',(0.,-5.551115123126E-16,1.));
#11424 = ADVANCED_FACE('',(#11425),#11436,.F.);
#11425 = FACE_BOUND('',#11426,.F.);
#11426 = EDGE_LOOP('',(#11427,#11428,#11429,#11430));
#11427 = ORIENTED_EDGE('',*,*,#10163,.F.);
#11428 = ORIENTED_EDGE('',*,*,#11395,.T.);
#11429 = ORIENTED_EDGE('',*,*,#10337,.T.);
#11430 = ORIENTED_EDGE('',*,*,#11431,.F.);
#11431 = EDGE_CURVE('',#10164,#10338,#11432,.T.);
#11432 = LINE('',#11433,#11434);
#11433 = CARTESIAN_POINT('',(6.462230377286,-4.85,-2.459232075714));
#11434 = VECTOR('',#11435,1.);
#11435 = DIRECTION('',(0.,1.,3.330669073875E-16));
#11436 = PLANE('',#11437);
#11437 = AXIS2_PLACEMENT_3D('',#11438,#11439,#11440);
#11438 = CARTESIAN_POINT('',(6.75,-4.85,-1.5));
#11439 = DIRECTION('',(-0.957826285221,-9.570607158995E-17,
    0.287347885566));
#11440 = DIRECTION('',(-0.287347885566,5.31700397722E-16,-0.957826285221
    ));
#11441 = ADVANCED_FACE('',(#11442),#11448,.T.);
#11442 = FACE_BOUND('',#11443,.T.);
#11443 = EDGE_LOOP('',(#11444,#11445,#11446,#11447));
#11444 = ORIENTED_EDGE('',*,*,#11414,.T.);
#11445 = ORIENTED_EDGE('',*,*,#10429,.T.);
#11446 = ORIENTED_EDGE('',*,*,#10295,.F.);
#11447 = ORIENTED_EDGE('',*,*,#10262,.F.);
#11448 = CYLINDRICAL_SURFACE('',#11449,0.29);
#11449 = AXIS2_PLACEMENT_3D('',#11450,#11451,#11452);
#11450 = CARTESIAN_POINT('',(6.16,-4.85,1.21));
#11451 = DIRECTION('',(0.,1.,3.330669073875E-16));
#11452 = DIRECTION('',(1.,0.,-0.));
#11453 = ADVANCED_FACE('',(#11454),#11465,.F.);
#11454 = FACE_BOUND('',#11455,.F.);
#11455 = EDGE_LOOP('',(#11456,#11457,#11458,#11459));
#11456 = ORIENTED_EDGE('',*,*,#10171,.T.);
#11457 = ORIENTED_EDGE('',*,*,#11431,.T.);
#11458 = ORIENTED_EDGE('',*,*,#10345,.F.);
#11459 = ORIENTED_EDGE('',*,*,#11460,.F.);
#11460 = EDGE_CURVE('',#10172,#10346,#11461,.T.);
#11461 = LINE('',#11462,#11463);
#11462 = CARTESIAN_POINT('',(6.45,-4.85,-2.542562962528));
#11463 = VECTOR('',#11464,1.);
#11464 = DIRECTION('',(0.,1.,3.330669073875E-16));
#11465 = CYLINDRICAL_SURFACE('',#11466,0.29);
#11466 = AXIS2_PLACEMENT_3D('',#11467,#11468,#11469);
#11467 = CARTESIAN_POINT('',(6.74,-4.85,-2.542562962528));
#11468 = DIRECTION('',(0.,1.,3.330669073875E-16));
#11469 = DIRECTION('',(-1.,0.,0.));
#11470 = ADVANCED_FACE('',(#11471),#11482,.T.);
#11471 = FACE_BOUND('',#11472,.T.);
#11472 = EDGE_LOOP('',(#11473,#11474,#11480,#11481));
#11473 = ORIENTED_EDGE('',*,*,#10180,.F.);
#11474 = ORIENTED_EDGE('',*,*,#11475,.T.);
#11475 = EDGE_CURVE('',#10181,#10355,#11476,.T.);
#11476 = LINE('',#11477,#11478);
#11477 = CARTESIAN_POINT('',(6.45,-4.85,-3.5));
#11478 = VECTOR('',#11479,1.);
#11479 = DIRECTION('',(0.,1.,3.330669073875E-16));
#11480 = ORIENTED_EDGE('',*,*,#10354,.T.);
#11481 = ORIENTED_EDGE('',*,*,#11460,.F.);
#11482 = PLANE('',#11483);
#11483 = AXIS2_PLACEMENT_3D('',#11484,#11485,#11486);
#11484 = CARTESIAN_POINT('',(6.45,-4.85,-3.5));
#11485 = DIRECTION('',(1.,0.,0.));
#11486 = DIRECTION('',(0.,-5.551115123126E-16,1.));
#11487 = ADVANCED_FACE('',(#11488),#11499,.T.);
#11488 = FACE_BOUND('',#11489,.T.);
#11489 = EDGE_LOOP('',(#11490,#11496,#11497,#11498));
#11490 = ORIENTED_EDGE('',*,*,#11491,.T.);
#11491 = EDGE_CURVE('',#10189,#10363,#11492,.T.);
#11492 = LINE('',#11493,#11494);
#11493 = CARTESIAN_POINT('',(6.15,-4.85,-3.5));
#11494 = VECTOR('',#11495,1.);
#11495 = DIRECTION('',(0.,1.,3.330669073875E-16));
#11496 = ORIENTED_EDGE('',*,*,#10362,.T.);
#11497 = ORIENTED_EDGE('',*,*,#11475,.F.);
#11498 = ORIENTED_EDGE('',*,*,#10188,.F.);
#11499 = PLANE('',#11500);
#11500 = AXIS2_PLACEMENT_3D('',#11501,#11502,#11503);
#11501 = CARTESIAN_POINT('',(6.15,-4.85,-3.5));
#11502 = DIRECTION('',(0.,3.330669073875E-16,-1.));
#11503 = DIRECTION('',(1.,0.,0.));
#11504 = ADVANCED_FACE('',(#11505),#11516,.T.);
#11505 = FACE_BOUND('',#11506,.T.);
#11506 = EDGE_LOOP('',(#11507,#11508,#11514,#11515));
#11507 = ORIENTED_EDGE('',*,*,#10196,.F.);
#11508 = ORIENTED_EDGE('',*,*,#11509,.T.);
#11509 = EDGE_CURVE('',#10197,#10371,#11510,.T.);
#11510 = LINE('',#11511,#11512);
#11511 = CARTESIAN_POINT('',(6.15,-4.85,-2.542562962528));
#11512 = VECTOR('',#11513,1.);
#11513 = DIRECTION('',(0.,1.,3.330669073875E-16));
#11514 = ORIENTED_EDGE('',*,*,#10370,.T.);
#11515 = ORIENTED_EDGE('',*,*,#11491,.F.);
#11516 = PLANE('',#11517);
#11517 = AXIS2_PLACEMENT_3D('',#11518,#11519,#11520);
#11518 = CARTESIAN_POINT('',(6.15,-4.85,-2.5));
#11519 = DIRECTION('',(-1.,0.,-0.));
#11520 = DIRECTION('',(0.,5.551115123126E-16,-1.));
#11521 = ADVANCED_FACE('',(#11522),#11533,.T.);
#11522 = FACE_BOUND('',#11523,.T.);
#11523 = EDGE_LOOP('',(#11524,#11525,#11526,#11532));
#11524 = ORIENTED_EDGE('',*,*,#10807,.T.);
#11525 = ORIENTED_EDGE('',*,*,#10412,.T.);
#11526 = ORIENTED_EDGE('',*,*,#11527,.F.);
#11527 = EDGE_CURVE('',#10231,#10405,#11528,.T.);
#11528 = LINE('',#11529,#11530);
#11529 = CARTESIAN_POINT('',(6.162230377286,-4.85,-0.540767924286));
#11530 = VECTOR('',#11531,1.);
#11531 = DIRECTION('',(0.,1.,3.330669073875E-16));
#11532 = ORIENTED_EDGE('',*,*,#10238,.F.);
#11533 = CYLINDRICAL_SURFACE('',#11534,0.29);
#11534 = AXIS2_PLACEMENT_3D('',#11535,#11536,#11537);
#11535 = CARTESIAN_POINT('',(6.44,-4.85,-0.457437037472));
#11536 = DIRECTION('',(0.,1.,3.330669073875E-16));
#11537 = DIRECTION('',(-1.,0.,0.));
#11538 = ADVANCED_FACE('',(#11539),#11550,.T.);
#11539 = FACE_BOUND('',#11540,.T.);
#11540 = EDGE_LOOP('',(#11541,#11547,#11548,#11549));
#11541 = ORIENTED_EDGE('',*,*,#11542,.T.);
#11542 = EDGE_CURVE('',#10205,#10379,#11543,.T.);
#11543 = LINE('',#11544,#11545);
#11544 = CARTESIAN_POINT('',(6.162230377286,-4.85,-2.459232075714));
#11545 = VECTOR('',#11546,1.);
#11546 = DIRECTION('',(0.,1.,3.330669073875E-16));
#11547 = ORIENTED_EDGE('',*,*,#10378,.T.);
#11548 = ORIENTED_EDGE('',*,*,#11509,.F.);
#11549 = ORIENTED_EDGE('',*,*,#10204,.F.);
#11550 = CYLINDRICAL_SURFACE('',#11551,0.29);
#11551 = AXIS2_PLACEMENT_3D('',#11552,#11553,#11554);
#11552 = CARTESIAN_POINT('',(6.44,-4.85,-2.542562962528));
#11553 = DIRECTION('',(0.,1.,3.330669073875E-16));
#11554 = DIRECTION('',(-0.957826285221,-9.570607158983E-17,
    0.287347885566));
#11555 = ADVANCED_FACE('',(#11556),#11567,.F.);
#11556 = FACE_BOUND('',#11557,.F.);
#11557 = EDGE_LOOP('',(#11558,#11559,#11565,#11566));
#11558 = ORIENTED_EDGE('',*,*,#10230,.F.);
#11559 = ORIENTED_EDGE('',*,*,#11560,.T.);
#11560 = EDGE_CURVE('',#10222,#10396,#11561,.T.);
#11561 = LINE('',#11562,#11563);
#11562 = CARTESIAN_POINT('',(6.425000733956,-4.85,-1.416669113186));
#11563 = VECTOR('',#11564,1.);
#11564 = DIRECTION('',(0.,1.,3.330669073875E-16));
#11565 = ORIENTED_EDGE('',*,*,#10404,.T.);
#11566 = ORIENTED_EDGE('',*,*,#11527,.F.);
#11567 = PLANE('',#11568);
#11568 = AXIS2_PLACEMENT_3D('',#11569,#11570,#11571);
#11569 = CARTESIAN_POINT('',(6.45,-4.85,-1.5));
#11570 = DIRECTION('',(0.957826285221,-9.570607158995E-17,0.287347885566
    ));
#11571 = DIRECTION('',(-0.287347885566,-5.31700397722E-16,0.957826285221
    ));
#11572 = ADVANCED_FACE('',(#11573),#11584,.F.);
#11573 = FACE_BOUND('',#11574,.F.);
#11574 = EDGE_LOOP('',(#11575,#11576,#11577,#11578));
#11575 = ORIENTED_EDGE('',*,*,#10213,.F.);
#11576 = ORIENTED_EDGE('',*,*,#11542,.T.);
#11577 = ORIENTED_EDGE('',*,*,#10387,.T.);
#11578 = ORIENTED_EDGE('',*,*,#11579,.F.);
#11579 = EDGE_CURVE('',#10214,#10388,#11580,.T.);
#11580 = LINE('',#11581,#11582);
#11581 = CARTESIAN_POINT('',(6.425000733956,-4.85,-1.583330886814));
#11582 = VECTOR('',#11583,1.);
#11583 = DIRECTION('',(0.,1.,3.330669073875E-16));
#11584 = PLANE('',#11585);
#11585 = AXIS2_PLACEMENT_3D('',#11586,#11587,#11588);
#11586 = CARTESIAN_POINT('',(6.15,-4.85,-2.5));
#11587 = DIRECTION('',(0.957826285221,9.570607158995E-17,-0.287347885566
    ));
#11588 = DIRECTION('',(0.287347885566,-5.31700397722E-16,0.957826285221)
  );
#11589 = ADVANCED_FACE('',(#11590),#11596,.F.);
#11590 = FACE_BOUND('',#11591,.F.);
#11591 = EDGE_LOOP('',(#11592,#11593,#11594,#11595));
#11592 = ORIENTED_EDGE('',*,*,#10221,.T.);
#11593 = ORIENTED_EDGE('',*,*,#11579,.T.);
#11594 = ORIENTED_EDGE('',*,*,#10395,.F.);
#11595 = ORIENTED_EDGE('',*,*,#11560,.F.);
#11596 = CYLINDRICAL_SURFACE('',#11597,0.29);
#11597 = AXIS2_PLACEMENT_3D('',#11598,#11599,#11600);
#11598 = CARTESIAN_POINT('',(6.147231111242,-4.85,-1.5));
#11599 = DIRECTION('',(0.,1.,3.330669073875E-16));
#11600 = DIRECTION('',(0.957826285221,-9.570607158983E-17,0.287347885566
    ));
#11601 = ADVANCED_FACE('',(#11602),#11618,.F.);
#11602 = FACE_BOUND('',#11603,.F.);
#11603 = EDGE_LOOP('',(#11604,#11605,#11611,#11612));
#11604 = ORIENTED_EDGE('',*,*,#10611,.F.);
#11605 = ORIENTED_EDGE('',*,*,#11606,.T.);
#11606 = EDGE_CURVE('',#10612,#10462,#11607,.T.);
#11607 = LINE('',#11608,#11609);
#11608 = CARTESIAN_POINT('',(6.462230377286,-0.35,-0.540767924286));
#11609 = VECTOR('',#11610,1.);
#11610 = DIRECTION('',(0.,1.,3.330669073875E-16));
#11611 = ORIENTED_EDGE('',*,*,#10461,.T.);
#11612 = ORIENTED_EDGE('',*,*,#11613,.F.);
#11613 = EDGE_CURVE('',#10614,#10464,#11614,.T.);
#11614 = LINE('',#11615,#11616);
#11615 = CARTESIAN_POINT('',(6.725000733956,-0.35,-1.416669113186));
#11616 = VECTOR('',#11617,1.);
#11617 = DIRECTION('',(0.,1.,3.330669073875E-16));
#11618 = PLANE('',#11619);
#11619 = AXIS2_PLACEMENT_3D('',#11620,#11621,#11622);
#11620 = CARTESIAN_POINT('',(6.45,-0.35,-0.5));
#11621 = DIRECTION('',(-0.957826285221,9.570607158995E-17,
    -0.287347885566));
#11622 = DIRECTION('',(0.287347885566,5.31700397722E-16,-0.957826285221)
  );
#11623 = ADVANCED_FACE('',(#11624),#11635,.F.);
#11624 = FACE_BOUND('',#11625,.F.);
#11625 = EDGE_LOOP('',(#11626,#11627,#11633,#11634));
#11626 = ORIENTED_EDGE('',*,*,#10746,.T.);
#11627 = ORIENTED_EDGE('',*,*,#11628,.T.);
#11628 = EDGE_CURVE('',#10739,#10589,#11629,.T.);
#11629 = LINE('',#11630,#11631);
#11630 = CARTESIAN_POINT('',(6.45,-0.35,-0.457437037472));
#11631 = VECTOR('',#11632,1.);
#11632 = DIRECTION('',(0.,1.,3.330669073875E-16));
#11633 = ORIENTED_EDGE('',*,*,#10596,.F.);
#11634 = ORIENTED_EDGE('',*,*,#11606,.F.);
#11635 = CYLINDRICAL_SURFACE('',#11636,0.29);
#11636 = AXIS2_PLACEMENT_3D('',#11637,#11638,#11639);
#11637 = CARTESIAN_POINT('',(6.74,-0.35,-0.457437037472));
#11638 = DIRECTION('',(0.,1.,3.330669073875E-16));
#11639 = DIRECTION('',(-0.957826285221,9.570607158983E-17,
    -0.287347885566));
#11640 = ADVANCED_FACE('',(#11641),#11652,.T.);
#11641 = FACE_BOUND('',#11642,.T.);
#11642 = EDGE_LOOP('',(#11643,#11644,#11650,#11651));
#11643 = ORIENTED_EDGE('',*,*,#10621,.T.);
#11644 = ORIENTED_EDGE('',*,*,#11645,.T.);
#11645 = EDGE_CURVE('',#10622,#10472,#11646,.T.);
#11646 = LINE('',#11647,#11648);
#11647 = CARTESIAN_POINT('',(6.725000733956,-0.35,-1.583330886814));
#11648 = VECTOR('',#11649,1.);
#11649 = DIRECTION('',(0.,1.,3.330669073875E-16));
#11650 = ORIENTED_EDGE('',*,*,#10471,.F.);
#11651 = ORIENTED_EDGE('',*,*,#11613,.F.);
#11652 = CYLINDRICAL_SURFACE('',#11653,0.29);
#11653 = AXIS2_PLACEMENT_3D('',#11654,#11655,#11656);
#11654 = CARTESIAN_POINT('',(6.447231111242,-0.35,-1.5));
#11655 = DIRECTION('',(0.,1.,3.330669073875E-16));
#11656 = DIRECTION('',(0.957826285221,-9.570607158983E-17,0.287347885566
    ));
#11657 = ADVANCED_FACE('',(#11658),#11669,.T.);
#11658 = FACE_BOUND('',#11659,.T.);
#11659 = EDGE_LOOP('',(#11660,#11661,#11662,#11663));
#11660 = ORIENTED_EDGE('',*,*,#10738,.F.);
#11661 = ORIENTED_EDGE('',*,*,#11628,.T.);
#11662 = ORIENTED_EDGE('',*,*,#10588,.T.);
#11663 = ORIENTED_EDGE('',*,*,#11664,.F.);
#11664 = EDGE_CURVE('',#10730,#10580,#11665,.T.);
#11665 = LINE('',#11666,#11667);
#11666 = CARTESIAN_POINT('',(6.45,-0.35,1.21));
#11667 = VECTOR('',#11668,1.);
#11668 = DIRECTION('',(0.,1.,3.330669073875E-16));
#11669 = PLANE('',#11670);
#11670 = AXIS2_PLACEMENT_3D('',#11671,#11672,#11673);
#11671 = CARTESIAN_POINT('',(6.45,-0.35,-0.5));
#11672 = DIRECTION('',(1.,0.,0.));
#11673 = DIRECTION('',(0.,-5.551115123126E-16,1.));
#11674 = ADVANCED_FACE('',(#11675),#11686,.F.);
#11675 = FACE_BOUND('',#11676,.F.);
#11676 = EDGE_LOOP('',(#11677,#11678,#11679,#11680));
#11677 = ORIENTED_EDGE('',*,*,#10630,.F.);
#11678 = ORIENTED_EDGE('',*,*,#11645,.T.);
#11679 = ORIENTED_EDGE('',*,*,#10480,.T.);
#11680 = ORIENTED_EDGE('',*,*,#11681,.F.);
#11681 = EDGE_CURVE('',#10631,#10481,#11682,.T.);
#11682 = LINE('',#11683,#11684);
#11683 = CARTESIAN_POINT('',(6.462230377286,-0.35,-2.459232075714));
#11684 = VECTOR('',#11685,1.);
#11685 = DIRECTION('',(0.,1.,3.330669073875E-16));
#11686 = PLANE('',#11687);
#11687 = AXIS2_PLACEMENT_3D('',#11688,#11689,#11690);
#11688 = CARTESIAN_POINT('',(6.75,-0.35,-1.5));
#11689 = DIRECTION('',(-0.957826285221,-9.570607158995E-17,
    0.287347885566));
#11690 = DIRECTION('',(-0.287347885566,5.31700397722E-16,-0.957826285221
    ));
#11691 = ADVANCED_FACE('',(#11692),#11698,.T.);
#11692 = FACE_BOUND('',#11693,.T.);
#11693 = EDGE_LOOP('',(#11694,#11695,#11696,#11697));
#11694 = ORIENTED_EDGE('',*,*,#11664,.T.);
#11695 = ORIENTED_EDGE('',*,*,#10579,.T.);
#11696 = ORIENTED_EDGE('',*,*,#10762,.F.);
#11697 = ORIENTED_EDGE('',*,*,#10729,.F.);
#11698 = CYLINDRICAL_SURFACE('',#11699,0.29);
#11699 = AXIS2_PLACEMENT_3D('',#11700,#11701,#11702);
#11700 = CARTESIAN_POINT('',(6.16,-0.35,1.21));
#11701 = DIRECTION('',(0.,1.,3.330669073875E-16));
#11702 = DIRECTION('',(1.,0.,-0.));
#11703 = ADVANCED_FACE('',(#11704),#11715,.F.);
#11704 = FACE_BOUND('',#11705,.F.);
#11705 = EDGE_LOOP('',(#11706,#11707,#11708,#11709));
#11706 = ORIENTED_EDGE('',*,*,#10638,.T.);
#11707 = ORIENTED_EDGE('',*,*,#11681,.T.);
#11708 = ORIENTED_EDGE('',*,*,#10488,.F.);
#11709 = ORIENTED_EDGE('',*,*,#11710,.F.);
#11710 = EDGE_CURVE('',#10639,#10489,#11711,.T.);
#11711 = LINE('',#11712,#11713);
#11712 = CARTESIAN_POINT('',(6.45,-0.35,-2.542562962528));
#11713 = VECTOR('',#11714,1.);
#11714 = DIRECTION('',(0.,1.,3.330669073875E-16));
#11715 = CYLINDRICAL_SURFACE('',#11716,0.29);
#11716 = AXIS2_PLACEMENT_3D('',#11717,#11718,#11719);
#11717 = CARTESIAN_POINT('',(6.74,-0.35,-2.542562962528));
#11718 = DIRECTION('',(0.,1.,3.330669073875E-16));
#11719 = DIRECTION('',(-1.,0.,0.));
#11720 = ADVANCED_FACE('',(#11721),#11732,.T.);
#11721 = FACE_BOUND('',#11722,.T.);
#11722 = EDGE_LOOP('',(#11723,#11724,#11730,#11731));
#11723 = ORIENTED_EDGE('',*,*,#10647,.F.);
#11724 = ORIENTED_EDGE('',*,*,#11725,.T.);
#11725 = EDGE_CURVE('',#10648,#10498,#11726,.T.);
#11726 = LINE('',#11727,#11728);
#11727 = CARTESIAN_POINT('',(6.45,-0.35,-3.5));
#11728 = VECTOR('',#11729,1.);
#11729 = DIRECTION('',(0.,1.,3.330669073875E-16));
#11730 = ORIENTED_EDGE('',*,*,#10497,.T.);
#11731 = ORIENTED_EDGE('',*,*,#11710,.F.);
#11732 = PLANE('',#11733);
#11733 = AXIS2_PLACEMENT_3D('',#11734,#11735,#11736);
#11734 = CARTESIAN_POINT('',(6.45,-0.35,-3.5));
#11735 = DIRECTION('',(1.,0.,0.));
#11736 = DIRECTION('',(0.,-5.551115123126E-16,1.));
#11737 = ADVANCED_FACE('',(#11738),#11749,.T.);
#11738 = FACE_BOUND('',#11739,.T.);
#11739 = EDGE_LOOP('',(#11740,#11746,#11747,#11748));
#11740 = ORIENTED_EDGE('',*,*,#11741,.T.);
#11741 = EDGE_CURVE('',#10656,#10506,#11742,.T.);
#11742 = LINE('',#11743,#11744);
#11743 = CARTESIAN_POINT('',(6.15,-0.35,-3.5));
#11744 = VECTOR('',#11745,1.);
#11745 = DIRECTION('',(0.,1.,3.330669073875E-16));
#11746 = ORIENTED_EDGE('',*,*,#10505,.T.);
#11747 = ORIENTED_EDGE('',*,*,#11725,.F.);
#11748 = ORIENTED_EDGE('',*,*,#10655,.F.);
#11749 = PLANE('',#11750);
#11750 = AXIS2_PLACEMENT_3D('',#11751,#11752,#11753);
#11751 = CARTESIAN_POINT('',(6.15,-0.35,-3.5));
#11752 = DIRECTION('',(0.,3.330669073875E-16,-1.));
#11753 = DIRECTION('',(1.,0.,0.));
#11754 = ADVANCED_FACE('',(#11755),#11766,.T.);
#11755 = FACE_BOUND('',#11756,.T.);
#11756 = EDGE_LOOP('',(#11757,#11758,#11764,#11765));
#11757 = ORIENTED_EDGE('',*,*,#10663,.F.);
#11758 = ORIENTED_EDGE('',*,*,#11759,.T.);
#11759 = EDGE_CURVE('',#10664,#10514,#11760,.T.);
#11760 = LINE('',#11761,#11762);
#11761 = CARTESIAN_POINT('',(6.15,-0.35,-2.542562962528));
#11762 = VECTOR('',#11763,1.);
#11763 = DIRECTION('',(0.,1.,3.330669073875E-16));
#11764 = ORIENTED_EDGE('',*,*,#10513,.T.);
#11765 = ORIENTED_EDGE('',*,*,#11741,.F.);
#11766 = PLANE('',#11767);
#11767 = AXIS2_PLACEMENT_3D('',#11768,#11769,#11770);
#11768 = CARTESIAN_POINT('',(6.15,-0.35,-2.5));
#11769 = DIRECTION('',(-1.,0.,-0.));
#11770 = DIRECTION('',(0.,5.551115123126E-16,-1.));
#11771 = ADVANCED_FACE('',(#11772),#11783,.T.);
#11772 = FACE_BOUND('',#11773,.T.);
#11773 = EDGE_LOOP('',(#11774,#11775,#11776,#11782));
#11774 = ORIENTED_EDGE('',*,*,#10841,.T.);
#11775 = ORIENTED_EDGE('',*,*,#10555,.T.);
#11776 = ORIENTED_EDGE('',*,*,#11777,.F.);
#11777 = EDGE_CURVE('',#10698,#10548,#11778,.T.);
#11778 = LINE('',#11779,#11780);
#11779 = CARTESIAN_POINT('',(6.162230377286,-0.35,-0.540767924286));
#11780 = VECTOR('',#11781,1.);
#11781 = DIRECTION('',(0.,1.,3.330669073875E-16));
#11782 = ORIENTED_EDGE('',*,*,#10705,.F.);
#11783 = CYLINDRICAL_SURFACE('',#11784,0.29);
#11784 = AXIS2_PLACEMENT_3D('',#11785,#11786,#11787);
#11785 = CARTESIAN_POINT('',(6.44,-0.35,-0.457437037472));
#11786 = DIRECTION('',(0.,1.,3.330669073875E-16));
#11787 = DIRECTION('',(-1.,0.,0.));
#11788 = ADVANCED_FACE('',(#11789),#11800,.T.);
#11789 = FACE_BOUND('',#11790,.T.);
#11790 = EDGE_LOOP('',(#11791,#11797,#11798,#11799));
#11791 = ORIENTED_EDGE('',*,*,#11792,.T.);
#11792 = EDGE_CURVE('',#10672,#10522,#11793,.T.);
#11793 = LINE('',#11794,#11795);
#11794 = CARTESIAN_POINT('',(6.162230377286,-0.35,-2.459232075714));
#11795 = VECTOR('',#11796,1.);
#11796 = DIRECTION('',(0.,1.,3.330669073875E-16));
#11797 = ORIENTED_EDGE('',*,*,#10521,.T.);
#11798 = ORIENTED_EDGE('',*,*,#11759,.F.);
#11799 = ORIENTED_EDGE('',*,*,#10671,.F.);
#11800 = CYLINDRICAL_SURFACE('',#11801,0.29);
#11801 = AXIS2_PLACEMENT_3D('',#11802,#11803,#11804);
#11802 = CARTESIAN_POINT('',(6.44,-0.35,-2.542562962528));
#11803 = DIRECTION('',(0.,1.,3.330669073875E-16));
#11804 = DIRECTION('',(-0.957826285221,-9.570607158983E-17,
    0.287347885566));
#11805 = ADVANCED_FACE('',(#11806),#11817,.F.);
#11806 = FACE_BOUND('',#11807,.F.);
#11807 = EDGE_LOOP('',(#11808,#11809,#11815,#11816));
#11808 = ORIENTED_EDGE('',*,*,#10697,.F.);
#11809 = ORIENTED_EDGE('',*,*,#11810,.T.);
#11810 = EDGE_CURVE('',#10689,#10539,#11811,.T.);
#11811 = LINE('',#11812,#11813);
#11812 = CARTESIAN_POINT('',(6.425000733956,-0.35,-1.416669113186));
#11813 = VECTOR('',#11814,1.);
#11814 = DIRECTION('',(0.,1.,3.330669073875E-16));
#11815 = ORIENTED_EDGE('',*,*,#10547,.T.);
#11816 = ORIENTED_EDGE('',*,*,#11777,.F.);
#11817 = PLANE('',#11818);
#11818 = AXIS2_PLACEMENT_3D('',#11819,#11820,#11821);
#11819 = CARTESIAN_POINT('',(6.45,-0.35,-1.5));
#11820 = DIRECTION('',(0.957826285221,-9.570607158995E-17,0.287347885566
    ));
#11821 = DIRECTION('',(-0.287347885566,-5.31700397722E-16,0.957826285221
    ));
#11822 = ADVANCED_FACE('',(#11823),#11834,.F.);
#11823 = FACE_BOUND('',#11824,.F.);
#11824 = EDGE_LOOP('',(#11825,#11826,#11827,#11828));
#11825 = ORIENTED_EDGE('',*,*,#10680,.F.);
#11826 = ORIENTED_EDGE('',*,*,#11792,.T.);
#11827 = ORIENTED_EDGE('',*,*,#10530,.T.);
#11828 = ORIENTED_EDGE('',*,*,#11829,.F.);
#11829 = EDGE_CURVE('',#10681,#10531,#11830,.T.);
#11830 = LINE('',#11831,#11832);
#11831 = CARTESIAN_POINT('',(6.425000733956,-0.35,-1.583330886814));
#11832 = VECTOR('',#11833,1.);
#11833 = DIRECTION('',(0.,1.,3.330669073875E-16));
#11834 = PLANE('',#11835);
#11835 = AXIS2_PLACEMENT_3D('',#11836,#11837,#11838);
#11836 = CARTESIAN_POINT('',(6.15,-0.35,-2.5));
#11837 = DIRECTION('',(0.957826285221,9.570607158995E-17,-0.287347885566
    ));
#11838 = DIRECTION('',(0.287347885566,-5.31700397722E-16,0.957826285221)
  );
#11839 = ADVANCED_FACE('',(#11840),#11846,.F.);
#11840 = FACE_BOUND('',#11841,.F.);
#11841 = EDGE_LOOP('',(#11842,#11843,#11844,#11845));
#11842 = ORIENTED_EDGE('',*,*,#10688,.T.);
#11843 = ORIENTED_EDGE('',*,*,#11829,.T.);
#11844 = ORIENTED_EDGE('',*,*,#10538,.F.);
#11845 = ORIENTED_EDGE('',*,*,#11810,.F.);
#11846 = CYLINDRICAL_SURFACE('',#11847,0.29);
#11847 = AXIS2_PLACEMENT_3D('',#11848,#11849,#11850);
#11848 = CARTESIAN_POINT('',(6.147231111242,-0.35,-1.5));
#11849 = DIRECTION('',(0.,1.,3.330669073875E-16));
#11850 = DIRECTION('',(0.957826285221,-9.570607158983E-17,0.287347885566
    ));
#11851 = ( GEOMETRIC_REPRESENTATION_CONTEXT(3) 
GLOBAL_UNCERTAINTY_ASSIGNED_CONTEXT((#11855)) 
GLOBAL_UNIT_ASSIGNED_CONTEXT((#11852,#11853,#11854)) 
REPRESENTATION_CONTEXT('Context #1',
  '3D Context with UNIT and UNCERTAINTY') );
#11852 = ( LENGTH_UNIT() NAMED_UNIT(*) SI_UNIT(.MILLI.,.METRE.) );
#11853 = ( NAMED_UNIT(*) PLANE_ANGLE_UNIT() SI_UNIT($,.RADIAN.) );
#11854 = ( NAMED_UNIT(*) SI_UNIT($,.STERADIAN.) SOLID_ANGLE_UNIT() );
#11855 = UNCERTAINTY_MEASURE_WITH_UNIT(LENGTH_MEASURE(1.E-07),#11852,
  'distance_accuracy_value','confusion accuracy');
#11856 = CONTEXT_DEPENDENT_SHAPE_REPRESENTATION(#11857,#11859);
#11857 = ( REPRESENTATION_RELATIONSHIP('','',#8621,#10) 
REPRESENTATION_RELATIONSHIP_WITH_TRANSFORMATION(#11858) 
SHAPE_REPRESENTATION_RELATIONSHIP() );
#11858 = ITEM_DEFINED_TRANSFORMATION('','',#11,#27);
#11859 = PRODUCT_DEFINITION_SHAPE('Placement','Placement of an item',
  #11860);
#11860 = NEXT_ASSEMBLY_USAGE_OCCURRENCE('4','SW4','',#5,#8616,$);
#11861 = PRODUCT_RELATED_PRODUCT_CATEGORY('part',$,(#8618));
#11862 = CONTEXT_DEPENDENT_SHAPE_REPRESENTATION(#11863,#11865);
#11863 = ( REPRESENTATION_RELATIONSHIP('','',#425,#10) 
REPRESENTATION_RELATIONSHIP_WITH_TRANSFORMATION(#11864) 
SHAPE_REPRESENTATION_RELATIONSHIP() );
#11864 = ITEM_DEFINED_TRANSFORMATION('','',#11,#31);
#11865 = PRODUCT_DEFINITION_SHAPE('Placement','Placement of an item',
  #11866);
#11866 = NEXT_ASSEMBLY_USAGE_OCCURRENCE('5','J2','',#5,#420,$);
#11867 = CONTEXT_DEPENDENT_SHAPE_REPRESENTATION(#11868,#11870);
#11868 = ( REPRESENTATION_RELATIONSHIP('','',#8621,#10) 
REPRESENTATION_RELATIONSHIP_WITH_TRANSFORMATION(#11869) 
SHAPE_REPRESENTATION_RELATIONSHIP() );
#11869 = ITEM_DEFINED_TRANSFORMATION('','',#11,#35);
#11870 = PRODUCT_DEFINITION_SHAPE('Placement','Placement of an item',
  #11871);
#11871 = NEXT_ASSEMBLY_USAGE_OCCURRENCE('6','SW5','',#5,#8616,$);
#11872 = SHAPE_DEFINITION_REPRESENTATION(#11873,#11879);
#11873 = PRODUCT_DEFINITION_SHAPE('','',#11874);
#11874 = PRODUCT_DEFINITION('design','',#11875,#11878);
#11875 = PRODUCT_DEFINITION_FORMATION('','',#11876);
#11876 = PRODUCT('Trackpoint2040_PCB','Trackpoint2040_PCB','',(#11877));
#11877 = PRODUCT_CONTEXT('',#2,'mechanical');
#11878 = PRODUCT_DEFINITION_CONTEXT('part definition',#2,'design');
#11879 = ADVANCED_BREP_SHAPE_REPRESENTATION('',(#11,#11880),#15363);
#11880 = MANIFOLD_SOLID_BREP('',#11881);
#11881 = CLOSED_SHELL('',(#11882,#11922,#11953,#11984,#12911,#13838,
    #13855,#13872,#13889,#13906,#13918,#13935,#13952,#13969,#13986,
    #14003,#14020,#14042,#14059,#14076,#14093,#14110,#14127,#14144,
    #14161,#14173,#14190,#14207,#14224,#14241,#14258,#14275,#14292,
    #14309,#14326,#14343,#14360,#14377,#14394,#14411,#14428,#14445,
    #14462,#14479,#14496,#14513,#14530,#14547,#14564,#14581,#14598,
    #14615,#14632,#14649,#14666,#14683,#14700,#14717,#14734,#14751,
    #14768,#14785,#14802,#14819,#14836,#14853,#14870,#14887,#14904,
    #14921,#14943,#14960,#14977,#14989,#15011,#15028,#15045,#15057,
    #15074,#15091,#15113,#15130,#15147,#15159,#15181,#15198,#15215,
    #15227,#15244,#15261,#15278,#15295,#15312,#15329,#15346));
#11882 = ADVANCED_FACE('',(#11883),#11917,.T.);
#11883 = FACE_BOUND('',#11884,.T.);
#11884 = EDGE_LOOP('',(#11885,#11895,#11903,#11911));
#11885 = ORIENTED_EDGE('',*,*,#11886,.T.);
#11886 = EDGE_CURVE('',#11887,#11889,#11891,.T.);
#11887 = VERTEX_POINT('',#11888);
#11888 = CARTESIAN_POINT('',(156.,-70.,0.));
#11889 = VERTEX_POINT('',#11890);
#11890 = CARTESIAN_POINT('',(156.,-70.,1.51));
#11891 = LINE('',#11892,#11893);
#11892 = CARTESIAN_POINT('',(156.,-70.,0.));
#11893 = VECTOR('',#11894,1.);
#11894 = DIRECTION('',(0.,0.,1.));
#11895 = ORIENTED_EDGE('',*,*,#11896,.T.);
#11896 = EDGE_CURVE('',#11889,#11897,#11899,.T.);
#11897 = VERTEX_POINT('',#11898);
#11898 = CARTESIAN_POINT('',(168.,-70.,1.51));
#11899 = LINE('',#11900,#11901);
#11900 = CARTESIAN_POINT('',(156.,-70.,1.51));
#11901 = VECTOR('',#11902,1.);
#11902 = DIRECTION('',(1.,0.,0.));
#11903 = ORIENTED_EDGE('',*,*,#11904,.F.);
#11904 = EDGE_CURVE('',#11905,#11897,#11907,.T.);
#11905 = VERTEX_POINT('',#11906);
#11906 = CARTESIAN_POINT('',(168.,-70.,0.));
#11907 = LINE('',#11908,#11909);
#11908 = CARTESIAN_POINT('',(168.,-70.,0.));
#11909 = VECTOR('',#11910,1.);
#11910 = DIRECTION('',(0.,0.,1.));
#11911 = ORIENTED_EDGE('',*,*,#11912,.F.);
#11912 = EDGE_CURVE('',#11887,#11905,#11913,.T.);
#11913 = LINE('',#11914,#11915);
#11914 = CARTESIAN_POINT('',(156.,-70.,0.));
#11915 = VECTOR('',#11916,1.);
#11916 = DIRECTION('',(1.,0.,0.));
#11917 = PLANE('',#11918);
#11918 = AXIS2_PLACEMENT_3D('',#11919,#11920,#11921);
#11919 = CARTESIAN_POINT('',(156.,-70.,0.));
#11920 = DIRECTION('',(0.,1.,0.));
#11921 = DIRECTION('',(1.,0.,0.));
#11922 = ADVANCED_FACE('',(#11923),#11948,.T.);
#11923 = FACE_BOUND('',#11924,.T.);
#11924 = EDGE_LOOP('',(#11925,#11935,#11941,#11942));
#11925 = ORIENTED_EDGE('',*,*,#11926,.T.);
#11926 = EDGE_CURVE('',#11927,#11929,#11931,.T.);
#11927 = VERTEX_POINT('',#11928);
#11928 = CARTESIAN_POINT('',(156.,-55.,0.));
#11929 = VERTEX_POINT('',#11930);
#11930 = CARTESIAN_POINT('',(156.,-55.,1.51));
#11931 = LINE('',#11932,#11933);
#11932 = CARTESIAN_POINT('',(156.,-55.,0.));
#11933 = VECTOR('',#11934,1.);
#11934 = DIRECTION('',(0.,0.,1.));
#11935 = ORIENTED_EDGE('',*,*,#11936,.T.);
#11936 = EDGE_CURVE('',#11929,#11889,#11937,.T.);
#11937 = LINE('',#11938,#11939);
#11938 = CARTESIAN_POINT('',(156.,-55.,1.51));
#11939 = VECTOR('',#11940,1.);
#11940 = DIRECTION('',(0.,-1.,0.));
#11941 = ORIENTED_EDGE('',*,*,#11886,.F.);
#11942 = ORIENTED_EDGE('',*,*,#11943,.F.);
#11943 = EDGE_CURVE('',#11927,#11887,#11944,.T.);
#11944 = LINE('',#11945,#11946);
#11945 = CARTESIAN_POINT('',(156.,-55.,0.));
#11946 = VECTOR('',#11947,1.);
#11947 = DIRECTION('',(0.,-1.,0.));
#11948 = PLANE('',#11949);
#11949 = AXIS2_PLACEMENT_3D('',#11950,#11951,#11952);
#11950 = CARTESIAN_POINT('',(156.,-55.,0.));
#11951 = DIRECTION('',(1.,0.,-0.));
#11952 = DIRECTION('',(0.,-1.,0.));
#11953 = ADVANCED_FACE('',(#11954),#11979,.T.);
#11954 = FACE_BOUND('',#11955,.T.);
#11955 = EDGE_LOOP('',(#11956,#11957,#11965,#11973));
#11956 = ORIENTED_EDGE('',*,*,#11904,.T.);
#11957 = ORIENTED_EDGE('',*,*,#11958,.T.);
#11958 = EDGE_CURVE('',#11897,#11959,#11961,.T.);
#11959 = VERTEX_POINT('',#11960);
#11960 = CARTESIAN_POINT('',(168.,-115.,1.51));
#11961 = LINE('',#11962,#11963);
#11962 = CARTESIAN_POINT('',(168.,-70.,1.51));
#11963 = VECTOR('',#11964,1.);
#11964 = DIRECTION('',(0.,-1.,0.));
#11965 = ORIENTED_EDGE('',*,*,#11966,.F.);
#11966 = EDGE_CURVE('',#11967,#11959,#11969,.T.);
#11967 = VERTEX_POINT('',#11968);
#11968 = CARTESIAN_POINT('',(168.,-115.,0.));
#11969 = LINE('',#11970,#11971);
#11970 = CARTESIAN_POINT('',(168.,-115.,0.));
#11971 = VECTOR('',#11972,1.);
#11972 = DIRECTION('',(0.,0.,1.));
#11973 = ORIENTED_EDGE('',*,*,#11974,.F.);
#11974 = EDGE_CURVE('',#11905,#11967,#11975,.T.);
#11975 = LINE('',#11976,#11977);
#11976 = CARTESIAN_POINT('',(168.,-70.,0.));
#11977 = VECTOR('',#11978,1.);
#11978 = DIRECTION('',(0.,-1.,0.));
#11979 = PLANE('',#11980);
#11980 = AXIS2_PLACEMENT_3D('',#11981,#11982,#11983);
#11981 = CARTESIAN_POINT('',(168.,-70.,0.));
#11982 = DIRECTION('',(1.,0.,-0.));
#11983 = DIRECTION('',(0.,-1.,0.));
#11984 = ADVANCED_FACE('',(#11985,#12028,#12039,#12050,#12061,#12072,
    #12083,#12094,#12168,#12179,#12190,#12201,#12212,#12223,#12234,
    #12245,#12256,#12267,#12278,#12289,#12300,#12311,#12322,#12333,
    #12344,#12355,#12366,#12377,#12388,#12399,#12410,#12421,#12432,
    #12443,#12454,#12465,#12476,#12487,#12498,#12509,#12520,#12531,
    #12542,#12553,#12564,#12575,#12586,#12597,#12608,#12619,#12630,
    #12641,#12652,#12688,#12724,#12735,#12746,#12782,#12818,#12829,
    #12840,#12851,#12862,#12873,#12884,#12895),#12906,.F.);
#11985 = FACE_BOUND('',#11986,.F.);
#11986 = EDGE_LOOP('',(#11987,#11988,#11989,#11997,#12005,#12013,#12021,
    #12027));
#11987 = ORIENTED_EDGE('',*,*,#11912,.F.);
#11988 = ORIENTED_EDGE('',*,*,#11943,.F.);
#11989 = ORIENTED_EDGE('',*,*,#11990,.F.);
#11990 = EDGE_CURVE('',#11991,#11927,#11993,.T.);
#11991 = VERTEX_POINT('',#11992);
#11992 = CARTESIAN_POINT('',(122.,-55.,0.));
#11993 = LINE('',#11994,#11995);
#11994 = CARTESIAN_POINT('',(122.,-55.,0.));
#11995 = VECTOR('',#11996,1.);
#11996 = DIRECTION('',(1.,0.,0.));
#11997 = ORIENTED_EDGE('',*,*,#11998,.F.);
#11998 = EDGE_CURVE('',#11999,#11991,#12001,.T.);
#11999 = VERTEX_POINT('',#12000);
#12000 = CARTESIAN_POINT('',(122.,-140.,0.));
#12001 = LINE('',#12002,#12003);
#12002 = CARTESIAN_POINT('',(122.,-140.,0.));
#12003 = VECTOR('',#12004,1.);
#12004 = DIRECTION('',(0.,1.,0.));
#12005 = ORIENTED_EDGE('',*,*,#12006,.F.);
#12006 = EDGE_CURVE('',#12007,#11999,#12009,.T.);
#12007 = VERTEX_POINT('',#12008);
#12008 = CARTESIAN_POINT('',(186.,-140.,0.));
#12009 = LINE('',#12010,#12011);
#12010 = CARTESIAN_POINT('',(186.,-140.,0.));
#12011 = VECTOR('',#12012,1.);
#12012 = DIRECTION('',(-1.,0.,0.));
#12013 = ORIENTED_EDGE('',*,*,#12014,.F.);
#12014 = EDGE_CURVE('',#12015,#12007,#12017,.T.);
#12015 = VERTEX_POINT('',#12016);
#12016 = CARTESIAN_POINT('',(186.,-115.,0.));
#12017 = LINE('',#12018,#12019);
#12018 = CARTESIAN_POINT('',(186.,-115.,0.));
#12019 = VECTOR('',#12020,1.);
#12020 = DIRECTION('',(0.,-1.,0.));
#12021 = ORIENTED_EDGE('',*,*,#12022,.F.);
#12022 = EDGE_CURVE('',#11967,#12015,#12023,.T.);
#12023 = LINE('',#12024,#12025);
#12024 = CARTESIAN_POINT('',(168.,-115.,0.));
#12025 = VECTOR('',#12026,1.);
#12026 = DIRECTION('',(1.,0.,0.));
#12027 = ORIENTED_EDGE('',*,*,#11974,.F.);
#12028 = FACE_BOUND('',#12029,.F.);
#12029 = EDGE_LOOP('',(#12030));
#12030 = ORIENTED_EDGE('',*,*,#12031,.T.);
#12031 = EDGE_CURVE('',#12032,#12032,#12034,.T.);
#12032 = VERTEX_POINT('',#12033);
#12033 = CARTESIAN_POINT('',(125.5,-138.1,0.));
#12034 = CIRCLE('',#12035,1.6);
#12035 = AXIS2_PLACEMENT_3D('',#12036,#12037,#12038);
#12036 = CARTESIAN_POINT('',(125.5,-136.5,0.));
#12037 = DIRECTION('',(-0.,0.,-1.));
#12038 = DIRECTION('',(-0.,-1.,0.));
#12039 = FACE_BOUND('',#12040,.F.);
#12040 = EDGE_LOOP('',(#12041));
#12041 = ORIENTED_EDGE('',*,*,#12042,.T.);
#12042 = EDGE_CURVE('',#12043,#12043,#12045,.T.);
#12043 = VERTEX_POINT('',#12044);
#12044 = CARTESIAN_POINT('',(134.6,-130.25,0.));
#12045 = CIRCLE('',#12046,1.5);
#12046 = AXIS2_PLACEMENT_3D('',#12047,#12048,#12049);
#12047 = CARTESIAN_POINT('',(134.6,-128.75,0.));
#12048 = DIRECTION('',(-0.,0.,-1.));
#12049 = DIRECTION('',(-0.,-1.,0.));
#12050 = FACE_BOUND('',#12051,.F.);
#12051 = EDGE_LOOP('',(#12052));
#12052 = ORIENTED_EDGE('',*,*,#12053,.T.);
#12053 = EDGE_CURVE('',#12054,#12054,#12056,.T.);
#12054 = VERTEX_POINT('',#12055);
#12055 = CARTESIAN_POINT('',(127.6,-129.2,0.));
#12056 = CIRCLE('',#12057,1.5);
#12057 = AXIS2_PLACEMENT_3D('',#12058,#12059,#12060);
#12058 = CARTESIAN_POINT('',(127.6,-127.7,0.));
#12059 = DIRECTION('',(-0.,0.,-1.));
#12060 = DIRECTION('',(-0.,-1.,0.));
#12061 = FACE_BOUND('',#12062,.F.);
#12062 = EDGE_LOOP('',(#12063));
#12063 = ORIENTED_EDGE('',*,*,#12064,.T.);
#12064 = EDGE_CURVE('',#12065,#12065,#12067,.T.);
#12065 = VERTEX_POINT('',#12066);
#12066 = CARTESIAN_POINT('',(132.,-125.625,0.));
#12067 = CIRCLE('',#12068,2.625);
#12068 = AXIS2_PLACEMENT_3D('',#12069,#12070,#12071);
#12069 = CARTESIAN_POINT('',(132.,-123.,0.));
#12070 = DIRECTION('',(-0.,0.,-1.));
#12071 = DIRECTION('',(-0.,-1.,0.));
#12072 = FACE_BOUND('',#12073,.F.);
#12073 = EDGE_LOOP('',(#12074));
#12074 = ORIENTED_EDGE('',*,*,#12075,.T.);
#12075 = EDGE_CURVE('',#12076,#12076,#12078,.T.);
#12076 = VERTEX_POINT('',#12077);
#12077 = CARTESIAN_POINT('',(147.6,-135.2,0.));
#12078 = CIRCLE('',#12079,1.5);
#12079 = AXIS2_PLACEMENT_3D('',#12080,#12081,#12082);
#12080 = CARTESIAN_POINT('',(147.6,-133.7,0.));
#12081 = DIRECTION('',(-0.,0.,-1.));
#12082 = DIRECTION('',(-0.,-1.,0.));
#12083 = FACE_BOUND('',#12084,.F.);
#12084 = EDGE_LOOP('',(#12085));
#12085 = ORIENTED_EDGE('',*,*,#12086,.T.);
#12086 = EDGE_CURVE('',#12087,#12087,#12089,.T.);
#12087 = VERTEX_POINT('',#12088);
#12088 = CARTESIAN_POINT('',(152.,-131.625,0.));
#12089 = CIRCLE('',#12090,2.625);
#12090 = AXIS2_PLACEMENT_3D('',#12091,#12092,#12093);
#12091 = CARTESIAN_POINT('',(152.,-129.,0.));
#12092 = DIRECTION('',(-0.,0.,-1.));
#12093 = DIRECTION('',(-0.,-1.,0.));
#12094 = FACE_BOUND('',#12095,.F.);
#12095 = EDGE_LOOP('',(#12096,#12106,#12114,#12122,#12130,#12138,#12146,
    #12154,#12162));
#12096 = ORIENTED_EDGE('',*,*,#12097,.F.);
#12097 = EDGE_CURVE('',#12098,#12100,#12102,.T.);
#12098 = VERTEX_POINT('',#12099);
#12099 = CARTESIAN_POINT('',(128.3,-91.7,0.));
#12100 = VERTEX_POINT('',#12101);
#12101 = CARTESIAN_POINT('',(126.5,-91.7,0.));
#12102 = LINE('',#12103,#12104);
#12103 = CARTESIAN_POINT('',(128.3,-91.7,0.));
#12104 = VECTOR('',#12105,1.);
#12105 = DIRECTION('',(-1.,0.,0.));
#12106 = ORIENTED_EDGE('',*,*,#12107,.F.);
#12107 = EDGE_CURVE('',#12108,#12098,#12110,.T.);
#12108 = VERTEX_POINT('',#12109);
#12109 = CARTESIAN_POINT('',(128.3591,-91.702882,0.));
#12110 = LINE('',#12111,#12112);
#12111 = CARTESIAN_POINT('',(128.3591,-91.702882,0.));
#12112 = VECTOR('',#12113,1.);
#12113 = DIRECTION('',(-0.998813113275,4.870692711437E-02,0.));
#12114 = ORIENTED_EDGE('',*,*,#12115,.F.);
#12115 = EDGE_CURVE('',#12116,#12108,#12118,.T.);
#12116 = VERTEX_POINT('',#12117);
#12117 = CARTESIAN_POINT('',(128.6,-92.,0.));
#12118 = LINE('',#12119,#12120);
#12119 = CARTESIAN_POINT('',(128.6,-92.,0.));
#12120 = VECTOR('',#12121,1.);
#12121 = DIRECTION('',(-0.629791726883,0.77676404445,0.));
#12122 = ORIENTED_EDGE('',*,*,#12123,.F.);
#12123 = EDGE_CURVE('',#12124,#12116,#12126,.T.);
#12124 = VERTEX_POINT('',#12125);
#12125 = CARTESIAN_POINT('',(128.6,-105.6,0.));
#12126 = LINE('',#12127,#12128);
#12127 = CARTESIAN_POINT('',(128.6,-105.6,0.));
#12128 = VECTOR('',#12129,1.);
#12129 = DIRECTION('',(0.,1.,0.));
#12130 = ORIENTED_EDGE('',*,*,#12131,.F.);
#12131 = EDGE_CURVE('',#12132,#12124,#12134,.T.);
#12132 = VERTEX_POINT('',#12133);
#12133 = CARTESIAN_POINT('',(128.3,-105.9,0.));
#12134 = LINE('',#12135,#12136);
#12135 = CARTESIAN_POINT('',(128.3,-105.9,0.));
#12136 = VECTOR('',#12137,1.);
#12137 = DIRECTION('',(0.707106781187,0.707106781187,0.));
#12138 = ORIENTED_EDGE('',*,*,#12139,.F.);
#12139 = EDGE_CURVE('',#12140,#12132,#12142,.T.);
#12140 = VERTEX_POINT('',#12141);
#12141 = CARTESIAN_POINT('',(126.5,-105.9,0.));
#12142 = LINE('',#12143,#12144);
#12143 = CARTESIAN_POINT('',(126.5,-105.9,0.));
#12144 = VECTOR('',#12145,1.);
#12145 = DIRECTION('',(1.,0.,0.));
#12146 = ORIENTED_EDGE('',*,*,#12147,.F.);
#12147 = EDGE_CURVE('',#12148,#12140,#12150,.T.);
#12148 = VERTEX_POINT('',#12149);
#12149 = CARTESIAN_POINT('',(126.2,-105.6,0.));
#12150 = LINE('',#12151,#12152);
#12151 = CARTESIAN_POINT('',(126.2,-105.6,0.));
#12152 = VECTOR('',#12153,1.);
#12153 = DIRECTION('',(0.707106781187,-0.707106781187,0.));
#12154 = ORIENTED_EDGE('',*,*,#12155,.F.);
#12155 = EDGE_CURVE('',#12156,#12148,#12158,.T.);
#12156 = VERTEX_POINT('',#12157);
#12157 = CARTESIAN_POINT('',(126.2,-92.,0.));
#12158 = LINE('',#12159,#12160);
#12159 = CARTESIAN_POINT('',(126.2,-92.,0.));
#12160 = VECTOR('',#12161,1.);
#12161 = DIRECTION('',(0.,-1.,0.));
#12162 = ORIENTED_EDGE('',*,*,#12163,.F.);
#12163 = EDGE_CURVE('',#12100,#12156,#12164,.T.);
#12164 = LINE('',#12165,#12166);
#12165 = CARTESIAN_POINT('',(126.5,-91.7,0.));
#12166 = VECTOR('',#12167,1.);
#12167 = DIRECTION('',(-0.707106781187,-0.707106781187,0.));
#12168 = FACE_BOUND('',#12169,.F.);
#12169 = EDGE_LOOP('',(#12170));
#12170 = ORIENTED_EDGE('',*,*,#12171,.T.);
#12171 = EDGE_CURVE('',#12172,#12172,#12174,.T.);
#12172 = VERTEX_POINT('',#12173);
#12173 = CARTESIAN_POINT('',(148.,-114.44,0.));
#12174 = CIRCLE('',#12175,0.5);
#12175 = AXIS2_PLACEMENT_3D('',#12176,#12177,#12178);
#12176 = CARTESIAN_POINT('',(148.,-113.94,0.));
#12177 = DIRECTION('',(-0.,0.,-1.));
#12178 = DIRECTION('',(-0.,-1.,0.));
#12179 = FACE_BOUND('',#12180,.F.);
#12180 = EDGE_LOOP('',(#12181));
#12181 = ORIENTED_EDGE('',*,*,#12182,.T.);
#12182 = EDGE_CURVE('',#12183,#12183,#12185,.T.);
#12183 = VERTEX_POINT('',#12184);
#12184 = CARTESIAN_POINT('',(152.19,-118.21,0.));
#12185 = CIRCLE('',#12186,0.4);
#12186 = AXIS2_PLACEMENT_3D('',#12187,#12188,#12189);
#12187 = CARTESIAN_POINT('',(152.19,-117.81,0.));
#12188 = DIRECTION('',(-0.,0.,-1.));
#12189 = DIRECTION('',(-0.,-1.,0.));
#12190 = FACE_BOUND('',#12191,.F.);
#12191 = EDGE_LOOP('',(#12192));
#12192 = ORIENTED_EDGE('',*,*,#12193,.T.);
#12193 = EDGE_CURVE('',#12194,#12194,#12196,.T.);
#12194 = VERTEX_POINT('',#12195);
#12195 = CARTESIAN_POINT('',(148.,-111.9,0.));
#12196 = CIRCLE('',#12197,0.5);
#12197 = AXIS2_PLACEMENT_3D('',#12198,#12199,#12200);
#12198 = CARTESIAN_POINT('',(148.,-111.4,0.));
#12199 = DIRECTION('',(-0.,0.,-1.));
#12200 = DIRECTION('',(-0.,-1.,0.));
#12201 = FACE_BOUND('',#12202,.F.);
#12202 = EDGE_LOOP('',(#12203));
#12203 = ORIENTED_EDGE('',*,*,#12204,.T.);
#12204 = EDGE_CURVE('',#12205,#12205,#12207,.T.);
#12205 = VERTEX_POINT('',#12206);
#12206 = CARTESIAN_POINT('',(148.,-109.36,0.));
#12207 = CIRCLE('',#12208,0.5);
#12208 = AXIS2_PLACEMENT_3D('',#12209,#12210,#12211);
#12209 = CARTESIAN_POINT('',(148.,-108.86,0.));
#12210 = DIRECTION('',(-0.,0.,-1.));
#12211 = DIRECTION('',(-0.,-1.,0.));
#12212 = FACE_BOUND('',#12213,.F.);
#12213 = EDGE_LOOP('',(#12214));
#12214 = ORIENTED_EDGE('',*,*,#12215,.T.);
#12215 = EDGE_CURVE('',#12216,#12216,#12218,.T.);
#12216 = VERTEX_POINT('',#12217);
#12217 = CARTESIAN_POINT('',(141.,-105.95,0.));
#12218 = CIRCLE('',#12219,0.45);
#12219 = AXIS2_PLACEMENT_3D('',#12220,#12221,#12222);
#12220 = CARTESIAN_POINT('',(141.,-105.5,0.));
#12221 = DIRECTION('',(-0.,0.,-1.));
#12222 = DIRECTION('',(-0.,-1.,0.));
#12223 = FACE_BOUND('',#12224,.F.);
#12224 = EDGE_LOOP('',(#12225));
#12225 = ORIENTED_EDGE('',*,*,#12226,.T.);
#12226 = EDGE_CURVE('',#12227,#12227,#12229,.T.);
#12227 = VERTEX_POINT('',#12228);
#12228 = CARTESIAN_POINT('',(142.85,-105.95,0.));
#12229 = CIRCLE('',#12230,0.45);
#12230 = AXIS2_PLACEMENT_3D('',#12231,#12232,#12233);
#12231 = CARTESIAN_POINT('',(142.85,-105.5,0.));
#12232 = DIRECTION('',(-0.,0.,-1.));
#12233 = DIRECTION('',(-6.315935428979E-14,-1.,0.));
#12234 = FACE_BOUND('',#12235,.F.);
#12235 = EDGE_LOOP('',(#12236));
#12236 = ORIENTED_EDGE('',*,*,#12237,.T.);
#12237 = EDGE_CURVE('',#12238,#12238,#12240,.T.);
#12238 = VERTEX_POINT('',#12239);
#12239 = CARTESIAN_POINT('',(141.625,-103.56,0.));
#12240 = CIRCLE('',#12241,0.45);
#12241 = AXIS2_PLACEMENT_3D('',#12242,#12243,#12244);
#12242 = CARTESIAN_POINT('',(141.625,-103.11,0.));
#12243 = DIRECTION('',(-0.,0.,-1.));
#12244 = DIRECTION('',(-0.,-1.,0.));
#12245 = FACE_BOUND('',#12246,.F.);
#12246 = EDGE_LOOP('',(#12247));
#12247 = ORIENTED_EDGE('',*,*,#12248,.T.);
#12248 = EDGE_CURVE('',#12249,#12249,#12251,.T.);
#12249 = VERTEX_POINT('',#12250);
#12250 = CARTESIAN_POINT('',(141.625,-101.02,0.));
#12251 = CIRCLE('',#12252,0.45);
#12252 = AXIS2_PLACEMENT_3D('',#12253,#12254,#12255);
#12253 = CARTESIAN_POINT('',(141.625,-100.57,0.));
#12254 = DIRECTION('',(-0.,0.,-1.));
#12255 = DIRECTION('',(-0.,-1.,0.));
#12256 = FACE_BOUND('',#12257,.F.);
#12257 = EDGE_LOOP('',(#12258));
#12258 = ORIENTED_EDGE('',*,*,#12259,.T.);
#12259 = EDGE_CURVE('',#12260,#12260,#12262,.T.);
#12260 = VERTEX_POINT('',#12261);
#12261 = CARTESIAN_POINT('',(141.625,-98.48,0.));
#12262 = CIRCLE('',#12263,0.45);
#12263 = AXIS2_PLACEMENT_3D('',#12264,#12265,#12266);
#12264 = CARTESIAN_POINT('',(141.625,-98.03,0.));
#12265 = DIRECTION('',(-0.,0.,-1.));
#12266 = DIRECTION('',(-0.,-1.,0.));
#12267 = FACE_BOUND('',#12268,.F.);
#12268 = EDGE_LOOP('',(#12269));
#12269 = ORIENTED_EDGE('',*,*,#12270,.T.);
#12270 = EDGE_CURVE('',#12271,#12271,#12273,.T.);
#12271 = VERTEX_POINT('',#12272);
#12272 = CARTESIAN_POINT('',(148.,-106.82,0.));
#12273 = CIRCLE('',#12274,0.5);
#12274 = AXIS2_PLACEMENT_3D('',#12275,#12276,#12277);
#12275 = CARTESIAN_POINT('',(148.,-106.32,0.));
#12276 = DIRECTION('',(-0.,0.,-1.));
#12277 = DIRECTION('',(-0.,-1.,0.));
#12278 = FACE_BOUND('',#12279,.F.);
#12279 = EDGE_LOOP('',(#12280));
#12280 = ORIENTED_EDGE('',*,*,#12281,.T.);
#12281 = EDGE_CURVE('',#12282,#12282,#12284,.T.);
#12282 = VERTEX_POINT('',#12283);
#12283 = CARTESIAN_POINT('',(148.,-104.28,0.));
#12284 = CIRCLE('',#12285,0.5);
#12285 = AXIS2_PLACEMENT_3D('',#12286,#12287,#12288);
#12286 = CARTESIAN_POINT('',(148.,-103.78,0.));
#12287 = DIRECTION('',(-0.,0.,-1.));
#12288 = DIRECTION('',(-0.,-1.,0.));
#12289 = FACE_BOUND('',#12290,.F.);
#12290 = EDGE_LOOP('',(#12291));
#12291 = ORIENTED_EDGE('',*,*,#12292,.T.);
#12292 = EDGE_CURVE('',#12293,#12293,#12295,.T.);
#12293 = VERTEX_POINT('',#12294);
#12294 = CARTESIAN_POINT('',(148.,-101.74,0.));
#12295 = CIRCLE('',#12296,0.5);
#12296 = AXIS2_PLACEMENT_3D('',#12297,#12298,#12299);
#12297 = CARTESIAN_POINT('',(148.,-101.24,0.));
#12298 = DIRECTION('',(-0.,0.,-1.));
#12299 = DIRECTION('',(-0.,-1.,0.));
#12300 = FACE_BOUND('',#12301,.F.);
#12301 = EDGE_LOOP('',(#12302));
#12302 = ORIENTED_EDGE('',*,*,#12303,.T.);
#12303 = EDGE_CURVE('',#12304,#12304,#12306,.T.);
#12304 = VERTEX_POINT('',#12305);
#12305 = CARTESIAN_POINT('',(148.,-99.2,0.));
#12306 = CIRCLE('',#12307,0.5);
#12307 = AXIS2_PLACEMENT_3D('',#12308,#12309,#12310);
#12308 = CARTESIAN_POINT('',(148.,-98.7,0.));
#12309 = DIRECTION('',(-0.,0.,-1.));
#12310 = DIRECTION('',(-0.,-1.,0.));
#12311 = FACE_BOUND('',#12312,.F.);
#12312 = EDGE_LOOP('',(#12313));
#12313 = ORIENTED_EDGE('',*,*,#12314,.T.);
#12314 = EDGE_CURVE('',#12315,#12315,#12317,.T.);
#12315 = VERTEX_POINT('',#12316);
#12316 = CARTESIAN_POINT('',(154.6,-136.25,0.));
#12317 = CIRCLE('',#12318,1.5);
#12318 = AXIS2_PLACEMENT_3D('',#12319,#12320,#12321);
#12319 = CARTESIAN_POINT('',(154.6,-134.75,0.));
#12320 = DIRECTION('',(-0.,0.,-1.));
#12321 = DIRECTION('',(-0.,-1.,0.));
#12322 = FACE_BOUND('',#12323,.F.);
#12323 = EDGE_LOOP('',(#12324));
#12324 = ORIENTED_EDGE('',*,*,#12325,.T.);
#12325 = EDGE_CURVE('',#12326,#12326,#12328,.T.);
#12326 = VERTEX_POINT('',#12327);
#12327 = CARTESIAN_POINT('',(167.6,-135.2,0.));
#12328 = CIRCLE('',#12329,1.5);
#12329 = AXIS2_PLACEMENT_3D('',#12330,#12331,#12332);
#12330 = CARTESIAN_POINT('',(167.6,-133.7,0.));
#12331 = DIRECTION('',(-0.,0.,-1.));
#12332 = DIRECTION('',(-0.,-1.,0.));
#12333 = FACE_BOUND('',#12334,.F.);
#12334 = EDGE_LOOP('',(#12335));
#12335 = ORIENTED_EDGE('',*,*,#12336,.T.);
#12336 = EDGE_CURVE('',#12337,#12337,#12339,.T.);
#12337 = VERTEX_POINT('',#12338);
#12338 = CARTESIAN_POINT('',(174.6,-136.25,0.));
#12339 = CIRCLE('',#12340,1.5);
#12340 = AXIS2_PLACEMENT_3D('',#12341,#12342,#12343);
#12341 = CARTESIAN_POINT('',(174.6,-134.75,0.));
#12342 = DIRECTION('',(-0.,0.,-1.));
#12343 = DIRECTION('',(-0.,-1.,0.));
#12344 = FACE_BOUND('',#12345,.F.);
#12345 = EDGE_LOOP('',(#12346));
#12346 = ORIENTED_EDGE('',*,*,#12347,.T.);
#12347 = EDGE_CURVE('',#12348,#12348,#12350,.T.);
#12348 = VERTEX_POINT('',#12349);
#12349 = CARTESIAN_POINT('',(172.,-131.625,0.));
#12350 = CIRCLE('',#12351,2.625);
#12351 = AXIS2_PLACEMENT_3D('',#12352,#12353,#12354);
#12352 = CARTESIAN_POINT('',(172.,-129.,0.));
#12353 = DIRECTION('',(-0.,0.,-1.));
#12354 = DIRECTION('',(-0.,-1.,0.));
#12355 = FACE_BOUND('',#12356,.F.);
#12356 = EDGE_LOOP('',(#12357));
#12357 = ORIENTED_EDGE('',*,*,#12358,.T.);
#12358 = EDGE_CURVE('',#12359,#12359,#12361,.T.);
#12359 = VERTEX_POINT('',#12360);
#12360 = CARTESIAN_POINT('',(183.5,-138.6,0.));
#12361 = CIRCLE('',#12362,1.1);
#12362 = AXIS2_PLACEMENT_3D('',#12363,#12364,#12365);
#12363 = CARTESIAN_POINT('',(183.5,-137.5,0.));
#12364 = DIRECTION('',(-0.,0.,-1.));
#12365 = DIRECTION('',(-0.,-1.,0.));
#12366 = FACE_BOUND('',#12367,.F.);
#12367 = EDGE_LOOP('',(#12368));
#12368 = ORIENTED_EDGE('',*,*,#12369,.T.);
#12369 = EDGE_CURVE('',#12370,#12370,#12372,.T.);
#12370 = VERTEX_POINT('',#12371);
#12371 = CARTESIAN_POINT('',(182.5,-120.1,0.));
#12372 = CIRCLE('',#12373,1.6);
#12373 = AXIS2_PLACEMENT_3D('',#12374,#12375,#12376);
#12374 = CARTESIAN_POINT('',(182.5,-118.5,0.));
#12375 = DIRECTION('',(-0.,0.,-1.));
#12376 = DIRECTION('',(-0.,-1.,0.));
#12377 = FACE_BOUND('',#12378,.F.);
#12378 = EDGE_LOOP('',(#12379));
#12379 = ORIENTED_EDGE('',*,*,#12380,.T.);
#12380 = EDGE_CURVE('',#12381,#12381,#12383,.T.);
#12381 = VERTEX_POINT('',#12382);
#12382 = CARTESIAN_POINT('',(159.81,-118.21,0.));
#12383 = CIRCLE('',#12384,0.4);
#12384 = AXIS2_PLACEMENT_3D('',#12385,#12386,#12387);
#12385 = CARTESIAN_POINT('',(159.81,-117.81,0.));
#12386 = DIRECTION('',(-0.,0.,-1.));
#12387 = DIRECTION('',(-0.,-1.,0.));
#12388 = FACE_BOUND('',#12389,.F.);
#12389 = EDGE_LOOP('',(#12390));
#12390 = ORIENTED_EDGE('',*,*,#12391,.T.);
#12391 = EDGE_CURVE('',#12392,#12392,#12394,.T.);
#12392 = VERTEX_POINT('',#12393);
#12393 = CARTESIAN_POINT('',(163.24,-114.44,0.));
#12394 = CIRCLE('',#12395,0.5);
#12395 = AXIS2_PLACEMENT_3D('',#12396,#12397,#12398);
#12396 = CARTESIAN_POINT('',(163.24,-113.94,0.));
#12397 = DIRECTION('',(-0.,0.,-1.));
#12398 = DIRECTION('',(-0.,-1.,0.));
#12399 = FACE_BOUND('',#12400,.F.);
#12400 = EDGE_LOOP('',(#12401));
#12401 = ORIENTED_EDGE('',*,*,#12402,.T.);
#12402 = EDGE_CURVE('',#12403,#12403,#12405,.T.);
#12403 = VERTEX_POINT('',#12404);
#12404 = CARTESIAN_POINT('',(163.24,-111.9,0.));
#12405 = CIRCLE('',#12406,0.5);
#12406 = AXIS2_PLACEMENT_3D('',#12407,#12408,#12409);
#12407 = CARTESIAN_POINT('',(163.24,-111.4,0.));
#12408 = DIRECTION('',(-0.,0.,-1.));
#12409 = DIRECTION('',(-0.,-1.,0.));
#12410 = FACE_BOUND('',#12411,.F.);
#12411 = EDGE_LOOP('',(#12412));
#12412 = ORIENTED_EDGE('',*,*,#12413,.T.);
#12413 = EDGE_CURVE('',#12414,#12414,#12416,.T.);
#12414 = VERTEX_POINT('',#12415);
#12415 = CARTESIAN_POINT('',(163.24,-109.36,0.));
#12416 = CIRCLE('',#12417,0.5);
#12417 = AXIS2_PLACEMENT_3D('',#12418,#12419,#12420);
#12418 = CARTESIAN_POINT('',(163.24,-108.86,0.));
#12419 = DIRECTION('',(-0.,0.,-1.));
#12420 = DIRECTION('',(-0.,-1.,0.));
#12421 = FACE_BOUND('',#12422,.F.);
#12422 = EDGE_LOOP('',(#12423));
#12423 = ORIENTED_EDGE('',*,*,#12424,.T.);
#12424 = EDGE_CURVE('',#12425,#12425,#12427,.T.);
#12425 = VERTEX_POINT('',#12426);
#12426 = CARTESIAN_POINT('',(163.24,-106.82,0.));
#12427 = CIRCLE('',#12428,0.5);
#12428 = AXIS2_PLACEMENT_3D('',#12429,#12430,#12431);
#12429 = CARTESIAN_POINT('',(163.24,-106.32,0.));
#12430 = DIRECTION('',(-0.,0.,-1.));
#12431 = DIRECTION('',(-0.,-1.,0.));
#12432 = FACE_BOUND('',#12433,.F.);
#12433 = EDGE_LOOP('',(#12434));
#12434 = ORIENTED_EDGE('',*,*,#12435,.T.);
#12435 = EDGE_CURVE('',#12436,#12436,#12438,.T.);
#12436 = VERTEX_POINT('',#12437);
#12437 = CARTESIAN_POINT('',(163.24,-104.28,0.));
#12438 = CIRCLE('',#12439,0.5);
#12439 = AXIS2_PLACEMENT_3D('',#12440,#12441,#12442);
#12440 = CARTESIAN_POINT('',(163.24,-103.78,0.));
#12441 = DIRECTION('',(-0.,0.,-1.));
#12442 = DIRECTION('',(-0.,-1.,0.));
#12443 = FACE_BOUND('',#12444,.F.);
#12444 = EDGE_LOOP('',(#12445));
#12445 = ORIENTED_EDGE('',*,*,#12446,.T.);
#12446 = EDGE_CURVE('',#12447,#12447,#12449,.T.);
#12447 = VERTEX_POINT('',#12448);
#12448 = CARTESIAN_POINT('',(163.24,-101.74,0.));
#12449 = CIRCLE('',#12450,0.5);
#12450 = AXIS2_PLACEMENT_3D('',#12451,#12452,#12453);
#12451 = CARTESIAN_POINT('',(163.24,-101.24,0.));
#12452 = DIRECTION('',(-0.,0.,-1.));
#12453 = DIRECTION('',(-0.,-1.,0.));
#12454 = FACE_BOUND('',#12455,.F.);
#12455 = EDGE_LOOP('',(#12456));
#12456 = ORIENTED_EDGE('',*,*,#12457,.T.);
#12457 = EDGE_CURVE('',#12458,#12458,#12460,.T.);
#12458 = VERTEX_POINT('',#12459);
#12459 = CARTESIAN_POINT('',(163.24,-99.2,0.));
#12460 = CIRCLE('',#12461,0.5);
#12461 = AXIS2_PLACEMENT_3D('',#12462,#12463,#12464);
#12462 = CARTESIAN_POINT('',(163.24,-98.7,0.));
#12463 = DIRECTION('',(-0.,0.,-1.));
#12464 = DIRECTION('',(-0.,-1.,0.));
#12465 = FACE_BOUND('',#12466,.F.);
#12466 = EDGE_LOOP('',(#12467));
#12467 = ORIENTED_EDGE('',*,*,#12468,.T.);
#12468 = EDGE_CURVE('',#12469,#12469,#12471,.T.);
#12469 = VERTEX_POINT('',#12470);
#12470 = CARTESIAN_POINT('',(126.5,-86.05,0.));
#12471 = CIRCLE('',#12472,0.55);
#12472 = AXIS2_PLACEMENT_3D('',#12473,#12474,#12475);
#12473 = CARTESIAN_POINT('',(126.5,-85.5,0.));
#12474 = DIRECTION('',(-0.,0.,-1.));
#12475 = DIRECTION('',(-0.,-1.,0.));
#12476 = FACE_BOUND('',#12477,.F.);
#12477 = EDGE_LOOP('',(#12478));
#12478 = ORIENTED_EDGE('',*,*,#12479,.T.);
#12479 = EDGE_CURVE('',#12480,#12480,#12482,.T.);
#12480 = VERTEX_POINT('',#12481);
#12481 = CARTESIAN_POINT('',(126.5,-81.55,0.));
#12482 = CIRCLE('',#12483,0.55);
#12483 = AXIS2_PLACEMENT_3D('',#12484,#12485,#12486);
#12484 = CARTESIAN_POINT('',(126.5,-81.,0.));
#12485 = DIRECTION('',(-0.,0.,-1.));
#12486 = DIRECTION('',(-0.,-1.,0.));
#12487 = FACE_BOUND('',#12488,.F.);
#12488 = EDGE_LOOP('',(#12489));
#12489 = ORIENTED_EDGE('',*,*,#12490,.T.);
#12490 = EDGE_CURVE('',#12491,#12491,#12493,.T.);
#12491 = VERTEX_POINT('',#12492);
#12492 = CARTESIAN_POINT('',(133.,-86.05,0.));
#12493 = CIRCLE('',#12494,0.55);
#12494 = AXIS2_PLACEMENT_3D('',#12495,#12496,#12497);
#12495 = CARTESIAN_POINT('',(133.,-85.5,0.));
#12496 = DIRECTION('',(-0.,0.,-1.));
#12497 = DIRECTION('',(-0.,-1.,0.));
#12498 = FACE_BOUND('',#12499,.F.);
#12499 = EDGE_LOOP('',(#12500));
#12500 = ORIENTED_EDGE('',*,*,#12501,.T.);
#12501 = EDGE_CURVE('',#12502,#12502,#12504,.T.);
#12502 = VERTEX_POINT('',#12503);
#12503 = CARTESIAN_POINT('',(136.75,-86.05,0.));
#12504 = CIRCLE('',#12505,0.55);
#12505 = AXIS2_PLACEMENT_3D('',#12506,#12507,#12508);
#12506 = CARTESIAN_POINT('',(136.75,-85.5,0.));
#12507 = DIRECTION('',(-0.,0.,-1.));
#12508 = DIRECTION('',(-0.,-1.,0.));
#12509 = FACE_BOUND('',#12510,.F.);
#12510 = EDGE_LOOP('',(#12511));
#12511 = ORIENTED_EDGE('',*,*,#12512,.T.);
#12512 = EDGE_CURVE('',#12513,#12513,#12515,.T.);
#12513 = VERTEX_POINT('',#12514);
#12514 = CARTESIAN_POINT('',(133.,-81.55,0.));
#12515 = CIRCLE('',#12516,0.55);
#12516 = AXIS2_PLACEMENT_3D('',#12517,#12518,#12519);
#12517 = CARTESIAN_POINT('',(133.,-81.,0.));
#12518 = DIRECTION('',(-0.,0.,-1.));
#12519 = DIRECTION('',(-0.,-1.,0.));
#12520 = FACE_BOUND('',#12521,.F.);
#12521 = EDGE_LOOP('',(#12522));
#12522 = ORIENTED_EDGE('',*,*,#12523,.T.);
#12523 = EDGE_CURVE('',#12524,#12524,#12526,.T.);
#12524 = VERTEX_POINT('',#12525);
#12525 = CARTESIAN_POINT('',(136.75,-81.55,0.));
#12526 = CIRCLE('',#12527,0.55);
#12527 = AXIS2_PLACEMENT_3D('',#12528,#12529,#12530);
#12528 = CARTESIAN_POINT('',(136.75,-81.,0.));
#12529 = DIRECTION('',(-0.,0.,-1.));
#12530 = DIRECTION('',(-0.,-1.,0.));
#12531 = FACE_BOUND('',#12532,.F.);
#12532 = EDGE_LOOP('',(#12533));
#12533 = ORIENTED_EDGE('',*,*,#12534,.T.);
#12534 = EDGE_CURVE('',#12535,#12535,#12537,.T.);
#12535 = VERTEX_POINT('',#12536);
#12536 = CARTESIAN_POINT('',(141.625,-95.94,0.));
#12537 = CIRCLE('',#12538,0.45);
#12538 = AXIS2_PLACEMENT_3D('',#12539,#12540,#12541);
#12539 = CARTESIAN_POINT('',(141.625,-95.49,0.));
#12540 = DIRECTION('',(-0.,0.,-1.));
#12541 = DIRECTION('',(-0.,-1.,0.));
#12542 = FACE_BOUND('',#12543,.F.);
#12543 = EDGE_LOOP('',(#12544));
#12544 = ORIENTED_EDGE('',*,*,#12545,.T.);
#12545 = EDGE_CURVE('',#12546,#12546,#12548,.T.);
#12546 = VERTEX_POINT('',#12547);
#12547 = CARTESIAN_POINT('',(141.625,-93.75,0.));
#12548 = CIRCLE('',#12549,0.75);
#12549 = AXIS2_PLACEMENT_3D('',#12550,#12551,#12552);
#12550 = CARTESIAN_POINT('',(141.625,-93.,0.));
#12551 = DIRECTION('',(-0.,0.,-1.));
#12552 = DIRECTION('',(-0.,-1.,0.));
#12553 = FACE_BOUND('',#12554,.F.);
#12554 = EDGE_LOOP('',(#12555));
#12555 = ORIENTED_EDGE('',*,*,#12556,.T.);
#12556 = EDGE_CURVE('',#12557,#12557,#12559,.T.);
#12557 = VERTEX_POINT('',#12558);
#12558 = CARTESIAN_POINT('',(148.,-96.66,0.));
#12559 = CIRCLE('',#12560,0.5);
#12560 = AXIS2_PLACEMENT_3D('',#12561,#12562,#12563);
#12561 = CARTESIAN_POINT('',(148.,-96.16,0.));
#12562 = DIRECTION('',(-0.,0.,-1.));
#12563 = DIRECTION('',(-0.,-1.,0.));
#12564 = FACE_BOUND('',#12565,.F.);
#12565 = EDGE_LOOP('',(#12566));
#12566 = ORIENTED_EDGE('',*,*,#12567,.T.);
#12567 = EDGE_CURVE('',#12568,#12568,#12570,.T.);
#12568 = VERTEX_POINT('',#12569);
#12569 = CARTESIAN_POINT('',(148.,-94.12,0.));
#12570 = CIRCLE('',#12571,0.5);
#12571 = AXIS2_PLACEMENT_3D('',#12572,#12573,#12574);
#12572 = CARTESIAN_POINT('',(148.,-93.62,0.));
#12573 = DIRECTION('',(-0.,0.,-1.));
#12574 = DIRECTION('',(-0.,-1.,0.));
#12575 = FACE_BOUND('',#12576,.F.);
#12576 = EDGE_LOOP('',(#12577));
#12577 = ORIENTED_EDGE('',*,*,#12578,.T.);
#12578 = EDGE_CURVE('',#12579,#12579,#12581,.T.);
#12579 = VERTEX_POINT('',#12580);
#12580 = CARTESIAN_POINT('',(148.,-91.58,0.));
#12581 = CIRCLE('',#12582,0.5);
#12582 = AXIS2_PLACEMENT_3D('',#12583,#12584,#12585);
#12583 = CARTESIAN_POINT('',(148.,-91.08,0.));
#12584 = DIRECTION('',(-0.,0.,-1.));
#12585 = DIRECTION('',(-0.,-1.,0.));
#12586 = FACE_BOUND('',#12587,.F.);
#12587 = EDGE_LOOP('',(#12588));
#12588 = ORIENTED_EDGE('',*,*,#12589,.T.);
#12589 = EDGE_CURVE('',#12590,#12590,#12592,.T.);
#12590 = VERTEX_POINT('',#12591);
#12591 = CARTESIAN_POINT('',(148.,-89.04,0.));
#12592 = CIRCLE('',#12593,0.5);
#12593 = AXIS2_PLACEMENT_3D('',#12594,#12595,#12596);
#12594 = CARTESIAN_POINT('',(148.,-88.54,0.));
#12595 = DIRECTION('',(-0.,0.,-1.));
#12596 = DIRECTION('',(-0.,-1.,0.));
#12597 = FACE_BOUND('',#12598,.F.);
#12598 = EDGE_LOOP('',(#12599));
#12599 = ORIENTED_EDGE('',*,*,#12600,.T.);
#12600 = EDGE_CURVE('',#12601,#12601,#12603,.T.);
#12601 = VERTEX_POINT('',#12602);
#12602 = CARTESIAN_POINT('',(143.25,-86.05,0.));
#12603 = CIRCLE('',#12604,0.55);
#12604 = AXIS2_PLACEMENT_3D('',#12605,#12606,#12607);
#12605 = CARTESIAN_POINT('',(143.25,-85.5,0.));
#12606 = DIRECTION('',(-0.,0.,-1.));
#12607 = DIRECTION('',(-0.,-1.,0.));
#12608 = FACE_BOUND('',#12609,.F.);
#12609 = EDGE_LOOP('',(#12610));
#12610 = ORIENTED_EDGE('',*,*,#12611,.T.);
#12611 = EDGE_CURVE('',#12612,#12612,#12614,.T.);
#12612 = VERTEX_POINT('',#12613);
#12613 = CARTESIAN_POINT('',(143.25,-81.55,0.));
#12614 = CIRCLE('',#12615,0.55);
#12615 = AXIS2_PLACEMENT_3D('',#12616,#12617,#12618);
#12616 = CARTESIAN_POINT('',(143.25,-81.,0.));
#12617 = DIRECTION('',(-0.,0.,-1.));
#12618 = DIRECTION('',(-0.,-1.,0.));
#12619 = FACE_BOUND('',#12620,.F.);
#12620 = EDGE_LOOP('',(#12621));
#12621 = ORIENTED_EDGE('',*,*,#12622,.T.);
#12622 = EDGE_CURVE('',#12623,#12623,#12625,.T.);
#12623 = VERTEX_POINT('',#12624);
#12624 = CARTESIAN_POINT('',(148.,-86.5,0.));
#12625 = CIRCLE('',#12626,0.5);
#12626 = AXIS2_PLACEMENT_3D('',#12627,#12628,#12629);
#12627 = CARTESIAN_POINT('',(148.,-86.,0.));
#12628 = DIRECTION('',(-0.,0.,-1.));
#12629 = DIRECTION('',(-0.,-1.,0.));
#12630 = FACE_BOUND('',#12631,.F.);
#12631 = EDGE_LOOP('',(#12632));
#12632 = ORIENTED_EDGE('',*,*,#12633,.T.);
#12633 = EDGE_CURVE('',#12634,#12634,#12636,.T.);
#12634 = VERTEX_POINT('',#12635);
#12635 = CARTESIAN_POINT('',(151.38,-80.4,0.));
#12636 = CIRCLE('',#12637,0.4);
#12637 = AXIS2_PLACEMENT_3D('',#12638,#12639,#12640);
#12638 = CARTESIAN_POINT('',(151.38,-80.,0.));
#12639 = DIRECTION('',(-0.,0.,-1.));
#12640 = DIRECTION('',(-0.,-1.,0.));
#12641 = FACE_BOUND('',#12642,.F.);
#12642 = EDGE_LOOP('',(#12643));
#12643 = ORIENTED_EDGE('',*,*,#12644,.T.);
#12644 = EDGE_CURVE('',#12645,#12645,#12647,.T.);
#12645 = VERTEX_POINT('',#12646);
#12646 = CARTESIAN_POINT('',(125.5,-75.6,0.));
#12647 = CIRCLE('',#12648,1.6);
#12648 = AXIS2_PLACEMENT_3D('',#12649,#12650,#12651);
#12649 = CARTESIAN_POINT('',(125.5,-74.,0.));
#12650 = DIRECTION('',(-0.,0.,-1.));
#12651 = DIRECTION('',(-0.,-1.,0.));
#12652 = FACE_BOUND('',#12653,.F.);
#12653 = EDGE_LOOP('',(#12654,#12665,#12673,#12682));
#12654 = ORIENTED_EDGE('',*,*,#12655,.T.);
#12655 = EDGE_CURVE('',#12656,#12658,#12660,.T.);
#12656 = VERTEX_POINT('',#12657);
#12657 = CARTESIAN_POINT('',(126.38,-60.555,0.));
#12658 = VERTEX_POINT('',#12659);
#12659 = CARTESIAN_POINT('',(126.98,-60.555,0.));
#12660 = CIRCLE('',#12661,0.3);
#12661 = AXIS2_PLACEMENT_3D('',#12662,#12663,#12664);
#12662 = CARTESIAN_POINT('',(126.68,-60.555,0.));
#12663 = DIRECTION('',(0.,-0.,-1.));
#12664 = DIRECTION('',(1.,4.736951571734E-14,-0.));
#12665 = ORIENTED_EDGE('',*,*,#12666,.T.);
#12666 = EDGE_CURVE('',#12658,#12667,#12669,.T.);
#12667 = VERTEX_POINT('',#12668);
#12668 = CARTESIAN_POINT('',(126.98,-61.655,0.));
#12669 = LINE('',#12670,#12671);
#12670 = CARTESIAN_POINT('',(126.98,-30.8275,0.));
#12671 = VECTOR('',#12672,1.);
#12672 = DIRECTION('',(0.,-1.,0.));
#12673 = ORIENTED_EDGE('',*,*,#12674,.T.);
#12674 = EDGE_CURVE('',#12667,#12675,#12677,.T.);
#12675 = VERTEX_POINT('',#12676);
#12676 = CARTESIAN_POINT('',(126.38,-61.655,0.));
#12677 = CIRCLE('',#12678,0.3);
#12678 = AXIS2_PLACEMENT_3D('',#12679,#12680,#12681);
#12679 = CARTESIAN_POINT('',(126.68,-61.655,0.));
#12680 = DIRECTION('',(-0.,0.,-1.));
#12681 = DIRECTION('',(-1.,-4.736951571734E-14,0.));
#12682 = ORIENTED_EDGE('',*,*,#12683,.T.);
#12683 = EDGE_CURVE('',#12675,#12656,#12684,.T.);
#12684 = LINE('',#12685,#12686);
#12685 = CARTESIAN_POINT('',(126.38,-30.2775,0.));
#12686 = VECTOR('',#12687,1.);
#12687 = DIRECTION('',(-0.,1.,0.));
#12688 = FACE_BOUND('',#12689,.F.);
#12689 = EDGE_LOOP('',(#12690,#12701,#12709,#12718));
#12690 = ORIENTED_EDGE('',*,*,#12691,.T.);
#12691 = EDGE_CURVE('',#12692,#12694,#12696,.T.);
#12692 = VERTEX_POINT('',#12693);
#12693 = CARTESIAN_POINT('',(126.38,-56.625,0.));
#12694 = VERTEX_POINT('',#12695);
#12695 = CARTESIAN_POINT('',(126.98,-56.625,0.));
#12696 = CIRCLE('',#12697,0.3);
#12697 = AXIS2_PLACEMENT_3D('',#12698,#12699,#12700);
#12698 = CARTESIAN_POINT('',(126.68,-56.625,0.));
#12699 = DIRECTION('',(0.,-0.,-1.));
#12700 = DIRECTION('',(1.,4.736951571734E-14,-0.));
#12701 = ORIENTED_EDGE('',*,*,#12702,.T.);
#12702 = EDGE_CURVE('',#12694,#12703,#12705,.T.);
#12703 = VERTEX_POINT('',#12704);
#12704 = CARTESIAN_POINT('',(126.98,-57.225,0.));
#12705 = LINE('',#12706,#12707);
#12706 = CARTESIAN_POINT('',(126.98,-28.6125,0.));
#12707 = VECTOR('',#12708,1.);
#12708 = DIRECTION('',(0.,-1.,0.));
#12709 = ORIENTED_EDGE('',*,*,#12710,.T.);
#12710 = EDGE_CURVE('',#12703,#12711,#12713,.T.);
#12711 = VERTEX_POINT('',#12712);
#12712 = CARTESIAN_POINT('',(126.38,-57.225,0.));
#12713 = CIRCLE('',#12714,0.3);
#12714 = AXIS2_PLACEMENT_3D('',#12715,#12716,#12717);
#12715 = CARTESIAN_POINT('',(126.68,-57.225,0.));
#12716 = DIRECTION('',(-0.,0.,-1.));
#12717 = DIRECTION('',(-1.,-4.736951571734E-14,0.));
#12718 = ORIENTED_EDGE('',*,*,#12719,.T.);
#12719 = EDGE_CURVE('',#12711,#12692,#12720,.T.);
#12720 = LINE('',#12721,#12722);
#12721 = CARTESIAN_POINT('',(126.38,-28.3125,0.));
#12722 = VECTOR('',#12723,1.);
#12723 = DIRECTION('',(-0.,1.,0.));
#12724 = FACE_BOUND('',#12725,.F.);
#12725 = EDGE_LOOP('',(#12726));
#12726 = ORIENTED_EDGE('',*,*,#12727,.T.);
#12727 = EDGE_CURVE('',#12728,#12728,#12730,.T.);
#12728 = VERTEX_POINT('',#12729);
#12729 = CARTESIAN_POINT('',(128.11,-60.93,0.));
#12730 = CIRCLE('',#12731,0.325);
#12731 = AXIS2_PLACEMENT_3D('',#12732,#12733,#12734);
#12732 = CARTESIAN_POINT('',(128.11,-60.605,0.));
#12733 = DIRECTION('',(-0.,0.,-1.));
#12734 = DIRECTION('',(-0.,-1.,0.));
#12735 = FACE_BOUND('',#12736,.F.);
#12736 = EDGE_LOOP('',(#12737));
#12737 = ORIENTED_EDGE('',*,*,#12738,.T.);
#12738 = EDGE_CURVE('',#12739,#12739,#12741,.T.);
#12739 = VERTEX_POINT('',#12740);
#12740 = CARTESIAN_POINT('',(133.89,-60.93,0.));
#12741 = CIRCLE('',#12742,0.325);
#12742 = AXIS2_PLACEMENT_3D('',#12743,#12744,#12745);
#12743 = CARTESIAN_POINT('',(133.89,-60.605,0.));
#12744 = DIRECTION('',(-0.,0.,-1.));
#12745 = DIRECTION('',(-0.,-1.,0.));
#12746 = FACE_BOUND('',#12747,.F.);
#12747 = EDGE_LOOP('',(#12748,#12759,#12767,#12776));
#12748 = ORIENTED_EDGE('',*,*,#12749,.T.);
#12749 = EDGE_CURVE('',#12750,#12752,#12754,.T.);
#12750 = VERTEX_POINT('',#12751);
#12751 = CARTESIAN_POINT('',(135.02,-60.555,0.));
#12752 = VERTEX_POINT('',#12753);
#12753 = CARTESIAN_POINT('',(135.62,-60.555,0.));
#12754 = CIRCLE('',#12755,0.3);
#12755 = AXIS2_PLACEMENT_3D('',#12756,#12757,#12758);
#12756 = CARTESIAN_POINT('',(135.32,-60.555,0.));
#12757 = DIRECTION('',(0.,-0.,-1.));
#12758 = DIRECTION('',(1.,-2.368475785867E-14,0.));
#12759 = ORIENTED_EDGE('',*,*,#12760,.T.);
#12760 = EDGE_CURVE('',#12752,#12761,#12763,.T.);
#12761 = VERTEX_POINT('',#12762);
#12762 = CARTESIAN_POINT('',(135.62,-61.655,0.));
#12763 = LINE('',#12764,#12765);
#12764 = CARTESIAN_POINT('',(135.62,-30.8275,0.));
#12765 = VECTOR('',#12766,1.);
#12766 = DIRECTION('',(0.,-1.,0.));
#12767 = ORIENTED_EDGE('',*,*,#12768,.T.);
#12768 = EDGE_CURVE('',#12761,#12769,#12771,.T.);
#12769 = VERTEX_POINT('',#12770);
#12770 = CARTESIAN_POINT('',(135.02,-61.655,0.));
#12771 = CIRCLE('',#12772,0.3);
#12772 = AXIS2_PLACEMENT_3D('',#12773,#12774,#12775);
#12773 = CARTESIAN_POINT('',(135.32,-61.655,0.));
#12774 = DIRECTION('',(-0.,0.,-1.));
#12775 = DIRECTION('',(-1.,2.368475785867E-14,0.));
#12776 = ORIENTED_EDGE('',*,*,#12777,.T.);
#12777 = EDGE_CURVE('',#12769,#12750,#12778,.T.);
#12778 = LINE('',#12779,#12780);
#12779 = CARTESIAN_POINT('',(135.02,-30.2775,0.));
#12780 = VECTOR('',#12781,1.);
#12781 = DIRECTION('',(-0.,1.,0.));
#12782 = FACE_BOUND('',#12783,.F.);
#12783 = EDGE_LOOP('',(#12784,#12795,#12803,#12812));
#12784 = ORIENTED_EDGE('',*,*,#12785,.T.);
#12785 = EDGE_CURVE('',#12786,#12788,#12790,.T.);
#12786 = VERTEX_POINT('',#12787);
#12787 = CARTESIAN_POINT('',(135.02,-56.625,0.));
#12788 = VERTEX_POINT('',#12789);
#12789 = CARTESIAN_POINT('',(135.62,-56.625,0.));
#12790 = CIRCLE('',#12791,0.3);
#12791 = AXIS2_PLACEMENT_3D('',#12792,#12793,#12794);
#12792 = CARTESIAN_POINT('',(135.32,-56.625,0.));
#12793 = DIRECTION('',(0.,-0.,-1.));
#12794 = DIRECTION('',(1.,-2.368475785867E-14,0.));
#12795 = ORIENTED_EDGE('',*,*,#12796,.T.);
#12796 = EDGE_CURVE('',#12788,#12797,#12799,.T.);
#12797 = VERTEX_POINT('',#12798);
#12798 = CARTESIAN_POINT('',(135.62,-57.225,0.));
#12799 = LINE('',#12800,#12801);
#12800 = CARTESIAN_POINT('',(135.62,-28.6125,0.));
#12801 = VECTOR('',#12802,1.);
#12802 = DIRECTION('',(0.,-1.,0.));
#12803 = ORIENTED_EDGE('',*,*,#12804,.T.);
#12804 = EDGE_CURVE('',#12797,#12805,#12807,.T.);
#12805 = VERTEX_POINT('',#12806);
#12806 = CARTESIAN_POINT('',(135.02,-57.225,0.));
#12807 = CIRCLE('',#12808,0.3);
#12808 = AXIS2_PLACEMENT_3D('',#12809,#12810,#12811);
#12809 = CARTESIAN_POINT('',(135.32,-57.225,0.));
#12810 = DIRECTION('',(-0.,0.,-1.));
#12811 = DIRECTION('',(-1.,2.368475785867E-14,0.));
#12812 = ORIENTED_EDGE('',*,*,#12813,.T.);
#12813 = EDGE_CURVE('',#12805,#12786,#12814,.T.);
#12814 = LINE('',#12815,#12816);
#12815 = CARTESIAN_POINT('',(135.02,-28.3125,0.));
#12816 = VECTOR('',#12817,1.);
#12817 = DIRECTION('',(-0.,1.,0.));
#12818 = FACE_BOUND('',#12819,.F.);
#12819 = EDGE_LOOP('',(#12820));
#12820 = ORIENTED_EDGE('',*,*,#12821,.T.);
#12821 = EDGE_CURVE('',#12822,#12822,#12824,.T.);
#12822 = VERTEX_POINT('',#12823);
#12823 = CARTESIAN_POINT('',(152.5,-60.1,0.));
#12824 = CIRCLE('',#12825,1.6);
#12825 = AXIS2_PLACEMENT_3D('',#12826,#12827,#12828);
#12826 = CARTESIAN_POINT('',(152.5,-58.5,0.));
#12827 = DIRECTION('',(-0.,0.,-1.));
#12828 = DIRECTION('',(-0.,-1.,0.));
#12829 = FACE_BOUND('',#12830,.F.);
#12830 = EDGE_LOOP('',(#12831));
#12831 = ORIENTED_EDGE('',*,*,#12832,.T.);
#12832 = EDGE_CURVE('',#12833,#12833,#12835,.T.);
#12833 = VERTEX_POINT('',#12834);
#12834 = CARTESIAN_POINT('',(163.24,-96.66,0.));
#12835 = CIRCLE('',#12836,0.5);
#12836 = AXIS2_PLACEMENT_3D('',#12837,#12838,#12839);
#12837 = CARTESIAN_POINT('',(163.24,-96.16,0.));
#12838 = DIRECTION('',(-0.,0.,-1.));
#12839 = DIRECTION('',(-0.,-1.,0.));
#12840 = FACE_BOUND('',#12841,.F.);
#12841 = EDGE_LOOP('',(#12842));
#12842 = ORIENTED_EDGE('',*,*,#12843,.T.);
#12843 = EDGE_CURVE('',#12844,#12844,#12846,.T.);
#12844 = VERTEX_POINT('',#12845);
#12845 = CARTESIAN_POINT('',(163.24,-94.12,0.));
#12846 = CIRCLE('',#12847,0.5);
#12847 = AXIS2_PLACEMENT_3D('',#12848,#12849,#12850);
#12848 = CARTESIAN_POINT('',(163.24,-93.62,0.));
#12849 = DIRECTION('',(-0.,0.,-1.));
#12850 = DIRECTION('',(-0.,-1.,0.));
#12851 = FACE_BOUND('',#12852,.F.);
#12852 = EDGE_LOOP('',(#12853));
#12853 = ORIENTED_EDGE('',*,*,#12854,.T.);
#12854 = EDGE_CURVE('',#12855,#12855,#12857,.T.);
#12855 = VERTEX_POINT('',#12856);
#12856 = CARTESIAN_POINT('',(163.24,-91.58,0.));
#12857 = CIRCLE('',#12858,0.5);
#12858 = AXIS2_PLACEMENT_3D('',#12859,#12860,#12861);
#12859 = CARTESIAN_POINT('',(163.24,-91.08,0.));
#12860 = DIRECTION('',(-0.,0.,-1.));
#12861 = DIRECTION('',(-0.,-1.,0.));
#12862 = FACE_BOUND('',#12863,.F.);
#12863 = EDGE_LOOP('',(#12864));
#12864 = ORIENTED_EDGE('',*,*,#12865,.T.);
#12865 = EDGE_CURVE('',#12866,#12866,#12868,.T.);
#12866 = VERTEX_POINT('',#12867);
#12867 = CARTESIAN_POINT('',(163.24,-89.04,0.));
#12868 = CIRCLE('',#12869,0.5);
#12869 = AXIS2_PLACEMENT_3D('',#12870,#12871,#12872);
#12870 = CARTESIAN_POINT('',(163.24,-88.54,0.));
#12871 = DIRECTION('',(-0.,0.,-1.));
#12872 = DIRECTION('',(-0.,-1.,0.));
#12873 = FACE_BOUND('',#12874,.F.);
#12874 = EDGE_LOOP('',(#12875));
#12875 = ORIENTED_EDGE('',*,*,#12876,.T.);
#12876 = EDGE_CURVE('',#12877,#12877,#12879,.T.);
#12877 = VERTEX_POINT('',#12878);
#12878 = CARTESIAN_POINT('',(159.,-80.4,0.));
#12879 = CIRCLE('',#12880,0.4);
#12880 = AXIS2_PLACEMENT_3D('',#12881,#12882,#12883);
#12881 = CARTESIAN_POINT('',(159.,-80.,0.));
#12882 = DIRECTION('',(-0.,0.,-1.));
#12883 = DIRECTION('',(-0.,-1.,0.));
#12884 = FACE_BOUND('',#12885,.F.);
#12885 = EDGE_LOOP('',(#12886));
#12886 = ORIENTED_EDGE('',*,*,#12887,.T.);
#12887 = EDGE_CURVE('',#12888,#12888,#12890,.T.);
#12888 = VERTEX_POINT('',#12889);
#12889 = CARTESIAN_POINT('',(163.24,-86.5,0.));
#12890 = CIRCLE('',#12891,0.5);
#12891 = AXIS2_PLACEMENT_3D('',#12892,#12893,#12894);
#12892 = CARTESIAN_POINT('',(163.24,-86.,0.));
#12893 = DIRECTION('',(-0.,0.,-1.));
#12894 = DIRECTION('',(-0.,-1.,0.));
#12895 = FACE_BOUND('',#12896,.F.);
#12896 = EDGE_LOOP('',(#12897));
#12897 = ORIENTED_EDGE('',*,*,#12898,.T.);
#12898 = EDGE_CURVE('',#12899,#12899,#12901,.T.);
#12899 = VERTEX_POINT('',#12900);
#12900 = CARTESIAN_POINT('',(164.5,-75.1,0.));
#12901 = CIRCLE('',#12902,1.6);
#12902 = AXIS2_PLACEMENT_3D('',#12903,#12904,#12905);
#12903 = CARTESIAN_POINT('',(164.5,-73.5,0.));
#12904 = DIRECTION('',(-0.,0.,-1.));
#12905 = DIRECTION('',(-0.,-1.,0.));
#12906 = PLANE('',#12907);
#12907 = AXIS2_PLACEMENT_3D('',#12908,#12909,#12910);
#12908 = CARTESIAN_POINT('',(0.,0.,0.));
#12909 = DIRECTION('',(0.,0.,1.));
#12910 = DIRECTION('',(1.,0.,-0.));
#12911 = ADVANCED_FACE('',(#12912,#12955,#12966,#12977,#12988,#12999,
    #13010,#13021,#13095,#13106,#13117,#13128,#13139,#13150,#13161,
    #13172,#13183,#13194,#13205,#13216,#13227,#13238,#13249,#13260,
    #13271,#13282,#13293,#13304,#13315,#13326,#13337,#13348,#13359,
    #13370,#13381,#13392,#13403,#13414,#13425,#13436,#13447,#13458,
    #13469,#13480,#13491,#13502,#13513,#13524,#13535,#13546,#13557,
    #13568,#13579,#13615,#13651,#13662,#13673,#13709,#13745,#13756,
    #13767,#13778,#13789,#13800,#13811,#13822),#13833,.T.);
#12912 = FACE_BOUND('',#12913,.T.);
#12913 = EDGE_LOOP('',(#12914,#12915,#12916,#12924,#12932,#12940,#12948,
    #12954));
#12914 = ORIENTED_EDGE('',*,*,#11896,.F.);
#12915 = ORIENTED_EDGE('',*,*,#11936,.F.);
#12916 = ORIENTED_EDGE('',*,*,#12917,.F.);
#12917 = EDGE_CURVE('',#12918,#11929,#12920,.T.);
#12918 = VERTEX_POINT('',#12919);
#12919 = CARTESIAN_POINT('',(122.,-55.,1.51));
#12920 = LINE('',#12921,#12922);
#12921 = CARTESIAN_POINT('',(122.,-55.,1.51));
#12922 = VECTOR('',#12923,1.);
#12923 = DIRECTION('',(1.,0.,0.));
#12924 = ORIENTED_EDGE('',*,*,#12925,.F.);
#12925 = EDGE_CURVE('',#12926,#12918,#12928,.T.);
#12926 = VERTEX_POINT('',#12927);
#12927 = CARTESIAN_POINT('',(122.,-140.,1.51));
#12928 = LINE('',#12929,#12930);
#12929 = CARTESIAN_POINT('',(122.,-140.,1.51));
#12930 = VECTOR('',#12931,1.);
#12931 = DIRECTION('',(0.,1.,0.));
#12932 = ORIENTED_EDGE('',*,*,#12933,.F.);
#12933 = EDGE_CURVE('',#12934,#12926,#12936,.T.);
#12934 = VERTEX_POINT('',#12935);
#12935 = CARTESIAN_POINT('',(186.,-140.,1.51));
#12936 = LINE('',#12937,#12938);
#12937 = CARTESIAN_POINT('',(186.,-140.,1.51));
#12938 = VECTOR('',#12939,1.);
#12939 = DIRECTION('',(-1.,0.,0.));
#12940 = ORIENTED_EDGE('',*,*,#12941,.F.);
#12941 = EDGE_CURVE('',#12942,#12934,#12944,.T.);
#12942 = VERTEX_POINT('',#12943);
#12943 = CARTESIAN_POINT('',(186.,-115.,1.51));
#12944 = LINE('',#12945,#12946);
#12945 = CARTESIAN_POINT('',(186.,-115.,1.51));
#12946 = VECTOR('',#12947,1.);
#12947 = DIRECTION('',(0.,-1.,0.));
#12948 = ORIENTED_EDGE('',*,*,#12949,.F.);
#12949 = EDGE_CURVE('',#11959,#12942,#12950,.T.);
#12950 = LINE('',#12951,#12952);
#12951 = CARTESIAN_POINT('',(168.,-115.,1.51));
#12952 = VECTOR('',#12953,1.);
#12953 = DIRECTION('',(1.,0.,0.));
#12954 = ORIENTED_EDGE('',*,*,#11958,.F.);
#12955 = FACE_BOUND('',#12956,.T.);
#12956 = EDGE_LOOP('',(#12957));
#12957 = ORIENTED_EDGE('',*,*,#12958,.T.);
#12958 = EDGE_CURVE('',#12959,#12959,#12961,.T.);
#12959 = VERTEX_POINT('',#12960);
#12960 = CARTESIAN_POINT('',(125.5,-138.1,1.51));
#12961 = CIRCLE('',#12962,1.6);
#12962 = AXIS2_PLACEMENT_3D('',#12963,#12964,#12965);
#12963 = CARTESIAN_POINT('',(125.5,-136.5,1.51));
#12964 = DIRECTION('',(-0.,0.,-1.));
#12965 = DIRECTION('',(-0.,-1.,0.));
#12966 = FACE_BOUND('',#12967,.T.);
#12967 = EDGE_LOOP('',(#12968));
#12968 = ORIENTED_EDGE('',*,*,#12969,.T.);
#12969 = EDGE_CURVE('',#12970,#12970,#12972,.T.);
#12970 = VERTEX_POINT('',#12971);
#12971 = CARTESIAN_POINT('',(134.6,-130.25,1.51));
#12972 = CIRCLE('',#12973,1.5);
#12973 = AXIS2_PLACEMENT_3D('',#12974,#12975,#12976);
#12974 = CARTESIAN_POINT('',(134.6,-128.75,1.51));
#12975 = DIRECTION('',(-0.,0.,-1.));
#12976 = DIRECTION('',(-0.,-1.,0.));
#12977 = FACE_BOUND('',#12978,.T.);
#12978 = EDGE_LOOP('',(#12979));
#12979 = ORIENTED_EDGE('',*,*,#12980,.T.);
#12980 = EDGE_CURVE('',#12981,#12981,#12983,.T.);
#12981 = VERTEX_POINT('',#12982);
#12982 = CARTESIAN_POINT('',(127.6,-129.2,1.51));
#12983 = CIRCLE('',#12984,1.5);
#12984 = AXIS2_PLACEMENT_3D('',#12985,#12986,#12987);
#12985 = CARTESIAN_POINT('',(127.6,-127.7,1.51));
#12986 = DIRECTION('',(-0.,0.,-1.));
#12987 = DIRECTION('',(-0.,-1.,0.));
#12988 = FACE_BOUND('',#12989,.T.);
#12989 = EDGE_LOOP('',(#12990));
#12990 = ORIENTED_EDGE('',*,*,#12991,.T.);
#12991 = EDGE_CURVE('',#12992,#12992,#12994,.T.);
#12992 = VERTEX_POINT('',#12993);
#12993 = CARTESIAN_POINT('',(132.,-125.625,1.51));
#12994 = CIRCLE('',#12995,2.625);
#12995 = AXIS2_PLACEMENT_3D('',#12996,#12997,#12998);
#12996 = CARTESIAN_POINT('',(132.,-123.,1.51));
#12997 = DIRECTION('',(-0.,0.,-1.));
#12998 = DIRECTION('',(-0.,-1.,0.));
#12999 = FACE_BOUND('',#13000,.T.);
#13000 = EDGE_LOOP('',(#13001));
#13001 = ORIENTED_EDGE('',*,*,#13002,.T.);
#13002 = EDGE_CURVE('',#13003,#13003,#13005,.T.);
#13003 = VERTEX_POINT('',#13004);
#13004 = CARTESIAN_POINT('',(147.6,-135.2,1.51));
#13005 = CIRCLE('',#13006,1.5);
#13006 = AXIS2_PLACEMENT_3D('',#13007,#13008,#13009);
#13007 = CARTESIAN_POINT('',(147.6,-133.7,1.51));
#13008 = DIRECTION('',(-0.,0.,-1.));
#13009 = DIRECTION('',(-0.,-1.,0.));
#13010 = FACE_BOUND('',#13011,.T.);
#13011 = EDGE_LOOP('',(#13012));
#13012 = ORIENTED_EDGE('',*,*,#13013,.T.);
#13013 = EDGE_CURVE('',#13014,#13014,#13016,.T.);
#13014 = VERTEX_POINT('',#13015);
#13015 = CARTESIAN_POINT('',(152.,-131.625,1.51));
#13016 = CIRCLE('',#13017,2.625);
#13017 = AXIS2_PLACEMENT_3D('',#13018,#13019,#13020);
#13018 = CARTESIAN_POINT('',(152.,-129.,1.51));
#13019 = DIRECTION('',(-0.,0.,-1.));
#13020 = DIRECTION('',(-0.,-1.,0.));
#13021 = FACE_BOUND('',#13022,.T.);
#13022 = EDGE_LOOP('',(#13023,#13033,#13041,#13049,#13057,#13065,#13073,
    #13081,#13089));
#13023 = ORIENTED_EDGE('',*,*,#13024,.F.);
#13024 = EDGE_CURVE('',#13025,#13027,#13029,.T.);
#13025 = VERTEX_POINT('',#13026);
#13026 = CARTESIAN_POINT('',(128.3,-91.7,1.51));
#13027 = VERTEX_POINT('',#13028);
#13028 = CARTESIAN_POINT('',(126.5,-91.7,1.51));
#13029 = LINE('',#13030,#13031);
#13030 = CARTESIAN_POINT('',(128.3,-91.7,1.51));
#13031 = VECTOR('',#13032,1.);
#13032 = DIRECTION('',(-1.,0.,0.));
#13033 = ORIENTED_EDGE('',*,*,#13034,.F.);
#13034 = EDGE_CURVE('',#13035,#13025,#13037,.T.);
#13035 = VERTEX_POINT('',#13036);
#13036 = CARTESIAN_POINT('',(128.3591,-91.702882,1.51));
#13037 = LINE('',#13038,#13039);
#13038 = CARTESIAN_POINT('',(128.3591,-91.702882,1.51));
#13039 = VECTOR('',#13040,1.);
#13040 = DIRECTION('',(-0.998813113275,4.870692711437E-02,0.));
#13041 = ORIENTED_EDGE('',*,*,#13042,.F.);
#13042 = EDGE_CURVE('',#13043,#13035,#13045,.T.);
#13043 = VERTEX_POINT('',#13044);
#13044 = CARTESIAN_POINT('',(128.6,-92.,1.51));
#13045 = LINE('',#13046,#13047);
#13046 = CARTESIAN_POINT('',(128.6,-92.,1.51));
#13047 = VECTOR('',#13048,1.);
#13048 = DIRECTION('',(-0.629791726883,0.77676404445,0.));
#13049 = ORIENTED_EDGE('',*,*,#13050,.F.);
#13050 = EDGE_CURVE('',#13051,#13043,#13053,.T.);
#13051 = VERTEX_POINT('',#13052);
#13052 = CARTESIAN_POINT('',(128.6,-105.6,1.51));
#13053 = LINE('',#13054,#13055);
#13054 = CARTESIAN_POINT('',(128.6,-105.6,1.51));
#13055 = VECTOR('',#13056,1.);
#13056 = DIRECTION('',(0.,1.,0.));
#13057 = ORIENTED_EDGE('',*,*,#13058,.F.);
#13058 = EDGE_CURVE('',#13059,#13051,#13061,.T.);
#13059 = VERTEX_POINT('',#13060);
#13060 = CARTESIAN_POINT('',(128.3,-105.9,1.51));
#13061 = LINE('',#13062,#13063);
#13062 = CARTESIAN_POINT('',(128.3,-105.9,1.51));
#13063 = VECTOR('',#13064,1.);
#13064 = DIRECTION('',(0.707106781187,0.707106781187,0.));
#13065 = ORIENTED_EDGE('',*,*,#13066,.F.);
#13066 = EDGE_CURVE('',#13067,#13059,#13069,.T.);
#13067 = VERTEX_POINT('',#13068);
#13068 = CARTESIAN_POINT('',(126.5,-105.9,1.51));
#13069 = LINE('',#13070,#13071);
#13070 = CARTESIAN_POINT('',(126.5,-105.9,1.51));
#13071 = VECTOR('',#13072,1.);
#13072 = DIRECTION('',(1.,0.,0.));
#13073 = ORIENTED_EDGE('',*,*,#13074,.F.);
#13074 = EDGE_CURVE('',#13075,#13067,#13077,.T.);
#13075 = VERTEX_POINT('',#13076);
#13076 = CARTESIAN_POINT('',(126.2,-105.6,1.51));
#13077 = LINE('',#13078,#13079);
#13078 = CARTESIAN_POINT('',(126.2,-105.6,1.51));
#13079 = VECTOR('',#13080,1.);
#13080 = DIRECTION('',(0.707106781187,-0.707106781187,0.));
#13081 = ORIENTED_EDGE('',*,*,#13082,.F.);
#13082 = EDGE_CURVE('',#13083,#13075,#13085,.T.);
#13083 = VERTEX_POINT('',#13084);
#13084 = CARTESIAN_POINT('',(126.2,-92.,1.51));
#13085 = LINE('',#13086,#13087);
#13086 = CARTESIAN_POINT('',(126.2,-92.,1.51));
#13087 = VECTOR('',#13088,1.);
#13088 = DIRECTION('',(0.,-1.,0.));
#13089 = ORIENTED_EDGE('',*,*,#13090,.F.);
#13090 = EDGE_CURVE('',#13027,#13083,#13091,.T.);
#13091 = LINE('',#13092,#13093);
#13092 = CARTESIAN_POINT('',(126.5,-91.7,1.51));
#13093 = VECTOR('',#13094,1.);
#13094 = DIRECTION('',(-0.707106781187,-0.707106781187,0.));
#13095 = FACE_BOUND('',#13096,.T.);
#13096 = EDGE_LOOP('',(#13097));
#13097 = ORIENTED_EDGE('',*,*,#13098,.T.);
#13098 = EDGE_CURVE('',#13099,#13099,#13101,.T.);
#13099 = VERTEX_POINT('',#13100);
#13100 = CARTESIAN_POINT('',(148.,-114.44,1.51));
#13101 = CIRCLE('',#13102,0.5);
#13102 = AXIS2_PLACEMENT_3D('',#13103,#13104,#13105);
#13103 = CARTESIAN_POINT('',(148.,-113.94,1.51));
#13104 = DIRECTION('',(-0.,0.,-1.));
#13105 = DIRECTION('',(-0.,-1.,0.));
#13106 = FACE_BOUND('',#13107,.T.);
#13107 = EDGE_LOOP('',(#13108));
#13108 = ORIENTED_EDGE('',*,*,#13109,.T.);
#13109 = EDGE_CURVE('',#13110,#13110,#13112,.T.);
#13110 = VERTEX_POINT('',#13111);
#13111 = CARTESIAN_POINT('',(152.19,-118.21,1.51));
#13112 = CIRCLE('',#13113,0.4);
#13113 = AXIS2_PLACEMENT_3D('',#13114,#13115,#13116);
#13114 = CARTESIAN_POINT('',(152.19,-117.81,1.51));
#13115 = DIRECTION('',(-0.,0.,-1.));
#13116 = DIRECTION('',(-0.,-1.,0.));
#13117 = FACE_BOUND('',#13118,.T.);
#13118 = EDGE_LOOP('',(#13119));
#13119 = ORIENTED_EDGE('',*,*,#13120,.T.);
#13120 = EDGE_CURVE('',#13121,#13121,#13123,.T.);
#13121 = VERTEX_POINT('',#13122);
#13122 = CARTESIAN_POINT('',(148.,-111.9,1.51));
#13123 = CIRCLE('',#13124,0.5);
#13124 = AXIS2_PLACEMENT_3D('',#13125,#13126,#13127);
#13125 = CARTESIAN_POINT('',(148.,-111.4,1.51));
#13126 = DIRECTION('',(-0.,0.,-1.));
#13127 = DIRECTION('',(-0.,-1.,0.));
#13128 = FACE_BOUND('',#13129,.T.);
#13129 = EDGE_LOOP('',(#13130));
#13130 = ORIENTED_EDGE('',*,*,#13131,.T.);
#13131 = EDGE_CURVE('',#13132,#13132,#13134,.T.);
#13132 = VERTEX_POINT('',#13133);
#13133 = CARTESIAN_POINT('',(148.,-109.36,1.51));
#13134 = CIRCLE('',#13135,0.5);
#13135 = AXIS2_PLACEMENT_3D('',#13136,#13137,#13138);
#13136 = CARTESIAN_POINT('',(148.,-108.86,1.51));
#13137 = DIRECTION('',(-0.,0.,-1.));
#13138 = DIRECTION('',(-0.,-1.,0.));
#13139 = FACE_BOUND('',#13140,.T.);
#13140 = EDGE_LOOP('',(#13141));
#13141 = ORIENTED_EDGE('',*,*,#13142,.T.);
#13142 = EDGE_CURVE('',#13143,#13143,#13145,.T.);
#13143 = VERTEX_POINT('',#13144);
#13144 = CARTESIAN_POINT('',(141.,-105.95,1.51));
#13145 = CIRCLE('',#13146,0.45);
#13146 = AXIS2_PLACEMENT_3D('',#13147,#13148,#13149);
#13147 = CARTESIAN_POINT('',(141.,-105.5,1.51));
#13148 = DIRECTION('',(-0.,0.,-1.));
#13149 = DIRECTION('',(-0.,-1.,0.));
#13150 = FACE_BOUND('',#13151,.T.);
#13151 = EDGE_LOOP('',(#13152));
#13152 = ORIENTED_EDGE('',*,*,#13153,.T.);
#13153 = EDGE_CURVE('',#13154,#13154,#13156,.T.);
#13154 = VERTEX_POINT('',#13155);
#13155 = CARTESIAN_POINT('',(142.85,-105.95,1.51));
#13156 = CIRCLE('',#13157,0.45);
#13157 = AXIS2_PLACEMENT_3D('',#13158,#13159,#13160);
#13158 = CARTESIAN_POINT('',(142.85,-105.5,1.51));
#13159 = DIRECTION('',(-0.,0.,-1.));
#13160 = DIRECTION('',(-6.315935428979E-14,-1.,0.));
#13161 = FACE_BOUND('',#13162,.T.);
#13162 = EDGE_LOOP('',(#13163));
#13163 = ORIENTED_EDGE('',*,*,#13164,.T.);
#13164 = EDGE_CURVE('',#13165,#13165,#13167,.T.);
#13165 = VERTEX_POINT('',#13166);
#13166 = CARTESIAN_POINT('',(141.625,-103.56,1.51));
#13167 = CIRCLE('',#13168,0.45);
#13168 = AXIS2_PLACEMENT_3D('',#13169,#13170,#13171);
#13169 = CARTESIAN_POINT('',(141.625,-103.11,1.51));
#13170 = DIRECTION('',(-0.,0.,-1.));
#13171 = DIRECTION('',(-0.,-1.,0.));
#13172 = FACE_BOUND('',#13173,.T.);
#13173 = EDGE_LOOP('',(#13174));
#13174 = ORIENTED_EDGE('',*,*,#13175,.T.);
#13175 = EDGE_CURVE('',#13176,#13176,#13178,.T.);
#13176 = VERTEX_POINT('',#13177);
#13177 = CARTESIAN_POINT('',(141.625,-101.02,1.51));
#13178 = CIRCLE('',#13179,0.45);
#13179 = AXIS2_PLACEMENT_3D('',#13180,#13181,#13182);
#13180 = CARTESIAN_POINT('',(141.625,-100.57,1.51));
#13181 = DIRECTION('',(-0.,0.,-1.));
#13182 = DIRECTION('',(-0.,-1.,0.));
#13183 = FACE_BOUND('',#13184,.T.);
#13184 = EDGE_LOOP('',(#13185));
#13185 = ORIENTED_EDGE('',*,*,#13186,.T.);
#13186 = EDGE_CURVE('',#13187,#13187,#13189,.T.);
#13187 = VERTEX_POINT('',#13188);
#13188 = CARTESIAN_POINT('',(141.625,-98.48,1.51));
#13189 = CIRCLE('',#13190,0.45);
#13190 = AXIS2_PLACEMENT_3D('',#13191,#13192,#13193);
#13191 = CARTESIAN_POINT('',(141.625,-98.03,1.51));
#13192 = DIRECTION('',(-0.,0.,-1.));
#13193 = DIRECTION('',(-0.,-1.,0.));
#13194 = FACE_BOUND('',#13195,.T.);
#13195 = EDGE_LOOP('',(#13196));
#13196 = ORIENTED_EDGE('',*,*,#13197,.T.);
#13197 = EDGE_CURVE('',#13198,#13198,#13200,.T.);
#13198 = VERTEX_POINT('',#13199);
#13199 = CARTESIAN_POINT('',(148.,-106.82,1.51));
#13200 = CIRCLE('',#13201,0.5);
#13201 = AXIS2_PLACEMENT_3D('',#13202,#13203,#13204);
#13202 = CARTESIAN_POINT('',(148.,-106.32,1.51));
#13203 = DIRECTION('',(-0.,0.,-1.));
#13204 = DIRECTION('',(-0.,-1.,0.));
#13205 = FACE_BOUND('',#13206,.T.);
#13206 = EDGE_LOOP('',(#13207));
#13207 = ORIENTED_EDGE('',*,*,#13208,.T.);
#13208 = EDGE_CURVE('',#13209,#13209,#13211,.T.);
#13209 = VERTEX_POINT('',#13210);
#13210 = CARTESIAN_POINT('',(148.,-104.28,1.51));
#13211 = CIRCLE('',#13212,0.5);
#13212 = AXIS2_PLACEMENT_3D('',#13213,#13214,#13215);
#13213 = CARTESIAN_POINT('',(148.,-103.78,1.51));
#13214 = DIRECTION('',(-0.,0.,-1.));
#13215 = DIRECTION('',(-0.,-1.,0.));
#13216 = FACE_BOUND('',#13217,.T.);
#13217 = EDGE_LOOP('',(#13218));
#13218 = ORIENTED_EDGE('',*,*,#13219,.T.);
#13219 = EDGE_CURVE('',#13220,#13220,#13222,.T.);
#13220 = VERTEX_POINT('',#13221);
#13221 = CARTESIAN_POINT('',(148.,-101.74,1.51));
#13222 = CIRCLE('',#13223,0.5);
#13223 = AXIS2_PLACEMENT_3D('',#13224,#13225,#13226);
#13224 = CARTESIAN_POINT('',(148.,-101.24,1.51));
#13225 = DIRECTION('',(-0.,0.,-1.));
#13226 = DIRECTION('',(-0.,-1.,0.));
#13227 = FACE_BOUND('',#13228,.T.);
#13228 = EDGE_LOOP('',(#13229));
#13229 = ORIENTED_EDGE('',*,*,#13230,.T.);
#13230 = EDGE_CURVE('',#13231,#13231,#13233,.T.);
#13231 = VERTEX_POINT('',#13232);
#13232 = CARTESIAN_POINT('',(148.,-99.2,1.51));
#13233 = CIRCLE('',#13234,0.5);
#13234 = AXIS2_PLACEMENT_3D('',#13235,#13236,#13237);
#13235 = CARTESIAN_POINT('',(148.,-98.7,1.51));
#13236 = DIRECTION('',(-0.,0.,-1.));
#13237 = DIRECTION('',(-0.,-1.,0.));
#13238 = FACE_BOUND('',#13239,.T.);
#13239 = EDGE_LOOP('',(#13240));
#13240 = ORIENTED_EDGE('',*,*,#13241,.T.);
#13241 = EDGE_CURVE('',#13242,#13242,#13244,.T.);
#13242 = VERTEX_POINT('',#13243);
#13243 = CARTESIAN_POINT('',(154.6,-136.25,1.51));
#13244 = CIRCLE('',#13245,1.5);
#13245 = AXIS2_PLACEMENT_3D('',#13246,#13247,#13248);
#13246 = CARTESIAN_POINT('',(154.6,-134.75,1.51));
#13247 = DIRECTION('',(-0.,0.,-1.));
#13248 = DIRECTION('',(-0.,-1.,0.));
#13249 = FACE_BOUND('',#13250,.T.);
#13250 = EDGE_LOOP('',(#13251));
#13251 = ORIENTED_EDGE('',*,*,#13252,.T.);
#13252 = EDGE_CURVE('',#13253,#13253,#13255,.T.);
#13253 = VERTEX_POINT('',#13254);
#13254 = CARTESIAN_POINT('',(167.6,-135.2,1.51));
#13255 = CIRCLE('',#13256,1.5);
#13256 = AXIS2_PLACEMENT_3D('',#13257,#13258,#13259);
#13257 = CARTESIAN_POINT('',(167.6,-133.7,1.51));
#13258 = DIRECTION('',(-0.,0.,-1.));
#13259 = DIRECTION('',(-0.,-1.,0.));
#13260 = FACE_BOUND('',#13261,.T.);
#13261 = EDGE_LOOP('',(#13262));
#13262 = ORIENTED_EDGE('',*,*,#13263,.T.);
#13263 = EDGE_CURVE('',#13264,#13264,#13266,.T.);
#13264 = VERTEX_POINT('',#13265);
#13265 = CARTESIAN_POINT('',(174.6,-136.25,1.51));
#13266 = CIRCLE('',#13267,1.5);
#13267 = AXIS2_PLACEMENT_3D('',#13268,#13269,#13270);
#13268 = CARTESIAN_POINT('',(174.6,-134.75,1.51));
#13269 = DIRECTION('',(-0.,0.,-1.));
#13270 = DIRECTION('',(-0.,-1.,0.));
#13271 = FACE_BOUND('',#13272,.T.);
#13272 = EDGE_LOOP('',(#13273));
#13273 = ORIENTED_EDGE('',*,*,#13274,.T.);
#13274 = EDGE_CURVE('',#13275,#13275,#13277,.T.);
#13275 = VERTEX_POINT('',#13276);
#13276 = CARTESIAN_POINT('',(172.,-131.625,1.51));
#13277 = CIRCLE('',#13278,2.625);
#13278 = AXIS2_PLACEMENT_3D('',#13279,#13280,#13281);
#13279 = CARTESIAN_POINT('',(172.,-129.,1.51));
#13280 = DIRECTION('',(-0.,0.,-1.));
#13281 = DIRECTION('',(-0.,-1.,0.));
#13282 = FACE_BOUND('',#13283,.T.);
#13283 = EDGE_LOOP('',(#13284));
#13284 = ORIENTED_EDGE('',*,*,#13285,.T.);
#13285 = EDGE_CURVE('',#13286,#13286,#13288,.T.);
#13286 = VERTEX_POINT('',#13287);
#13287 = CARTESIAN_POINT('',(183.5,-138.6,1.51));
#13288 = CIRCLE('',#13289,1.1);
#13289 = AXIS2_PLACEMENT_3D('',#13290,#13291,#13292);
#13290 = CARTESIAN_POINT('',(183.5,-137.5,1.51));
#13291 = DIRECTION('',(-0.,0.,-1.));
#13292 = DIRECTION('',(-0.,-1.,0.));
#13293 = FACE_BOUND('',#13294,.T.);
#13294 = EDGE_LOOP('',(#13295));
#13295 = ORIENTED_EDGE('',*,*,#13296,.T.);
#13296 = EDGE_CURVE('',#13297,#13297,#13299,.T.);
#13297 = VERTEX_POINT('',#13298);
#13298 = CARTESIAN_POINT('',(182.5,-120.1,1.51));
#13299 = CIRCLE('',#13300,1.6);
#13300 = AXIS2_PLACEMENT_3D('',#13301,#13302,#13303);
#13301 = CARTESIAN_POINT('',(182.5,-118.5,1.51));
#13302 = DIRECTION('',(-0.,0.,-1.));
#13303 = DIRECTION('',(-0.,-1.,0.));
#13304 = FACE_BOUND('',#13305,.T.);
#13305 = EDGE_LOOP('',(#13306));
#13306 = ORIENTED_EDGE('',*,*,#13307,.T.);
#13307 = EDGE_CURVE('',#13308,#13308,#13310,.T.);
#13308 = VERTEX_POINT('',#13309);
#13309 = CARTESIAN_POINT('',(159.81,-118.21,1.51));
#13310 = CIRCLE('',#13311,0.4);
#13311 = AXIS2_PLACEMENT_3D('',#13312,#13313,#13314);
#13312 = CARTESIAN_POINT('',(159.81,-117.81,1.51));
#13313 = DIRECTION('',(-0.,0.,-1.));
#13314 = DIRECTION('',(-0.,-1.,0.));
#13315 = FACE_BOUND('',#13316,.T.);
#13316 = EDGE_LOOP('',(#13317));
#13317 = ORIENTED_EDGE('',*,*,#13318,.T.);
#13318 = EDGE_CURVE('',#13319,#13319,#13321,.T.);
#13319 = VERTEX_POINT('',#13320);
#13320 = CARTESIAN_POINT('',(163.24,-114.44,1.51));
#13321 = CIRCLE('',#13322,0.5);
#13322 = AXIS2_PLACEMENT_3D('',#13323,#13324,#13325);
#13323 = CARTESIAN_POINT('',(163.24,-113.94,1.51));
#13324 = DIRECTION('',(-0.,0.,-1.));
#13325 = DIRECTION('',(-0.,-1.,0.));
#13326 = FACE_BOUND('',#13327,.T.);
#13327 = EDGE_LOOP('',(#13328));
#13328 = ORIENTED_EDGE('',*,*,#13329,.T.);
#13329 = EDGE_CURVE('',#13330,#13330,#13332,.T.);
#13330 = VERTEX_POINT('',#13331);
#13331 = CARTESIAN_POINT('',(163.24,-111.9,1.51));
#13332 = CIRCLE('',#13333,0.5);
#13333 = AXIS2_PLACEMENT_3D('',#13334,#13335,#13336);
#13334 = CARTESIAN_POINT('',(163.24,-111.4,1.51));
#13335 = DIRECTION('',(-0.,0.,-1.));
#13336 = DIRECTION('',(-0.,-1.,0.));
#13337 = FACE_BOUND('',#13338,.T.);
#13338 = EDGE_LOOP('',(#13339));
#13339 = ORIENTED_EDGE('',*,*,#13340,.T.);
#13340 = EDGE_CURVE('',#13341,#13341,#13343,.T.);
#13341 = VERTEX_POINT('',#13342);
#13342 = CARTESIAN_POINT('',(163.24,-109.36,1.51));
#13343 = CIRCLE('',#13344,0.5);
#13344 = AXIS2_PLACEMENT_3D('',#13345,#13346,#13347);
#13345 = CARTESIAN_POINT('',(163.24,-108.86,1.51));
#13346 = DIRECTION('',(-0.,0.,-1.));
#13347 = DIRECTION('',(-0.,-1.,0.));
#13348 = FACE_BOUND('',#13349,.T.);
#13349 = EDGE_LOOP('',(#13350));
#13350 = ORIENTED_EDGE('',*,*,#13351,.T.);
#13351 = EDGE_CURVE('',#13352,#13352,#13354,.T.);
#13352 = VERTEX_POINT('',#13353);
#13353 = CARTESIAN_POINT('',(163.24,-106.82,1.51));
#13354 = CIRCLE('',#13355,0.5);
#13355 = AXIS2_PLACEMENT_3D('',#13356,#13357,#13358);
#13356 = CARTESIAN_POINT('',(163.24,-106.32,1.51));
#13357 = DIRECTION('',(-0.,0.,-1.));
#13358 = DIRECTION('',(-0.,-1.,0.));
#13359 = FACE_BOUND('',#13360,.T.);
#13360 = EDGE_LOOP('',(#13361));
#13361 = ORIENTED_EDGE('',*,*,#13362,.T.);
#13362 = EDGE_CURVE('',#13363,#13363,#13365,.T.);
#13363 = VERTEX_POINT('',#13364);
#13364 = CARTESIAN_POINT('',(163.24,-104.28,1.51));
#13365 = CIRCLE('',#13366,0.5);
#13366 = AXIS2_PLACEMENT_3D('',#13367,#13368,#13369);
#13367 = CARTESIAN_POINT('',(163.24,-103.78,1.51));
#13368 = DIRECTION('',(-0.,0.,-1.));
#13369 = DIRECTION('',(-0.,-1.,0.));
#13370 = FACE_BOUND('',#13371,.T.);
#13371 = EDGE_LOOP('',(#13372));
#13372 = ORIENTED_EDGE('',*,*,#13373,.T.);
#13373 = EDGE_CURVE('',#13374,#13374,#13376,.T.);
#13374 = VERTEX_POINT('',#13375);
#13375 = CARTESIAN_POINT('',(163.24,-101.74,1.51));
#13376 = CIRCLE('',#13377,0.5);
#13377 = AXIS2_PLACEMENT_3D('',#13378,#13379,#13380);
#13378 = CARTESIAN_POINT('',(163.24,-101.24,1.51));
#13379 = DIRECTION('',(-0.,0.,-1.));
#13380 = DIRECTION('',(-0.,-1.,0.));
#13381 = FACE_BOUND('',#13382,.T.);
#13382 = EDGE_LOOP('',(#13383));
#13383 = ORIENTED_EDGE('',*,*,#13384,.T.);
#13384 = EDGE_CURVE('',#13385,#13385,#13387,.T.);
#13385 = VERTEX_POINT('',#13386);
#13386 = CARTESIAN_POINT('',(163.24,-99.2,1.51));
#13387 = CIRCLE('',#13388,0.5);
#13388 = AXIS2_PLACEMENT_3D('',#13389,#13390,#13391);
#13389 = CARTESIAN_POINT('',(163.24,-98.7,1.51));
#13390 = DIRECTION('',(-0.,0.,-1.));
#13391 = DIRECTION('',(-0.,-1.,0.));
#13392 = FACE_BOUND('',#13393,.T.);
#13393 = EDGE_LOOP('',(#13394));
#13394 = ORIENTED_EDGE('',*,*,#13395,.T.);
#13395 = EDGE_CURVE('',#13396,#13396,#13398,.T.);
#13396 = VERTEX_POINT('',#13397);
#13397 = CARTESIAN_POINT('',(126.5,-86.05,1.51));
#13398 = CIRCLE('',#13399,0.55);
#13399 = AXIS2_PLACEMENT_3D('',#13400,#13401,#13402);
#13400 = CARTESIAN_POINT('',(126.5,-85.5,1.51));
#13401 = DIRECTION('',(-0.,0.,-1.));
#13402 = DIRECTION('',(-0.,-1.,0.));
#13403 = FACE_BOUND('',#13404,.T.);
#13404 = EDGE_LOOP('',(#13405));
#13405 = ORIENTED_EDGE('',*,*,#13406,.T.);
#13406 = EDGE_CURVE('',#13407,#13407,#13409,.T.);
#13407 = VERTEX_POINT('',#13408);
#13408 = CARTESIAN_POINT('',(126.5,-81.55,1.51));
#13409 = CIRCLE('',#13410,0.55);
#13410 = AXIS2_PLACEMENT_3D('',#13411,#13412,#13413);
#13411 = CARTESIAN_POINT('',(126.5,-81.,1.51));
#13412 = DIRECTION('',(-0.,0.,-1.));
#13413 = DIRECTION('',(-0.,-1.,0.));
#13414 = FACE_BOUND('',#13415,.T.);
#13415 = EDGE_LOOP('',(#13416));
#13416 = ORIENTED_EDGE('',*,*,#13417,.T.);
#13417 = EDGE_CURVE('',#13418,#13418,#13420,.T.);
#13418 = VERTEX_POINT('',#13419);
#13419 = CARTESIAN_POINT('',(133.,-86.05,1.51));
#13420 = CIRCLE('',#13421,0.55);
#13421 = AXIS2_PLACEMENT_3D('',#13422,#13423,#13424);
#13422 = CARTESIAN_POINT('',(133.,-85.5,1.51));
#13423 = DIRECTION('',(-0.,0.,-1.));
#13424 = DIRECTION('',(-0.,-1.,0.));
#13425 = FACE_BOUND('',#13426,.T.);
#13426 = EDGE_LOOP('',(#13427));
#13427 = ORIENTED_EDGE('',*,*,#13428,.T.);
#13428 = EDGE_CURVE('',#13429,#13429,#13431,.T.);
#13429 = VERTEX_POINT('',#13430);
#13430 = CARTESIAN_POINT('',(136.75,-86.05,1.51));
#13431 = CIRCLE('',#13432,0.55);
#13432 = AXIS2_PLACEMENT_3D('',#13433,#13434,#13435);
#13433 = CARTESIAN_POINT('',(136.75,-85.5,1.51));
#13434 = DIRECTION('',(-0.,0.,-1.));
#13435 = DIRECTION('',(-0.,-1.,0.));
#13436 = FACE_BOUND('',#13437,.T.);
#13437 = EDGE_LOOP('',(#13438));
#13438 = ORIENTED_EDGE('',*,*,#13439,.T.);
#13439 = EDGE_CURVE('',#13440,#13440,#13442,.T.);
#13440 = VERTEX_POINT('',#13441);
#13441 = CARTESIAN_POINT('',(133.,-81.55,1.51));
#13442 = CIRCLE('',#13443,0.55);
#13443 = AXIS2_PLACEMENT_3D('',#13444,#13445,#13446);
#13444 = CARTESIAN_POINT('',(133.,-81.,1.51));
#13445 = DIRECTION('',(-0.,0.,-1.));
#13446 = DIRECTION('',(-0.,-1.,0.));
#13447 = FACE_BOUND('',#13448,.T.);
#13448 = EDGE_LOOP('',(#13449));
#13449 = ORIENTED_EDGE('',*,*,#13450,.T.);
#13450 = EDGE_CURVE('',#13451,#13451,#13453,.T.);
#13451 = VERTEX_POINT('',#13452);
#13452 = CARTESIAN_POINT('',(136.75,-81.55,1.51));
#13453 = CIRCLE('',#13454,0.55);
#13454 = AXIS2_PLACEMENT_3D('',#13455,#13456,#13457);
#13455 = CARTESIAN_POINT('',(136.75,-81.,1.51));
#13456 = DIRECTION('',(-0.,0.,-1.));
#13457 = DIRECTION('',(-0.,-1.,0.));
#13458 = FACE_BOUND('',#13459,.T.);
#13459 = EDGE_LOOP('',(#13460));
#13460 = ORIENTED_EDGE('',*,*,#13461,.T.);
#13461 = EDGE_CURVE('',#13462,#13462,#13464,.T.);
#13462 = VERTEX_POINT('',#13463);
#13463 = CARTESIAN_POINT('',(141.625,-95.94,1.51));
#13464 = CIRCLE('',#13465,0.45);
#13465 = AXIS2_PLACEMENT_3D('',#13466,#13467,#13468);
#13466 = CARTESIAN_POINT('',(141.625,-95.49,1.51));
#13467 = DIRECTION('',(-0.,0.,-1.));
#13468 = DIRECTION('',(-0.,-1.,0.));
#13469 = FACE_BOUND('',#13470,.T.);
#13470 = EDGE_LOOP('',(#13471));
#13471 = ORIENTED_EDGE('',*,*,#13472,.T.);
#13472 = EDGE_CURVE('',#13473,#13473,#13475,.T.);
#13473 = VERTEX_POINT('',#13474);
#13474 = CARTESIAN_POINT('',(141.625,-93.75,1.51));
#13475 = CIRCLE('',#13476,0.75);
#13476 = AXIS2_PLACEMENT_3D('',#13477,#13478,#13479);
#13477 = CARTESIAN_POINT('',(141.625,-93.,1.51));
#13478 = DIRECTION('',(-0.,0.,-1.));
#13479 = DIRECTION('',(-0.,-1.,0.));
#13480 = FACE_BOUND('',#13481,.T.);
#13481 = EDGE_LOOP('',(#13482));
#13482 = ORIENTED_EDGE('',*,*,#13483,.T.);
#13483 = EDGE_CURVE('',#13484,#13484,#13486,.T.);
#13484 = VERTEX_POINT('',#13485);
#13485 = CARTESIAN_POINT('',(148.,-96.66,1.51));
#13486 = CIRCLE('',#13487,0.5);
#13487 = AXIS2_PLACEMENT_3D('',#13488,#13489,#13490);
#13488 = CARTESIAN_POINT('',(148.,-96.16,1.51));
#13489 = DIRECTION('',(-0.,0.,-1.));
#13490 = DIRECTION('',(-0.,-1.,0.));
#13491 = FACE_BOUND('',#13492,.T.);
#13492 = EDGE_LOOP('',(#13493));
#13493 = ORIENTED_EDGE('',*,*,#13494,.T.);
#13494 = EDGE_CURVE('',#13495,#13495,#13497,.T.);
#13495 = VERTEX_POINT('',#13496);
#13496 = CARTESIAN_POINT('',(148.,-94.12,1.51));
#13497 = CIRCLE('',#13498,0.5);
#13498 = AXIS2_PLACEMENT_3D('',#13499,#13500,#13501);
#13499 = CARTESIAN_POINT('',(148.,-93.62,1.51));
#13500 = DIRECTION('',(-0.,0.,-1.));
#13501 = DIRECTION('',(-0.,-1.,0.));
#13502 = FACE_BOUND('',#13503,.T.);
#13503 = EDGE_LOOP('',(#13504));
#13504 = ORIENTED_EDGE('',*,*,#13505,.T.);
#13505 = EDGE_CURVE('',#13506,#13506,#13508,.T.);
#13506 = VERTEX_POINT('',#13507);
#13507 = CARTESIAN_POINT('',(148.,-91.58,1.51));
#13508 = CIRCLE('',#13509,0.5);
#13509 = AXIS2_PLACEMENT_3D('',#13510,#13511,#13512);
#13510 = CARTESIAN_POINT('',(148.,-91.08,1.51));
#13511 = DIRECTION('',(-0.,0.,-1.));
#13512 = DIRECTION('',(-0.,-1.,0.));
#13513 = FACE_BOUND('',#13514,.T.);
#13514 = EDGE_LOOP('',(#13515));
#13515 = ORIENTED_EDGE('',*,*,#13516,.T.);
#13516 = EDGE_CURVE('',#13517,#13517,#13519,.T.);
#13517 = VERTEX_POINT('',#13518);
#13518 = CARTESIAN_POINT('',(148.,-89.04,1.51));
#13519 = CIRCLE('',#13520,0.5);
#13520 = AXIS2_PLACEMENT_3D('',#13521,#13522,#13523);
#13521 = CARTESIAN_POINT('',(148.,-88.54,1.51));
#13522 = DIRECTION('',(-0.,0.,-1.));
#13523 = DIRECTION('',(-0.,-1.,0.));
#13524 = FACE_BOUND('',#13525,.T.);
#13525 = EDGE_LOOP('',(#13526));
#13526 = ORIENTED_EDGE('',*,*,#13527,.T.);
#13527 = EDGE_CURVE('',#13528,#13528,#13530,.T.);
#13528 = VERTEX_POINT('',#13529);
#13529 = CARTESIAN_POINT('',(143.25,-86.05,1.51));
#13530 = CIRCLE('',#13531,0.55);
#13531 = AXIS2_PLACEMENT_3D('',#13532,#13533,#13534);
#13532 = CARTESIAN_POINT('',(143.25,-85.5,1.51));
#13533 = DIRECTION('',(-0.,0.,-1.));
#13534 = DIRECTION('',(-0.,-1.,0.));
#13535 = FACE_BOUND('',#13536,.T.);
#13536 = EDGE_LOOP('',(#13537));
#13537 = ORIENTED_EDGE('',*,*,#13538,.T.);
#13538 = EDGE_CURVE('',#13539,#13539,#13541,.T.);
#13539 = VERTEX_POINT('',#13540);
#13540 = CARTESIAN_POINT('',(143.25,-81.55,1.51));
#13541 = CIRCLE('',#13542,0.55);
#13542 = AXIS2_PLACEMENT_3D('',#13543,#13544,#13545);
#13543 = CARTESIAN_POINT('',(143.25,-81.,1.51));
#13544 = DIRECTION('',(-0.,0.,-1.));
#13545 = DIRECTION('',(-0.,-1.,0.));
#13546 = FACE_BOUND('',#13547,.T.);
#13547 = EDGE_LOOP('',(#13548));
#13548 = ORIENTED_EDGE('',*,*,#13549,.T.);
#13549 = EDGE_CURVE('',#13550,#13550,#13552,.T.);
#13550 = VERTEX_POINT('',#13551);
#13551 = CARTESIAN_POINT('',(148.,-86.5,1.51));
#13552 = CIRCLE('',#13553,0.5);
#13553 = AXIS2_PLACEMENT_3D('',#13554,#13555,#13556);
#13554 = CARTESIAN_POINT('',(148.,-86.,1.51));
#13555 = DIRECTION('',(-0.,0.,-1.));
#13556 = DIRECTION('',(-0.,-1.,0.));
#13557 = FACE_BOUND('',#13558,.T.);
#13558 = EDGE_LOOP('',(#13559));
#13559 = ORIENTED_EDGE('',*,*,#13560,.T.);
#13560 = EDGE_CURVE('',#13561,#13561,#13563,.T.);
#13561 = VERTEX_POINT('',#13562);
#13562 = CARTESIAN_POINT('',(151.38,-80.4,1.51));
#13563 = CIRCLE('',#13564,0.4);
#13564 = AXIS2_PLACEMENT_3D('',#13565,#13566,#13567);
#13565 = CARTESIAN_POINT('',(151.38,-80.,1.51));
#13566 = DIRECTION('',(-0.,0.,-1.));
#13567 = DIRECTION('',(-0.,-1.,0.));
#13568 = FACE_BOUND('',#13569,.T.);
#13569 = EDGE_LOOP('',(#13570));
#13570 = ORIENTED_EDGE('',*,*,#13571,.T.);
#13571 = EDGE_CURVE('',#13572,#13572,#13574,.T.);
#13572 = VERTEX_POINT('',#13573);
#13573 = CARTESIAN_POINT('',(125.5,-75.6,1.51));
#13574 = CIRCLE('',#13575,1.6);
#13575 = AXIS2_PLACEMENT_3D('',#13576,#13577,#13578);
#13576 = CARTESIAN_POINT('',(125.5,-74.,1.51));
#13577 = DIRECTION('',(-0.,0.,-1.));
#13578 = DIRECTION('',(-0.,-1.,0.));
#13579 = FACE_BOUND('',#13580,.T.);
#13580 = EDGE_LOOP('',(#13581,#13592,#13600,#13609));
#13581 = ORIENTED_EDGE('',*,*,#13582,.T.);
#13582 = EDGE_CURVE('',#13583,#13585,#13587,.T.);
#13583 = VERTEX_POINT('',#13584);
#13584 = CARTESIAN_POINT('',(126.38,-60.555,1.51));
#13585 = VERTEX_POINT('',#13586);
#13586 = CARTESIAN_POINT('',(126.98,-60.555,1.51));
#13587 = CIRCLE('',#13588,0.3);
#13588 = AXIS2_PLACEMENT_3D('',#13589,#13590,#13591);
#13589 = CARTESIAN_POINT('',(126.68,-60.555,1.51));
#13590 = DIRECTION('',(0.,-0.,-1.));
#13591 = DIRECTION('',(1.,4.736951571734E-14,-0.));
#13592 = ORIENTED_EDGE('',*,*,#13593,.T.);
#13593 = EDGE_CURVE('',#13585,#13594,#13596,.T.);
#13594 = VERTEX_POINT('',#13595);
#13595 = CARTESIAN_POINT('',(126.98,-61.655,1.51));
#13596 = LINE('',#13597,#13598);
#13597 = CARTESIAN_POINT('',(126.98,-30.8275,1.51));
#13598 = VECTOR('',#13599,1.);
#13599 = DIRECTION('',(0.,-1.,0.));
#13600 = ORIENTED_EDGE('',*,*,#13601,.T.);
#13601 = EDGE_CURVE('',#13594,#13602,#13604,.T.);
#13602 = VERTEX_POINT('',#13603);
#13603 = CARTESIAN_POINT('',(126.38,-61.655,1.51));
#13604 = CIRCLE('',#13605,0.3);
#13605 = AXIS2_PLACEMENT_3D('',#13606,#13607,#13608);
#13606 = CARTESIAN_POINT('',(126.68,-61.655,1.51));
#13607 = DIRECTION('',(-0.,0.,-1.));
#13608 = DIRECTION('',(-1.,-4.736951571734E-14,0.));
#13609 = ORIENTED_EDGE('',*,*,#13610,.T.);
#13610 = EDGE_CURVE('',#13602,#13583,#13611,.T.);
#13611 = LINE('',#13612,#13613);
#13612 = CARTESIAN_POINT('',(126.38,-30.2775,1.51));
#13613 = VECTOR('',#13614,1.);
#13614 = DIRECTION('',(-0.,1.,0.));
#13615 = FACE_BOUND('',#13616,.T.);
#13616 = EDGE_LOOP('',(#13617,#13628,#13636,#13645));
#13617 = ORIENTED_EDGE('',*,*,#13618,.T.);
#13618 = EDGE_CURVE('',#13619,#13621,#13623,.T.);
#13619 = VERTEX_POINT('',#13620);
#13620 = CARTESIAN_POINT('',(126.38,-56.625,1.51));
#13621 = VERTEX_POINT('',#13622);
#13622 = CARTESIAN_POINT('',(126.98,-56.625,1.51));
#13623 = CIRCLE('',#13624,0.3);
#13624 = AXIS2_PLACEMENT_3D('',#13625,#13626,#13627);
#13625 = CARTESIAN_POINT('',(126.68,-56.625,1.51));
#13626 = DIRECTION('',(0.,-0.,-1.));
#13627 = DIRECTION('',(1.,4.736951571734E-14,-0.));
#13628 = ORIENTED_EDGE('',*,*,#13629,.T.);
#13629 = EDGE_CURVE('',#13621,#13630,#13632,.T.);
#13630 = VERTEX_POINT('',#13631);
#13631 = CARTESIAN_POINT('',(126.98,-57.225,1.51));
#13632 = LINE('',#13633,#13634);
#13633 = CARTESIAN_POINT('',(126.98,-28.6125,1.51));
#13634 = VECTOR('',#13635,1.);
#13635 = DIRECTION('',(0.,-1.,0.));
#13636 = ORIENTED_EDGE('',*,*,#13637,.T.);
#13637 = EDGE_CURVE('',#13630,#13638,#13640,.T.);
#13638 = VERTEX_POINT('',#13639);
#13639 = CARTESIAN_POINT('',(126.38,-57.225,1.51));
#13640 = CIRCLE('',#13641,0.3);
#13641 = AXIS2_PLACEMENT_3D('',#13642,#13643,#13644);
#13642 = CARTESIAN_POINT('',(126.68,-57.225,1.51));
#13643 = DIRECTION('',(-0.,0.,-1.));
#13644 = DIRECTION('',(-1.,-4.736951571734E-14,0.));
#13645 = ORIENTED_EDGE('',*,*,#13646,.T.);
#13646 = EDGE_CURVE('',#13638,#13619,#13647,.T.);
#13647 = LINE('',#13648,#13649);
#13648 = CARTESIAN_POINT('',(126.38,-28.3125,1.51));
#13649 = VECTOR('',#13650,1.);
#13650 = DIRECTION('',(-0.,1.,0.));
#13651 = FACE_BOUND('',#13652,.T.);
#13652 = EDGE_LOOP('',(#13653));
#13653 = ORIENTED_EDGE('',*,*,#13654,.T.);
#13654 = EDGE_CURVE('',#13655,#13655,#13657,.T.);
#13655 = VERTEX_POINT('',#13656);
#13656 = CARTESIAN_POINT('',(128.11,-60.93,1.51));
#13657 = CIRCLE('',#13658,0.325);
#13658 = AXIS2_PLACEMENT_3D('',#13659,#13660,#13661);
#13659 = CARTESIAN_POINT('',(128.11,-60.605,1.51));
#13660 = DIRECTION('',(-0.,0.,-1.));
#13661 = DIRECTION('',(-0.,-1.,0.));
#13662 = FACE_BOUND('',#13663,.T.);
#13663 = EDGE_LOOP('',(#13664));
#13664 = ORIENTED_EDGE('',*,*,#13665,.T.);
#13665 = EDGE_CURVE('',#13666,#13666,#13668,.T.);
#13666 = VERTEX_POINT('',#13667);
#13667 = CARTESIAN_POINT('',(133.89,-60.93,1.51));
#13668 = CIRCLE('',#13669,0.325);
#13669 = AXIS2_PLACEMENT_3D('',#13670,#13671,#13672);
#13670 = CARTESIAN_POINT('',(133.89,-60.605,1.51));
#13671 = DIRECTION('',(-0.,0.,-1.));
#13672 = DIRECTION('',(-0.,-1.,0.));
#13673 = FACE_BOUND('',#13674,.T.);
#13674 = EDGE_LOOP('',(#13675,#13686,#13694,#13703));
#13675 = ORIENTED_EDGE('',*,*,#13676,.T.);
#13676 = EDGE_CURVE('',#13677,#13679,#13681,.T.);
#13677 = VERTEX_POINT('',#13678);
#13678 = CARTESIAN_POINT('',(135.02,-60.555,1.51));
#13679 = VERTEX_POINT('',#13680);
#13680 = CARTESIAN_POINT('',(135.62,-60.555,1.51));
#13681 = CIRCLE('',#13682,0.3);
#13682 = AXIS2_PLACEMENT_3D('',#13683,#13684,#13685);
#13683 = CARTESIAN_POINT('',(135.32,-60.555,1.51));
#13684 = DIRECTION('',(0.,-0.,-1.));
#13685 = DIRECTION('',(1.,-2.368475785867E-14,0.));
#13686 = ORIENTED_EDGE('',*,*,#13687,.T.);
#13687 = EDGE_CURVE('',#13679,#13688,#13690,.T.);
#13688 = VERTEX_POINT('',#13689);
#13689 = CARTESIAN_POINT('',(135.62,-61.655,1.51));
#13690 = LINE('',#13691,#13692);
#13691 = CARTESIAN_POINT('',(135.62,-30.8275,1.51));
#13692 = VECTOR('',#13693,1.);
#13693 = DIRECTION('',(0.,-1.,0.));
#13694 = ORIENTED_EDGE('',*,*,#13695,.T.);
#13695 = EDGE_CURVE('',#13688,#13696,#13698,.T.);
#13696 = VERTEX_POINT('',#13697);
#13697 = CARTESIAN_POINT('',(135.02,-61.655,1.51));
#13698 = CIRCLE('',#13699,0.3);
#13699 = AXIS2_PLACEMENT_3D('',#13700,#13701,#13702);
#13700 = CARTESIAN_POINT('',(135.32,-61.655,1.51));
#13701 = DIRECTION('',(-0.,0.,-1.));
#13702 = DIRECTION('',(-1.,2.368475785867E-14,0.));
#13703 = ORIENTED_EDGE('',*,*,#13704,.T.);
#13704 = EDGE_CURVE('',#13696,#13677,#13705,.T.);
#13705 = LINE('',#13706,#13707);
#13706 = CARTESIAN_POINT('',(135.02,-30.2775,1.51));
#13707 = VECTOR('',#13708,1.);
#13708 = DIRECTION('',(-0.,1.,0.));
#13709 = FACE_BOUND('',#13710,.T.);
#13710 = EDGE_LOOP('',(#13711,#13722,#13730,#13739));
#13711 = ORIENTED_EDGE('',*,*,#13712,.T.);
#13712 = EDGE_CURVE('',#13713,#13715,#13717,.T.);
#13713 = VERTEX_POINT('',#13714);
#13714 = CARTESIAN_POINT('',(135.02,-56.625,1.51));
#13715 = VERTEX_POINT('',#13716);
#13716 = CARTESIAN_POINT('',(135.62,-56.625,1.51));
#13717 = CIRCLE('',#13718,0.3);
#13718 = AXIS2_PLACEMENT_3D('',#13719,#13720,#13721);
#13719 = CARTESIAN_POINT('',(135.32,-56.625,1.51));
#13720 = DIRECTION('',(0.,-0.,-1.));
#13721 = DIRECTION('',(1.,-2.368475785867E-14,0.));
#13722 = ORIENTED_EDGE('',*,*,#13723,.T.);
#13723 = EDGE_CURVE('',#13715,#13724,#13726,.T.);
#13724 = VERTEX_POINT('',#13725);
#13725 = CARTESIAN_POINT('',(135.62,-57.225,1.51));
#13726 = LINE('',#13727,#13728);
#13727 = CARTESIAN_POINT('',(135.62,-28.6125,1.51));
#13728 = VECTOR('',#13729,1.);
#13729 = DIRECTION('',(0.,-1.,0.));
#13730 = ORIENTED_EDGE('',*,*,#13731,.T.);
#13731 = EDGE_CURVE('',#13724,#13732,#13734,.T.);
#13732 = VERTEX_POINT('',#13733);
#13733 = CARTESIAN_POINT('',(135.02,-57.225,1.51));
#13734 = CIRCLE('',#13735,0.3);
#13735 = AXIS2_PLACEMENT_3D('',#13736,#13737,#13738);
#13736 = CARTESIAN_POINT('',(135.32,-57.225,1.51));
#13737 = DIRECTION('',(-0.,0.,-1.));
#13738 = DIRECTION('',(-1.,2.368475785867E-14,0.));
#13739 = ORIENTED_EDGE('',*,*,#13740,.T.);
#13740 = EDGE_CURVE('',#13732,#13713,#13741,.T.);
#13741 = LINE('',#13742,#13743);
#13742 = CARTESIAN_POINT('',(135.02,-28.3125,1.51));
#13743 = VECTOR('',#13744,1.);
#13744 = DIRECTION('',(-0.,1.,0.));
#13745 = FACE_BOUND('',#13746,.T.);
#13746 = EDGE_LOOP('',(#13747));
#13747 = ORIENTED_EDGE('',*,*,#13748,.T.);
#13748 = EDGE_CURVE('',#13749,#13749,#13751,.T.);
#13749 = VERTEX_POINT('',#13750);
#13750 = CARTESIAN_POINT('',(152.5,-60.1,1.51));
#13751 = CIRCLE('',#13752,1.6);
#13752 = AXIS2_PLACEMENT_3D('',#13753,#13754,#13755);
#13753 = CARTESIAN_POINT('',(152.5,-58.5,1.51));
#13754 = DIRECTION('',(-0.,0.,-1.));
#13755 = DIRECTION('',(-0.,-1.,0.));
#13756 = FACE_BOUND('',#13757,.T.);
#13757 = EDGE_LOOP('',(#13758));
#13758 = ORIENTED_EDGE('',*,*,#13759,.T.);
#13759 = EDGE_CURVE('',#13760,#13760,#13762,.T.);
#13760 = VERTEX_POINT('',#13761);
#13761 = CARTESIAN_POINT('',(163.24,-96.66,1.51));
#13762 = CIRCLE('',#13763,0.5);
#13763 = AXIS2_PLACEMENT_3D('',#13764,#13765,#13766);
#13764 = CARTESIAN_POINT('',(163.24,-96.16,1.51));
#13765 = DIRECTION('',(-0.,0.,-1.));
#13766 = DIRECTION('',(-0.,-1.,0.));
#13767 = FACE_BOUND('',#13768,.T.);
#13768 = EDGE_LOOP('',(#13769));
#13769 = ORIENTED_EDGE('',*,*,#13770,.T.);
#13770 = EDGE_CURVE('',#13771,#13771,#13773,.T.);
#13771 = VERTEX_POINT('',#13772);
#13772 = CARTESIAN_POINT('',(163.24,-94.12,1.51));
#13773 = CIRCLE('',#13774,0.5);
#13774 = AXIS2_PLACEMENT_3D('',#13775,#13776,#13777);
#13775 = CARTESIAN_POINT('',(163.24,-93.62,1.51));
#13776 = DIRECTION('',(-0.,0.,-1.));
#13777 = DIRECTION('',(-0.,-1.,0.));
#13778 = FACE_BOUND('',#13779,.T.);
#13779 = EDGE_LOOP('',(#13780));
#13780 = ORIENTED_EDGE('',*,*,#13781,.T.);
#13781 = EDGE_CURVE('',#13782,#13782,#13784,.T.);
#13782 = VERTEX_POINT('',#13783);
#13783 = CARTESIAN_POINT('',(163.24,-91.58,1.51));
#13784 = CIRCLE('',#13785,0.5);
#13785 = AXIS2_PLACEMENT_3D('',#13786,#13787,#13788);
#13786 = CARTESIAN_POINT('',(163.24,-91.08,1.51));
#13787 = DIRECTION('',(-0.,0.,-1.));
#13788 = DIRECTION('',(-0.,-1.,0.));
#13789 = FACE_BOUND('',#13790,.T.);
#13790 = EDGE_LOOP('',(#13791));
#13791 = ORIENTED_EDGE('',*,*,#13792,.T.);
#13792 = EDGE_CURVE('',#13793,#13793,#13795,.T.);
#13793 = VERTEX_POINT('',#13794);
#13794 = CARTESIAN_POINT('',(163.24,-89.04,1.51));
#13795 = CIRCLE('',#13796,0.5);
#13796 = AXIS2_PLACEMENT_3D('',#13797,#13798,#13799);
#13797 = CARTESIAN_POINT('',(163.24,-88.54,1.51));
#13798 = DIRECTION('',(-0.,0.,-1.));
#13799 = DIRECTION('',(-0.,-1.,0.));
#13800 = FACE_BOUND('',#13801,.T.);
#13801 = EDGE_LOOP('',(#13802));
#13802 = ORIENTED_EDGE('',*,*,#13803,.T.);
#13803 = EDGE_CURVE('',#13804,#13804,#13806,.T.);
#13804 = VERTEX_POINT('',#13805);
#13805 = CARTESIAN_POINT('',(159.,-80.4,1.51));
#13806 = CIRCLE('',#13807,0.4);
#13807 = AXIS2_PLACEMENT_3D('',#13808,#13809,#13810);
#13808 = CARTESIAN_POINT('',(159.,-80.,1.51));
#13809 = DIRECTION('',(-0.,0.,-1.));
#13810 = DIRECTION('',(-0.,-1.,0.));
#13811 = FACE_BOUND('',#13812,.T.);
#13812 = EDGE_LOOP('',(#13813));
#13813 = ORIENTED_EDGE('',*,*,#13814,.T.);
#13814 = EDGE_CURVE('',#13815,#13815,#13817,.T.);
#13815 = VERTEX_POINT('',#13816);
#13816 = CARTESIAN_POINT('',(163.24,-86.5,1.51));
#13817 = CIRCLE('',#13818,0.5);
#13818 = AXIS2_PLACEMENT_3D('',#13819,#13820,#13821);
#13819 = CARTESIAN_POINT('',(163.24,-86.,1.51));
#13820 = DIRECTION('',(-0.,0.,-1.));
#13821 = DIRECTION('',(-0.,-1.,0.));
#13822 = FACE_BOUND('',#13823,.T.);
#13823 = EDGE_LOOP('',(#13824));
#13824 = ORIENTED_EDGE('',*,*,#13825,.T.);
#13825 = EDGE_CURVE('',#13826,#13826,#13828,.T.);
#13826 = VERTEX_POINT('',#13827);
#13827 = CARTESIAN_POINT('',(164.5,-75.1,1.51));
#13828 = CIRCLE('',#13829,1.6);
#13829 = AXIS2_PLACEMENT_3D('',#13830,#13831,#13832);
#13830 = CARTESIAN_POINT('',(164.5,-73.5,1.51));
#13831 = DIRECTION('',(-0.,0.,-1.));
#13832 = DIRECTION('',(-0.,-1.,0.));
#13833 = PLANE('',#13834);
#13834 = AXIS2_PLACEMENT_3D('',#13835,#13836,#13837);
#13835 = CARTESIAN_POINT('',(0.,0.,1.51));
#13836 = DIRECTION('',(0.,0.,1.));
#13837 = DIRECTION('',(1.,0.,-0.));
#13838 = ADVANCED_FACE('',(#13839),#13850,.T.);
#13839 = FACE_BOUND('',#13840,.T.);
#13840 = EDGE_LOOP('',(#13841,#13847,#13848,#13849));
#13841 = ORIENTED_EDGE('',*,*,#13842,.T.);
#13842 = EDGE_CURVE('',#11991,#12918,#13843,.T.);
#13843 = LINE('',#13844,#13845);
#13844 = CARTESIAN_POINT('',(122.,-55.,0.));
#13845 = VECTOR('',#13846,1.);
#13846 = DIRECTION('',(0.,0.,1.));
#13847 = ORIENTED_EDGE('',*,*,#12917,.T.);
#13848 = ORIENTED_EDGE('',*,*,#11926,.F.);
#13849 = ORIENTED_EDGE('',*,*,#11990,.F.);
#13850 = PLANE('',#13851);
#13851 = AXIS2_PLACEMENT_3D('',#13852,#13853,#13854);
#13852 = CARTESIAN_POINT('',(122.,-55.,0.));
#13853 = DIRECTION('',(0.,1.,0.));
#13854 = DIRECTION('',(1.,0.,0.));
#13855 = ADVANCED_FACE('',(#13856),#13867,.T.);
#13856 = FACE_BOUND('',#13857,.T.);
#13857 = EDGE_LOOP('',(#13858,#13859,#13860,#13866));
#13858 = ORIENTED_EDGE('',*,*,#11966,.T.);
#13859 = ORIENTED_EDGE('',*,*,#12949,.T.);
#13860 = ORIENTED_EDGE('',*,*,#13861,.F.);
#13861 = EDGE_CURVE('',#12015,#12942,#13862,.T.);
#13862 = LINE('',#13863,#13864);
#13863 = CARTESIAN_POINT('',(186.,-115.,0.));
#13864 = VECTOR('',#13865,1.);
#13865 = DIRECTION('',(0.,0.,1.));
#13866 = ORIENTED_EDGE('',*,*,#12022,.F.);
#13867 = PLANE('',#13868);
#13868 = AXIS2_PLACEMENT_3D('',#13869,#13870,#13871);
#13869 = CARTESIAN_POINT('',(168.,-115.,0.));
#13870 = DIRECTION('',(0.,1.,0.));
#13871 = DIRECTION('',(1.,0.,0.));
#13872 = ADVANCED_FACE('',(#13873),#13884,.T.);
#13873 = FACE_BOUND('',#13874,.T.);
#13874 = EDGE_LOOP('',(#13875,#13881,#13882,#13883));
#13875 = ORIENTED_EDGE('',*,*,#13876,.T.);
#13876 = EDGE_CURVE('',#11999,#12926,#13877,.T.);
#13877 = LINE('',#13878,#13879);
#13878 = CARTESIAN_POINT('',(122.,-140.,0.));
#13879 = VECTOR('',#13880,1.);
#13880 = DIRECTION('',(0.,0.,1.));
#13881 = ORIENTED_EDGE('',*,*,#12925,.T.);
#13882 = ORIENTED_EDGE('',*,*,#13842,.F.);
#13883 = ORIENTED_EDGE('',*,*,#11998,.F.);
#13884 = PLANE('',#13885);
#13885 = AXIS2_PLACEMENT_3D('',#13886,#13887,#13888);
#13886 = CARTESIAN_POINT('',(122.,-140.,0.));
#13887 = DIRECTION('',(-1.,0.,0.));
#13888 = DIRECTION('',(0.,1.,0.));
#13889 = ADVANCED_FACE('',(#13890),#13901,.T.);
#13890 = FACE_BOUND('',#13891,.T.);
#13891 = EDGE_LOOP('',(#13892,#13893,#13894,#13900));
#13892 = ORIENTED_EDGE('',*,*,#13861,.T.);
#13893 = ORIENTED_EDGE('',*,*,#12941,.T.);
#13894 = ORIENTED_EDGE('',*,*,#13895,.F.);
#13895 = EDGE_CURVE('',#12007,#12934,#13896,.T.);
#13896 = LINE('',#13897,#13898);
#13897 = CARTESIAN_POINT('',(186.,-140.,0.));
#13898 = VECTOR('',#13899,1.);
#13899 = DIRECTION('',(0.,0.,1.));
#13900 = ORIENTED_EDGE('',*,*,#12014,.F.);
#13901 = PLANE('',#13902);
#13902 = AXIS2_PLACEMENT_3D('',#13903,#13904,#13905);
#13903 = CARTESIAN_POINT('',(186.,-115.,0.));
#13904 = DIRECTION('',(1.,0.,-0.));
#13905 = DIRECTION('',(0.,-1.,0.));
#13906 = ADVANCED_FACE('',(#13907),#13913,.T.);
#13907 = FACE_BOUND('',#13908,.T.);
#13908 = EDGE_LOOP('',(#13909,#13910,#13911,#13912));
#13909 = ORIENTED_EDGE('',*,*,#13895,.T.);
#13910 = ORIENTED_EDGE('',*,*,#12933,.T.);
#13911 = ORIENTED_EDGE('',*,*,#13876,.F.);
#13912 = ORIENTED_EDGE('',*,*,#12006,.F.);
#13913 = PLANE('',#13914);
#13914 = AXIS2_PLACEMENT_3D('',#13915,#13916,#13917);
#13915 = CARTESIAN_POINT('',(186.,-140.,0.));
#13916 = DIRECTION('',(0.,-1.,0.));
#13917 = DIRECTION('',(-1.,0.,0.));
#13918 = ADVANCED_FACE('',(#13919),#13930,.F.);
#13919 = FACE_BOUND('',#13920,.T.);
#13920 = EDGE_LOOP('',(#13921,#13922,#13928,#13929));
#13921 = ORIENTED_EDGE('',*,*,#12031,.T.);
#13922 = ORIENTED_EDGE('',*,*,#13923,.T.);
#13923 = EDGE_CURVE('',#12032,#12959,#13924,.T.);
#13924 = LINE('',#13925,#13926);
#13925 = CARTESIAN_POINT('',(125.5,-138.1,-4.6E-02));
#13926 = VECTOR('',#13927,1.);
#13927 = DIRECTION('',(0.,0.,1.));
#13928 = ORIENTED_EDGE('',*,*,#12958,.F.);
#13929 = ORIENTED_EDGE('',*,*,#13923,.F.);
#13930 = CYLINDRICAL_SURFACE('',#13931,1.6);
#13931 = AXIS2_PLACEMENT_3D('',#13932,#13933,#13934);
#13932 = CARTESIAN_POINT('',(125.5,-136.5,-4.6E-02));
#13933 = DIRECTION('',(-0.,-0.,-1.));
#13934 = DIRECTION('',(-0.,-1.,0.));
#13935 = ADVANCED_FACE('',(#13936),#13947,.F.);
#13936 = FACE_BOUND('',#13937,.T.);
#13937 = EDGE_LOOP('',(#13938,#13939,#13945,#13946));
#13938 = ORIENTED_EDGE('',*,*,#12042,.T.);
#13939 = ORIENTED_EDGE('',*,*,#13940,.T.);
#13940 = EDGE_CURVE('',#12043,#12970,#13941,.T.);
#13941 = LINE('',#13942,#13943);
#13942 = CARTESIAN_POINT('',(134.6,-130.25,-4.6E-02));
#13943 = VECTOR('',#13944,1.);
#13944 = DIRECTION('',(0.,0.,1.));
#13945 = ORIENTED_EDGE('',*,*,#12969,.F.);
#13946 = ORIENTED_EDGE('',*,*,#13940,.F.);
#13947 = CYLINDRICAL_SURFACE('',#13948,1.5);
#13948 = AXIS2_PLACEMENT_3D('',#13949,#13950,#13951);
#13949 = CARTESIAN_POINT('',(134.6,-128.75,-4.6E-02));
#13950 = DIRECTION('',(-0.,-0.,-1.));
#13951 = DIRECTION('',(-0.,-1.,0.));
#13952 = ADVANCED_FACE('',(#13953),#13964,.F.);
#13953 = FACE_BOUND('',#13954,.T.);
#13954 = EDGE_LOOP('',(#13955,#13956,#13962,#13963));
#13955 = ORIENTED_EDGE('',*,*,#12053,.T.);
#13956 = ORIENTED_EDGE('',*,*,#13957,.T.);
#13957 = EDGE_CURVE('',#12054,#12981,#13958,.T.);
#13958 = LINE('',#13959,#13960);
#13959 = CARTESIAN_POINT('',(127.6,-129.2,-4.6E-02));
#13960 = VECTOR('',#13961,1.);
#13961 = DIRECTION('',(0.,0.,1.));
#13962 = ORIENTED_EDGE('',*,*,#12980,.F.);
#13963 = ORIENTED_EDGE('',*,*,#13957,.F.);
#13964 = CYLINDRICAL_SURFACE('',#13965,1.5);
#13965 = AXIS2_PLACEMENT_3D('',#13966,#13967,#13968);
#13966 = CARTESIAN_POINT('',(127.6,-127.7,-4.6E-02));
#13967 = DIRECTION('',(-0.,-0.,-1.));
#13968 = DIRECTION('',(-0.,-1.,0.));
#13969 = ADVANCED_FACE('',(#13970),#13981,.F.);
#13970 = FACE_BOUND('',#13971,.T.);
#13971 = EDGE_LOOP('',(#13972,#13973,#13979,#13980));
#13972 = ORIENTED_EDGE('',*,*,#12064,.T.);
#13973 = ORIENTED_EDGE('',*,*,#13974,.T.);
#13974 = EDGE_CURVE('',#12065,#12992,#13975,.T.);
#13975 = LINE('',#13976,#13977);
#13976 = CARTESIAN_POINT('',(132.,-125.625,-4.6E-02));
#13977 = VECTOR('',#13978,1.);
#13978 = DIRECTION('',(0.,0.,1.));
#13979 = ORIENTED_EDGE('',*,*,#12991,.F.);
#13980 = ORIENTED_EDGE('',*,*,#13974,.F.);
#13981 = CYLINDRICAL_SURFACE('',#13982,2.625);
#13982 = AXIS2_PLACEMENT_3D('',#13983,#13984,#13985);
#13983 = CARTESIAN_POINT('',(132.,-123.,-4.6E-02));
#13984 = DIRECTION('',(-0.,-0.,-1.));
#13985 = DIRECTION('',(-0.,-1.,0.));
#13986 = ADVANCED_FACE('',(#13987),#13998,.F.);
#13987 = FACE_BOUND('',#13988,.T.);
#13988 = EDGE_LOOP('',(#13989,#13990,#13996,#13997));
#13989 = ORIENTED_EDGE('',*,*,#12075,.T.);
#13990 = ORIENTED_EDGE('',*,*,#13991,.T.);
#13991 = EDGE_CURVE('',#12076,#13003,#13992,.T.);
#13992 = LINE('',#13993,#13994);
#13993 = CARTESIAN_POINT('',(147.6,-135.2,-4.6E-02));
#13994 = VECTOR('',#13995,1.);
#13995 = DIRECTION('',(0.,0.,1.));
#13996 = ORIENTED_EDGE('',*,*,#13002,.F.);
#13997 = ORIENTED_EDGE('',*,*,#13991,.F.);
#13998 = CYLINDRICAL_SURFACE('',#13999,1.5);
#13999 = AXIS2_PLACEMENT_3D('',#14000,#14001,#14002);
#14000 = CARTESIAN_POINT('',(147.6,-133.7,-4.6E-02));
#14001 = DIRECTION('',(-0.,-0.,-1.));
#14002 = DIRECTION('',(-0.,-1.,0.));
#14003 = ADVANCED_FACE('',(#14004),#14015,.F.);
#14004 = FACE_BOUND('',#14005,.T.);
#14005 = EDGE_LOOP('',(#14006,#14007,#14013,#14014));
#14006 = ORIENTED_EDGE('',*,*,#12086,.T.);
#14007 = ORIENTED_EDGE('',*,*,#14008,.T.);
#14008 = EDGE_CURVE('',#12087,#13014,#14009,.T.);
#14009 = LINE('',#14010,#14011);
#14010 = CARTESIAN_POINT('',(152.,-131.625,-4.6E-02));
#14011 = VECTOR('',#14012,1.);
#14012 = DIRECTION('',(0.,0.,1.));
#14013 = ORIENTED_EDGE('',*,*,#13013,.F.);
#14014 = ORIENTED_EDGE('',*,*,#14008,.F.);
#14015 = CYLINDRICAL_SURFACE('',#14016,2.625);
#14016 = AXIS2_PLACEMENT_3D('',#14017,#14018,#14019);
#14017 = CARTESIAN_POINT('',(152.,-129.,-4.6E-02));
#14018 = DIRECTION('',(-0.,-0.,-1.));
#14019 = DIRECTION('',(-0.,-1.,0.));
#14020 = ADVANCED_FACE('',(#14021),#14037,.T.);
#14021 = FACE_BOUND('',#14022,.T.);
#14022 = EDGE_LOOP('',(#14023,#14029,#14030,#14036));
#14023 = ORIENTED_EDGE('',*,*,#14024,.T.);
#14024 = EDGE_CURVE('',#12098,#13025,#14025,.T.);
#14025 = LINE('',#14026,#14027);
#14026 = CARTESIAN_POINT('',(128.3,-91.7,0.));
#14027 = VECTOR('',#14028,1.);
#14028 = DIRECTION('',(0.,0.,1.));
#14029 = ORIENTED_EDGE('',*,*,#13024,.T.);
#14030 = ORIENTED_EDGE('',*,*,#14031,.F.);
#14031 = EDGE_CURVE('',#12100,#13027,#14032,.T.);
#14032 = LINE('',#14033,#14034);
#14033 = CARTESIAN_POINT('',(126.5,-91.7,0.));
#14034 = VECTOR('',#14035,1.);
#14035 = DIRECTION('',(0.,0.,1.));
#14036 = ORIENTED_EDGE('',*,*,#12097,.F.);
#14037 = PLANE('',#14038);
#14038 = AXIS2_PLACEMENT_3D('',#14039,#14040,#14041);
#14039 = CARTESIAN_POINT('',(128.3,-91.7,0.));
#14040 = DIRECTION('',(0.,-1.,0.));
#14041 = DIRECTION('',(-1.,0.,0.));
#14042 = ADVANCED_FACE('',(#14043),#14054,.T.);
#14043 = FACE_BOUND('',#14044,.T.);
#14044 = EDGE_LOOP('',(#14045,#14051,#14052,#14053));
#14045 = ORIENTED_EDGE('',*,*,#14046,.T.);
#14046 = EDGE_CURVE('',#12108,#13035,#14047,.T.);
#14047 = LINE('',#14048,#14049);
#14048 = CARTESIAN_POINT('',(128.3591,-91.702882,0.));
#14049 = VECTOR('',#14050,1.);
#14050 = DIRECTION('',(0.,0.,1.));
#14051 = ORIENTED_EDGE('',*,*,#13034,.T.);
#14052 = ORIENTED_EDGE('',*,*,#14024,.F.);
#14053 = ORIENTED_EDGE('',*,*,#12107,.F.);
#14054 = PLANE('',#14055);
#14055 = AXIS2_PLACEMENT_3D('',#14056,#14057,#14058);
#14056 = CARTESIAN_POINT('',(128.3591,-91.702882,0.));
#14057 = DIRECTION('',(-4.870692711437E-02,-0.998813113275,0.));
#14058 = DIRECTION('',(-0.998813113275,4.870692711437E-02,0.));
#14059 = ADVANCED_FACE('',(#14060),#14071,.T.);
#14060 = FACE_BOUND('',#14061,.T.);
#14061 = EDGE_LOOP('',(#14062,#14063,#14064,#14070));
#14062 = ORIENTED_EDGE('',*,*,#14031,.T.);
#14063 = ORIENTED_EDGE('',*,*,#13090,.T.);
#14064 = ORIENTED_EDGE('',*,*,#14065,.F.);
#14065 = EDGE_CURVE('',#12156,#13083,#14066,.T.);
#14066 = LINE('',#14067,#14068);
#14067 = CARTESIAN_POINT('',(126.2,-92.,0.));
#14068 = VECTOR('',#14069,1.);
#14069 = DIRECTION('',(0.,0.,1.));
#14070 = ORIENTED_EDGE('',*,*,#12163,.F.);
#14071 = PLANE('',#14072);
#14072 = AXIS2_PLACEMENT_3D('',#14073,#14074,#14075);
#14073 = CARTESIAN_POINT('',(126.5,-91.7,0.));
#14074 = DIRECTION('',(0.707106781187,-0.707106781187,0.));
#14075 = DIRECTION('',(-0.707106781187,-0.707106781187,0.));
#14076 = ADVANCED_FACE('',(#14077),#14088,.T.);
#14077 = FACE_BOUND('',#14078,.T.);
#14078 = EDGE_LOOP('',(#14079,#14085,#14086,#14087));
#14079 = ORIENTED_EDGE('',*,*,#14080,.T.);
#14080 = EDGE_CURVE('',#12116,#13043,#14081,.T.);
#14081 = LINE('',#14082,#14083);
#14082 = CARTESIAN_POINT('',(128.6,-92.,0.));
#14083 = VECTOR('',#14084,1.);
#14084 = DIRECTION('',(0.,0.,1.));
#14085 = ORIENTED_EDGE('',*,*,#13042,.T.);
#14086 = ORIENTED_EDGE('',*,*,#14046,.F.);
#14087 = ORIENTED_EDGE('',*,*,#12115,.F.);
#14088 = PLANE('',#14089);
#14089 = AXIS2_PLACEMENT_3D('',#14090,#14091,#14092);
#14090 = CARTESIAN_POINT('',(128.6,-92.,0.));
#14091 = DIRECTION('',(-0.77676404445,-0.629791726883,0.));
#14092 = DIRECTION('',(-0.629791726883,0.77676404445,0.));
#14093 = ADVANCED_FACE('',(#14094),#14105,.T.);
#14094 = FACE_BOUND('',#14095,.T.);
#14095 = EDGE_LOOP('',(#14096,#14097,#14098,#14104));
#14096 = ORIENTED_EDGE('',*,*,#14065,.T.);
#14097 = ORIENTED_EDGE('',*,*,#13082,.T.);
#14098 = ORIENTED_EDGE('',*,*,#14099,.F.);
#14099 = EDGE_CURVE('',#12148,#13075,#14100,.T.);
#14100 = LINE('',#14101,#14102);
#14101 = CARTESIAN_POINT('',(126.2,-105.6,0.));
#14102 = VECTOR('',#14103,1.);
#14103 = DIRECTION('',(0.,0.,1.));
#14104 = ORIENTED_EDGE('',*,*,#12155,.F.);
#14105 = PLANE('',#14106);
#14106 = AXIS2_PLACEMENT_3D('',#14107,#14108,#14109);
#14107 = CARTESIAN_POINT('',(126.2,-92.,0.));
#14108 = DIRECTION('',(1.,0.,-0.));
#14109 = DIRECTION('',(0.,-1.,0.));
#14110 = ADVANCED_FACE('',(#14111),#14122,.T.);
#14111 = FACE_BOUND('',#14112,.T.);
#14112 = EDGE_LOOP('',(#14113,#14119,#14120,#14121));
#14113 = ORIENTED_EDGE('',*,*,#14114,.T.);
#14114 = EDGE_CURVE('',#12124,#13051,#14115,.T.);
#14115 = LINE('',#14116,#14117);
#14116 = CARTESIAN_POINT('',(128.6,-105.6,0.));
#14117 = VECTOR('',#14118,1.);
#14118 = DIRECTION('',(0.,0.,1.));
#14119 = ORIENTED_EDGE('',*,*,#13050,.T.);
#14120 = ORIENTED_EDGE('',*,*,#14080,.F.);
#14121 = ORIENTED_EDGE('',*,*,#12123,.F.);
#14122 = PLANE('',#14123);
#14123 = AXIS2_PLACEMENT_3D('',#14124,#14125,#14126);
#14124 = CARTESIAN_POINT('',(128.6,-105.6,0.));
#14125 = DIRECTION('',(-1.,0.,0.));
#14126 = DIRECTION('',(0.,1.,0.));
#14127 = ADVANCED_FACE('',(#14128),#14139,.T.);
#14128 = FACE_BOUND('',#14129,.T.);
#14129 = EDGE_LOOP('',(#14130,#14131,#14132,#14138));
#14130 = ORIENTED_EDGE('',*,*,#14099,.T.);
#14131 = ORIENTED_EDGE('',*,*,#13074,.T.);
#14132 = ORIENTED_EDGE('',*,*,#14133,.F.);
#14133 = EDGE_CURVE('',#12140,#13067,#14134,.T.);
#14134 = LINE('',#14135,#14136);
#14135 = CARTESIAN_POINT('',(126.5,-105.9,0.));
#14136 = VECTOR('',#14137,1.);
#14137 = DIRECTION('',(0.,0.,1.));
#14138 = ORIENTED_EDGE('',*,*,#12147,.F.);
#14139 = PLANE('',#14140);
#14140 = AXIS2_PLACEMENT_3D('',#14141,#14142,#14143);
#14141 = CARTESIAN_POINT('',(126.2,-105.6,0.));
#14142 = DIRECTION('',(0.707106781187,0.707106781187,-0.));
#14143 = DIRECTION('',(0.707106781187,-0.707106781187,0.));
#14144 = ADVANCED_FACE('',(#14145),#14156,.T.);
#14145 = FACE_BOUND('',#14146,.T.);
#14146 = EDGE_LOOP('',(#14147,#14153,#14154,#14155));
#14147 = ORIENTED_EDGE('',*,*,#14148,.T.);
#14148 = EDGE_CURVE('',#12132,#13059,#14149,.T.);
#14149 = LINE('',#14150,#14151);
#14150 = CARTESIAN_POINT('',(128.3,-105.9,0.));
#14151 = VECTOR('',#14152,1.);
#14152 = DIRECTION('',(0.,0.,1.));
#14153 = ORIENTED_EDGE('',*,*,#13058,.T.);
#14154 = ORIENTED_EDGE('',*,*,#14114,.F.);
#14155 = ORIENTED_EDGE('',*,*,#12131,.F.);
#14156 = PLANE('',#14157);
#14157 = AXIS2_PLACEMENT_3D('',#14158,#14159,#14160);
#14158 = CARTESIAN_POINT('',(128.3,-105.9,0.));
#14159 = DIRECTION('',(-0.707106781187,0.707106781187,0.));
#14160 = DIRECTION('',(0.707106781187,0.707106781187,0.));
#14161 = ADVANCED_FACE('',(#14162),#14168,.T.);
#14162 = FACE_BOUND('',#14163,.T.);
#14163 = EDGE_LOOP('',(#14164,#14165,#14166,#14167));
#14164 = ORIENTED_EDGE('',*,*,#14133,.T.);
#14165 = ORIENTED_EDGE('',*,*,#13066,.T.);
#14166 = ORIENTED_EDGE('',*,*,#14148,.F.);
#14167 = ORIENTED_EDGE('',*,*,#12139,.F.);
#14168 = PLANE('',#14169);
#14169 = AXIS2_PLACEMENT_3D('',#14170,#14171,#14172);
#14170 = CARTESIAN_POINT('',(126.5,-105.9,0.));
#14171 = DIRECTION('',(0.,1.,0.));
#14172 = DIRECTION('',(1.,0.,0.));
#14173 = ADVANCED_FACE('',(#14174),#14185,.F.);
#14174 = FACE_BOUND('',#14175,.T.);
#14175 = EDGE_LOOP('',(#14176,#14177,#14183,#14184));
#14176 = ORIENTED_EDGE('',*,*,#12171,.T.);
#14177 = ORIENTED_EDGE('',*,*,#14178,.T.);
#14178 = EDGE_CURVE('',#12172,#13099,#14179,.T.);
#14179 = LINE('',#14180,#14181);
#14180 = CARTESIAN_POINT('',(148.,-114.44,-4.6E-02));
#14181 = VECTOR('',#14182,1.);
#14182 = DIRECTION('',(0.,0.,1.));
#14183 = ORIENTED_EDGE('',*,*,#13098,.F.);
#14184 = ORIENTED_EDGE('',*,*,#14178,.F.);
#14185 = CYLINDRICAL_SURFACE('',#14186,0.5);
#14186 = AXIS2_PLACEMENT_3D('',#14187,#14188,#14189);
#14187 = CARTESIAN_POINT('',(148.,-113.94,-4.6E-02));
#14188 = DIRECTION('',(-0.,-0.,-1.));
#14189 = DIRECTION('',(-0.,-1.,0.));
#14190 = ADVANCED_FACE('',(#14191),#14202,.F.);
#14191 = FACE_BOUND('',#14192,.T.);
#14192 = EDGE_LOOP('',(#14193,#14194,#14200,#14201));
#14193 = ORIENTED_EDGE('',*,*,#12182,.T.);
#14194 = ORIENTED_EDGE('',*,*,#14195,.T.);
#14195 = EDGE_CURVE('',#12183,#13110,#14196,.T.);
#14196 = LINE('',#14197,#14198);
#14197 = CARTESIAN_POINT('',(152.19,-118.21,-4.6E-02));
#14198 = VECTOR('',#14199,1.);
#14199 = DIRECTION('',(0.,0.,1.));
#14200 = ORIENTED_EDGE('',*,*,#13109,.F.);
#14201 = ORIENTED_EDGE('',*,*,#14195,.F.);
#14202 = CYLINDRICAL_SURFACE('',#14203,0.4);
#14203 = AXIS2_PLACEMENT_3D('',#14204,#14205,#14206);
#14204 = CARTESIAN_POINT('',(152.19,-117.81,-4.6E-02));
#14205 = DIRECTION('',(-0.,-0.,-1.));
#14206 = DIRECTION('',(-0.,-1.,0.));
#14207 = ADVANCED_FACE('',(#14208),#14219,.F.);
#14208 = FACE_BOUND('',#14209,.T.);
#14209 = EDGE_LOOP('',(#14210,#14211,#14217,#14218));
#14210 = ORIENTED_EDGE('',*,*,#12193,.T.);
#14211 = ORIENTED_EDGE('',*,*,#14212,.T.);
#14212 = EDGE_CURVE('',#12194,#13121,#14213,.T.);
#14213 = LINE('',#14214,#14215);
#14214 = CARTESIAN_POINT('',(148.,-111.9,-4.6E-02));
#14215 = VECTOR('',#14216,1.);
#14216 = DIRECTION('',(0.,0.,1.));
#14217 = ORIENTED_EDGE('',*,*,#13120,.F.);
#14218 = ORIENTED_EDGE('',*,*,#14212,.F.);
#14219 = CYLINDRICAL_SURFACE('',#14220,0.5);
#14220 = AXIS2_PLACEMENT_3D('',#14221,#14222,#14223);
#14221 = CARTESIAN_POINT('',(148.,-111.4,-4.6E-02));
#14222 = DIRECTION('',(-0.,-0.,-1.));
#14223 = DIRECTION('',(-0.,-1.,0.));
#14224 = ADVANCED_FACE('',(#14225),#14236,.F.);
#14225 = FACE_BOUND('',#14226,.T.);
#14226 = EDGE_LOOP('',(#14227,#14228,#14234,#14235));
#14227 = ORIENTED_EDGE('',*,*,#12204,.T.);
#14228 = ORIENTED_EDGE('',*,*,#14229,.T.);
#14229 = EDGE_CURVE('',#12205,#13132,#14230,.T.);
#14230 = LINE('',#14231,#14232);
#14231 = CARTESIAN_POINT('',(148.,-109.36,-4.6E-02));
#14232 = VECTOR('',#14233,1.);
#14233 = DIRECTION('',(0.,0.,1.));
#14234 = ORIENTED_EDGE('',*,*,#13131,.F.);
#14235 = ORIENTED_EDGE('',*,*,#14229,.F.);
#14236 = CYLINDRICAL_SURFACE('',#14237,0.5);
#14237 = AXIS2_PLACEMENT_3D('',#14238,#14239,#14240);
#14238 = CARTESIAN_POINT('',(148.,-108.86,-4.6E-02));
#14239 = DIRECTION('',(-0.,-0.,-1.));
#14240 = DIRECTION('',(-0.,-1.,0.));
#14241 = ADVANCED_FACE('',(#14242),#14253,.F.);
#14242 = FACE_BOUND('',#14243,.T.);
#14243 = EDGE_LOOP('',(#14244,#14245,#14251,#14252));
#14244 = ORIENTED_EDGE('',*,*,#12215,.T.);
#14245 = ORIENTED_EDGE('',*,*,#14246,.T.);
#14246 = EDGE_CURVE('',#12216,#13143,#14247,.T.);
#14247 = LINE('',#14248,#14249);
#14248 = CARTESIAN_POINT('',(141.,-105.95,-4.6E-02));
#14249 = VECTOR('',#14250,1.);
#14250 = DIRECTION('',(0.,0.,1.));
#14251 = ORIENTED_EDGE('',*,*,#13142,.F.);
#14252 = ORIENTED_EDGE('',*,*,#14246,.F.);
#14253 = CYLINDRICAL_SURFACE('',#14254,0.45);
#14254 = AXIS2_PLACEMENT_3D('',#14255,#14256,#14257);
#14255 = CARTESIAN_POINT('',(141.,-105.5,-4.6E-02));
#14256 = DIRECTION('',(-0.,-0.,-1.));
#14257 = DIRECTION('',(-0.,-1.,0.));
#14258 = ADVANCED_FACE('',(#14259),#14270,.F.);
#14259 = FACE_BOUND('',#14260,.T.);
#14260 = EDGE_LOOP('',(#14261,#14262,#14268,#14269));
#14261 = ORIENTED_EDGE('',*,*,#12226,.T.);
#14262 = ORIENTED_EDGE('',*,*,#14263,.T.);
#14263 = EDGE_CURVE('',#12227,#13154,#14264,.T.);
#14264 = LINE('',#14265,#14266);
#14265 = CARTESIAN_POINT('',(142.85,-105.95,-4.6E-02));
#14266 = VECTOR('',#14267,1.);
#14267 = DIRECTION('',(0.,0.,1.));
#14268 = ORIENTED_EDGE('',*,*,#13153,.F.);
#14269 = ORIENTED_EDGE('',*,*,#14263,.F.);
#14270 = CYLINDRICAL_SURFACE('',#14271,0.45);
#14271 = AXIS2_PLACEMENT_3D('',#14272,#14273,#14274);
#14272 = CARTESIAN_POINT('',(142.85,-105.5,-4.6E-02));
#14273 = DIRECTION('',(-0.,-0.,-1.));
#14274 = DIRECTION('',(-6.315935428979E-14,-1.,0.));
#14275 = ADVANCED_FACE('',(#14276),#14287,.F.);
#14276 = FACE_BOUND('',#14277,.T.);
#14277 = EDGE_LOOP('',(#14278,#14279,#14285,#14286));
#14278 = ORIENTED_EDGE('',*,*,#12237,.T.);
#14279 = ORIENTED_EDGE('',*,*,#14280,.T.);
#14280 = EDGE_CURVE('',#12238,#13165,#14281,.T.);
#14281 = LINE('',#14282,#14283);
#14282 = CARTESIAN_POINT('',(141.625,-103.56,-4.6E-02));
#14283 = VECTOR('',#14284,1.);
#14284 = DIRECTION('',(0.,0.,1.));
#14285 = ORIENTED_EDGE('',*,*,#13164,.F.);
#14286 = ORIENTED_EDGE('',*,*,#14280,.F.);
#14287 = CYLINDRICAL_SURFACE('',#14288,0.45);
#14288 = AXIS2_PLACEMENT_3D('',#14289,#14290,#14291);
#14289 = CARTESIAN_POINT('',(141.625,-103.11,-4.6E-02));
#14290 = DIRECTION('',(-0.,-0.,-1.));
#14291 = DIRECTION('',(-0.,-1.,0.));
#14292 = ADVANCED_FACE('',(#14293),#14304,.F.);
#14293 = FACE_BOUND('',#14294,.T.);
#14294 = EDGE_LOOP('',(#14295,#14296,#14302,#14303));
#14295 = ORIENTED_EDGE('',*,*,#12248,.T.);
#14296 = ORIENTED_EDGE('',*,*,#14297,.T.);
#14297 = EDGE_CURVE('',#12249,#13176,#14298,.T.);
#14298 = LINE('',#14299,#14300);
#14299 = CARTESIAN_POINT('',(141.625,-101.02,-4.6E-02));
#14300 = VECTOR('',#14301,1.);
#14301 = DIRECTION('',(0.,0.,1.));
#14302 = ORIENTED_EDGE('',*,*,#13175,.F.);
#14303 = ORIENTED_EDGE('',*,*,#14297,.F.);
#14304 = CYLINDRICAL_SURFACE('',#14305,0.45);
#14305 = AXIS2_PLACEMENT_3D('',#14306,#14307,#14308);
#14306 = CARTESIAN_POINT('',(141.625,-100.57,-4.6E-02));
#14307 = DIRECTION('',(-0.,-0.,-1.));
#14308 = DIRECTION('',(-0.,-1.,0.));
#14309 = ADVANCED_FACE('',(#14310),#14321,.F.);
#14310 = FACE_BOUND('',#14311,.T.);
#14311 = EDGE_LOOP('',(#14312,#14313,#14319,#14320));
#14312 = ORIENTED_EDGE('',*,*,#12259,.T.);
#14313 = ORIENTED_EDGE('',*,*,#14314,.T.);
#14314 = EDGE_CURVE('',#12260,#13187,#14315,.T.);
#14315 = LINE('',#14316,#14317);
#14316 = CARTESIAN_POINT('',(141.625,-98.48,-4.6E-02));
#14317 = VECTOR('',#14318,1.);
#14318 = DIRECTION('',(0.,0.,1.));
#14319 = ORIENTED_EDGE('',*,*,#13186,.F.);
#14320 = ORIENTED_EDGE('',*,*,#14314,.F.);
#14321 = CYLINDRICAL_SURFACE('',#14322,0.45);
#14322 = AXIS2_PLACEMENT_3D('',#14323,#14324,#14325);
#14323 = CARTESIAN_POINT('',(141.625,-98.03,-4.6E-02));
#14324 = DIRECTION('',(-0.,-0.,-1.));
#14325 = DIRECTION('',(-0.,-1.,0.));
#14326 = ADVANCED_FACE('',(#14327),#14338,.F.);
#14327 = FACE_BOUND('',#14328,.T.);
#14328 = EDGE_LOOP('',(#14329,#14330,#14336,#14337));
#14329 = ORIENTED_EDGE('',*,*,#12270,.T.);
#14330 = ORIENTED_EDGE('',*,*,#14331,.T.);
#14331 = EDGE_CURVE('',#12271,#13198,#14332,.T.);
#14332 = LINE('',#14333,#14334);
#14333 = CARTESIAN_POINT('',(148.,-106.82,-4.6E-02));
#14334 = VECTOR('',#14335,1.);
#14335 = DIRECTION('',(0.,0.,1.));
#14336 = ORIENTED_EDGE('',*,*,#13197,.F.);
#14337 = ORIENTED_EDGE('',*,*,#14331,.F.);
#14338 = CYLINDRICAL_SURFACE('',#14339,0.5);
#14339 = AXIS2_PLACEMENT_3D('',#14340,#14341,#14342);
#14340 = CARTESIAN_POINT('',(148.,-106.32,-4.6E-02));
#14341 = DIRECTION('',(-0.,-0.,-1.));
#14342 = DIRECTION('',(-0.,-1.,0.));
#14343 = ADVANCED_FACE('',(#14344),#14355,.F.);
#14344 = FACE_BOUND('',#14345,.T.);
#14345 = EDGE_LOOP('',(#14346,#14347,#14353,#14354));
#14346 = ORIENTED_EDGE('',*,*,#12281,.T.);
#14347 = ORIENTED_EDGE('',*,*,#14348,.T.);
#14348 = EDGE_CURVE('',#12282,#13209,#14349,.T.);
#14349 = LINE('',#14350,#14351);
#14350 = CARTESIAN_POINT('',(148.,-104.28,-4.6E-02));
#14351 = VECTOR('',#14352,1.);
#14352 = DIRECTION('',(0.,0.,1.));
#14353 = ORIENTED_EDGE('',*,*,#13208,.F.);
#14354 = ORIENTED_EDGE('',*,*,#14348,.F.);
#14355 = CYLINDRICAL_SURFACE('',#14356,0.5);
#14356 = AXIS2_PLACEMENT_3D('',#14357,#14358,#14359);
#14357 = CARTESIAN_POINT('',(148.,-103.78,-4.6E-02));
#14358 = DIRECTION('',(-0.,-0.,-1.));
#14359 = DIRECTION('',(-0.,-1.,0.));
#14360 = ADVANCED_FACE('',(#14361),#14372,.F.);
#14361 = FACE_BOUND('',#14362,.T.);
#14362 = EDGE_LOOP('',(#14363,#14364,#14370,#14371));
#14363 = ORIENTED_EDGE('',*,*,#12292,.T.);
#14364 = ORIENTED_EDGE('',*,*,#14365,.T.);
#14365 = EDGE_CURVE('',#12293,#13220,#14366,.T.);
#14366 = LINE('',#14367,#14368);
#14367 = CARTESIAN_POINT('',(148.,-101.74,-4.6E-02));
#14368 = VECTOR('',#14369,1.);
#14369 = DIRECTION('',(0.,0.,1.));
#14370 = ORIENTED_EDGE('',*,*,#13219,.F.);
#14371 = ORIENTED_EDGE('',*,*,#14365,.F.);
#14372 = CYLINDRICAL_SURFACE('',#14373,0.5);
#14373 = AXIS2_PLACEMENT_3D('',#14374,#14375,#14376);
#14374 = CARTESIAN_POINT('',(148.,-101.24,-4.6E-02));
#14375 = DIRECTION('',(-0.,-0.,-1.));
#14376 = DIRECTION('',(-0.,-1.,0.));
#14377 = ADVANCED_FACE('',(#14378),#14389,.F.);
#14378 = FACE_BOUND('',#14379,.T.);
#14379 = EDGE_LOOP('',(#14380,#14381,#14387,#14388));
#14380 = ORIENTED_EDGE('',*,*,#12303,.T.);
#14381 = ORIENTED_EDGE('',*,*,#14382,.T.);
#14382 = EDGE_CURVE('',#12304,#13231,#14383,.T.);
#14383 = LINE('',#14384,#14385);
#14384 = CARTESIAN_POINT('',(148.,-99.2,-4.6E-02));
#14385 = VECTOR('',#14386,1.);
#14386 = DIRECTION('',(0.,0.,1.));
#14387 = ORIENTED_EDGE('',*,*,#13230,.F.);
#14388 = ORIENTED_EDGE('',*,*,#14382,.F.);
#14389 = CYLINDRICAL_SURFACE('',#14390,0.5);
#14390 = AXIS2_PLACEMENT_3D('',#14391,#14392,#14393);
#14391 = CARTESIAN_POINT('',(148.,-98.7,-4.6E-02));
#14392 = DIRECTION('',(-0.,-0.,-1.));
#14393 = DIRECTION('',(-0.,-1.,0.));
#14394 = ADVANCED_FACE('',(#14395),#14406,.F.);
#14395 = FACE_BOUND('',#14396,.T.);
#14396 = EDGE_LOOP('',(#14397,#14398,#14404,#14405));
#14397 = ORIENTED_EDGE('',*,*,#12314,.T.);
#14398 = ORIENTED_EDGE('',*,*,#14399,.T.);
#14399 = EDGE_CURVE('',#12315,#13242,#14400,.T.);
#14400 = LINE('',#14401,#14402);
#14401 = CARTESIAN_POINT('',(154.6,-136.25,-4.6E-02));
#14402 = VECTOR('',#14403,1.);
#14403 = DIRECTION('',(0.,0.,1.));
#14404 = ORIENTED_EDGE('',*,*,#13241,.F.);
#14405 = ORIENTED_EDGE('',*,*,#14399,.F.);
#14406 = CYLINDRICAL_SURFACE('',#14407,1.5);
#14407 = AXIS2_PLACEMENT_3D('',#14408,#14409,#14410);
#14408 = CARTESIAN_POINT('',(154.6,-134.75,-4.6E-02));
#14409 = DIRECTION('',(-0.,-0.,-1.));
#14410 = DIRECTION('',(-0.,-1.,0.));
#14411 = ADVANCED_FACE('',(#14412),#14423,.F.);
#14412 = FACE_BOUND('',#14413,.T.);
#14413 = EDGE_LOOP('',(#14414,#14415,#14421,#14422));
#14414 = ORIENTED_EDGE('',*,*,#12325,.T.);
#14415 = ORIENTED_EDGE('',*,*,#14416,.T.);
#14416 = EDGE_CURVE('',#12326,#13253,#14417,.T.);
#14417 = LINE('',#14418,#14419);
#14418 = CARTESIAN_POINT('',(167.6,-135.2,-4.6E-02));
#14419 = VECTOR('',#14420,1.);
#14420 = DIRECTION('',(0.,0.,1.));
#14421 = ORIENTED_EDGE('',*,*,#13252,.F.);
#14422 = ORIENTED_EDGE('',*,*,#14416,.F.);
#14423 = CYLINDRICAL_SURFACE('',#14424,1.5);
#14424 = AXIS2_PLACEMENT_3D('',#14425,#14426,#14427);
#14425 = CARTESIAN_POINT('',(167.6,-133.7,-4.6E-02));
#14426 = DIRECTION('',(-0.,-0.,-1.));
#14427 = DIRECTION('',(-0.,-1.,0.));
#14428 = ADVANCED_FACE('',(#14429),#14440,.F.);
#14429 = FACE_BOUND('',#14430,.T.);
#14430 = EDGE_LOOP('',(#14431,#14432,#14438,#14439));
#14431 = ORIENTED_EDGE('',*,*,#12336,.T.);
#14432 = ORIENTED_EDGE('',*,*,#14433,.T.);
#14433 = EDGE_CURVE('',#12337,#13264,#14434,.T.);
#14434 = LINE('',#14435,#14436);
#14435 = CARTESIAN_POINT('',(174.6,-136.25,-4.6E-02));
#14436 = VECTOR('',#14437,1.);
#14437 = DIRECTION('',(0.,0.,1.));
#14438 = ORIENTED_EDGE('',*,*,#13263,.F.);
#14439 = ORIENTED_EDGE('',*,*,#14433,.F.);
#14440 = CYLINDRICAL_SURFACE('',#14441,1.5);
#14441 = AXIS2_PLACEMENT_3D('',#14442,#14443,#14444);
#14442 = CARTESIAN_POINT('',(174.6,-134.75,-4.6E-02));
#14443 = DIRECTION('',(-0.,-0.,-1.));
#14444 = DIRECTION('',(-0.,-1.,0.));
#14445 = ADVANCED_FACE('',(#14446),#14457,.F.);
#14446 = FACE_BOUND('',#14447,.T.);
#14447 = EDGE_LOOP('',(#14448,#14449,#14455,#14456));
#14448 = ORIENTED_EDGE('',*,*,#12347,.T.);
#14449 = ORIENTED_EDGE('',*,*,#14450,.T.);
#14450 = EDGE_CURVE('',#12348,#13275,#14451,.T.);
#14451 = LINE('',#14452,#14453);
#14452 = CARTESIAN_POINT('',(172.,-131.625,-4.6E-02));
#14453 = VECTOR('',#14454,1.);
#14454 = DIRECTION('',(0.,0.,1.));
#14455 = ORIENTED_EDGE('',*,*,#13274,.F.);
#14456 = ORIENTED_EDGE('',*,*,#14450,.F.);
#14457 = CYLINDRICAL_SURFACE('',#14458,2.625);
#14458 = AXIS2_PLACEMENT_3D('',#14459,#14460,#14461);
#14459 = CARTESIAN_POINT('',(172.,-129.,-4.6E-02));
#14460 = DIRECTION('',(-0.,-0.,-1.));
#14461 = DIRECTION('',(-0.,-1.,0.));
#14462 = ADVANCED_FACE('',(#14463),#14474,.F.);
#14463 = FACE_BOUND('',#14464,.T.);
#14464 = EDGE_LOOP('',(#14465,#14466,#14472,#14473));
#14465 = ORIENTED_EDGE('',*,*,#12358,.T.);
#14466 = ORIENTED_EDGE('',*,*,#14467,.T.);
#14467 = EDGE_CURVE('',#12359,#13286,#14468,.T.);
#14468 = LINE('',#14469,#14470);
#14469 = CARTESIAN_POINT('',(183.5,-138.6,-4.6E-02));
#14470 = VECTOR('',#14471,1.);
#14471 = DIRECTION('',(0.,0.,1.));
#14472 = ORIENTED_EDGE('',*,*,#13285,.F.);
#14473 = ORIENTED_EDGE('',*,*,#14467,.F.);
#14474 = CYLINDRICAL_SURFACE('',#14475,1.1);
#14475 = AXIS2_PLACEMENT_3D('',#14476,#14477,#14478);
#14476 = CARTESIAN_POINT('',(183.5,-137.5,-4.6E-02));
#14477 = DIRECTION('',(-0.,-0.,-1.));
#14478 = DIRECTION('',(-0.,-1.,0.));
#14479 = ADVANCED_FACE('',(#14480),#14491,.F.);
#14480 = FACE_BOUND('',#14481,.T.);
#14481 = EDGE_LOOP('',(#14482,#14483,#14489,#14490));
#14482 = ORIENTED_EDGE('',*,*,#12369,.T.);
#14483 = ORIENTED_EDGE('',*,*,#14484,.T.);
#14484 = EDGE_CURVE('',#12370,#13297,#14485,.T.);
#14485 = LINE('',#14486,#14487);
#14486 = CARTESIAN_POINT('',(182.5,-120.1,-4.6E-02));
#14487 = VECTOR('',#14488,1.);
#14488 = DIRECTION('',(0.,0.,1.));
#14489 = ORIENTED_EDGE('',*,*,#13296,.F.);
#14490 = ORIENTED_EDGE('',*,*,#14484,.F.);
#14491 = CYLINDRICAL_SURFACE('',#14492,1.6);
#14492 = AXIS2_PLACEMENT_3D('',#14493,#14494,#14495);
#14493 = CARTESIAN_POINT('',(182.5,-118.5,-4.6E-02));
#14494 = DIRECTION('',(-0.,-0.,-1.));
#14495 = DIRECTION('',(-0.,-1.,0.));
#14496 = ADVANCED_FACE('',(#14497),#14508,.F.);
#14497 = FACE_BOUND('',#14498,.T.);
#14498 = EDGE_LOOP('',(#14499,#14500,#14506,#14507));
#14499 = ORIENTED_EDGE('',*,*,#12380,.T.);
#14500 = ORIENTED_EDGE('',*,*,#14501,.T.);
#14501 = EDGE_CURVE('',#12381,#13308,#14502,.T.);
#14502 = LINE('',#14503,#14504);
#14503 = CARTESIAN_POINT('',(159.81,-118.21,-4.6E-02));
#14504 = VECTOR('',#14505,1.);
#14505 = DIRECTION('',(0.,0.,1.));
#14506 = ORIENTED_EDGE('',*,*,#13307,.F.);
#14507 = ORIENTED_EDGE('',*,*,#14501,.F.);
#14508 = CYLINDRICAL_SURFACE('',#14509,0.4);
#14509 = AXIS2_PLACEMENT_3D('',#14510,#14511,#14512);
#14510 = CARTESIAN_POINT('',(159.81,-117.81,-4.6E-02));
#14511 = DIRECTION('',(-0.,-0.,-1.));
#14512 = DIRECTION('',(-0.,-1.,0.));
#14513 = ADVANCED_FACE('',(#14514),#14525,.F.);
#14514 = FACE_BOUND('',#14515,.T.);
#14515 = EDGE_LOOP('',(#14516,#14517,#14523,#14524));
#14516 = ORIENTED_EDGE('',*,*,#12391,.T.);
#14517 = ORIENTED_EDGE('',*,*,#14518,.T.);
#14518 = EDGE_CURVE('',#12392,#13319,#14519,.T.);
#14519 = LINE('',#14520,#14521);
#14520 = CARTESIAN_POINT('',(163.24,-114.44,-4.6E-02));
#14521 = VECTOR('',#14522,1.);
#14522 = DIRECTION('',(0.,0.,1.));
#14523 = ORIENTED_EDGE('',*,*,#13318,.F.);
#14524 = ORIENTED_EDGE('',*,*,#14518,.F.);
#14525 = CYLINDRICAL_SURFACE('',#14526,0.5);
#14526 = AXIS2_PLACEMENT_3D('',#14527,#14528,#14529);
#14527 = CARTESIAN_POINT('',(163.24,-113.94,-4.6E-02));
#14528 = DIRECTION('',(-0.,-0.,-1.));
#14529 = DIRECTION('',(-0.,-1.,0.));
#14530 = ADVANCED_FACE('',(#14531),#14542,.F.);
#14531 = FACE_BOUND('',#14532,.T.);
#14532 = EDGE_LOOP('',(#14533,#14534,#14540,#14541));
#14533 = ORIENTED_EDGE('',*,*,#12402,.T.);
#14534 = ORIENTED_EDGE('',*,*,#14535,.T.);
#14535 = EDGE_CURVE('',#12403,#13330,#14536,.T.);
#14536 = LINE('',#14537,#14538);
#14537 = CARTESIAN_POINT('',(163.24,-111.9,-4.6E-02));
#14538 = VECTOR('',#14539,1.);
#14539 = DIRECTION('',(0.,0.,1.));
#14540 = ORIENTED_EDGE('',*,*,#13329,.F.);
#14541 = ORIENTED_EDGE('',*,*,#14535,.F.);
#14542 = CYLINDRICAL_SURFACE('',#14543,0.5);
#14543 = AXIS2_PLACEMENT_3D('',#14544,#14545,#14546);
#14544 = CARTESIAN_POINT('',(163.24,-111.4,-4.6E-02));
#14545 = DIRECTION('',(-0.,-0.,-1.));
#14546 = DIRECTION('',(-0.,-1.,0.));
#14547 = ADVANCED_FACE('',(#14548),#14559,.F.);
#14548 = FACE_BOUND('',#14549,.T.);
#14549 = EDGE_LOOP('',(#14550,#14551,#14557,#14558));
#14550 = ORIENTED_EDGE('',*,*,#12413,.T.);
#14551 = ORIENTED_EDGE('',*,*,#14552,.T.);
#14552 = EDGE_CURVE('',#12414,#13341,#14553,.T.);
#14553 = LINE('',#14554,#14555);
#14554 = CARTESIAN_POINT('',(163.24,-109.36,-4.6E-02));
#14555 = VECTOR('',#14556,1.);
#14556 = DIRECTION('',(0.,0.,1.));
#14557 = ORIENTED_EDGE('',*,*,#13340,.F.);
#14558 = ORIENTED_EDGE('',*,*,#14552,.F.);
#14559 = CYLINDRICAL_SURFACE('',#14560,0.5);
#14560 = AXIS2_PLACEMENT_3D('',#14561,#14562,#14563);
#14561 = CARTESIAN_POINT('',(163.24,-108.86,-4.6E-02));
#14562 = DIRECTION('',(-0.,-0.,-1.));
#14563 = DIRECTION('',(-0.,-1.,0.));
#14564 = ADVANCED_FACE('',(#14565),#14576,.F.);
#14565 = FACE_BOUND('',#14566,.T.);
#14566 = EDGE_LOOP('',(#14567,#14568,#14574,#14575));
#14567 = ORIENTED_EDGE('',*,*,#12424,.T.);
#14568 = ORIENTED_EDGE('',*,*,#14569,.T.);
#14569 = EDGE_CURVE('',#12425,#13352,#14570,.T.);
#14570 = LINE('',#14571,#14572);
#14571 = CARTESIAN_POINT('',(163.24,-106.82,-4.6E-02));
#14572 = VECTOR('',#14573,1.);
#14573 = DIRECTION('',(0.,0.,1.));
#14574 = ORIENTED_EDGE('',*,*,#13351,.F.);
#14575 = ORIENTED_EDGE('',*,*,#14569,.F.);
#14576 = CYLINDRICAL_SURFACE('',#14577,0.5);
#14577 = AXIS2_PLACEMENT_3D('',#14578,#14579,#14580);
#14578 = CARTESIAN_POINT('',(163.24,-106.32,-4.6E-02));
#14579 = DIRECTION('',(-0.,-0.,-1.));
#14580 = DIRECTION('',(-0.,-1.,0.));
#14581 = ADVANCED_FACE('',(#14582),#14593,.F.);
#14582 = FACE_BOUND('',#14583,.T.);
#14583 = EDGE_LOOP('',(#14584,#14585,#14591,#14592));
#14584 = ORIENTED_EDGE('',*,*,#12435,.T.);
#14585 = ORIENTED_EDGE('',*,*,#14586,.T.);
#14586 = EDGE_CURVE('',#12436,#13363,#14587,.T.);
#14587 = LINE('',#14588,#14589);
#14588 = CARTESIAN_POINT('',(163.24,-104.28,-4.6E-02));
#14589 = VECTOR('',#14590,1.);
#14590 = DIRECTION('',(0.,0.,1.));
#14591 = ORIENTED_EDGE('',*,*,#13362,.F.);
#14592 = ORIENTED_EDGE('',*,*,#14586,.F.);
#14593 = CYLINDRICAL_SURFACE('',#14594,0.5);
#14594 = AXIS2_PLACEMENT_3D('',#14595,#14596,#14597);
#14595 = CARTESIAN_POINT('',(163.24,-103.78,-4.6E-02));
#14596 = DIRECTION('',(-0.,-0.,-1.));
#14597 = DIRECTION('',(-0.,-1.,0.));
#14598 = ADVANCED_FACE('',(#14599),#14610,.F.);
#14599 = FACE_BOUND('',#14600,.T.);
#14600 = EDGE_LOOP('',(#14601,#14602,#14608,#14609));
#14601 = ORIENTED_EDGE('',*,*,#12446,.T.);
#14602 = ORIENTED_EDGE('',*,*,#14603,.T.);
#14603 = EDGE_CURVE('',#12447,#13374,#14604,.T.);
#14604 = LINE('',#14605,#14606);
#14605 = CARTESIAN_POINT('',(163.24,-101.74,-4.6E-02));
#14606 = VECTOR('',#14607,1.);
#14607 = DIRECTION('',(0.,0.,1.));
#14608 = ORIENTED_EDGE('',*,*,#13373,.F.);
#14609 = ORIENTED_EDGE('',*,*,#14603,.F.);
#14610 = CYLINDRICAL_SURFACE('',#14611,0.5);
#14611 = AXIS2_PLACEMENT_3D('',#14612,#14613,#14614);
#14612 = CARTESIAN_POINT('',(163.24,-101.24,-4.6E-02));
#14613 = DIRECTION('',(-0.,-0.,-1.));
#14614 = DIRECTION('',(-0.,-1.,0.));
#14615 = ADVANCED_FACE('',(#14616),#14627,.F.);
#14616 = FACE_BOUND('',#14617,.T.);
#14617 = EDGE_LOOP('',(#14618,#14619,#14625,#14626));
#14618 = ORIENTED_EDGE('',*,*,#12457,.T.);
#14619 = ORIENTED_EDGE('',*,*,#14620,.T.);
#14620 = EDGE_CURVE('',#12458,#13385,#14621,.T.);
#14621 = LINE('',#14622,#14623);
#14622 = CARTESIAN_POINT('',(163.24,-99.2,-4.6E-02));
#14623 = VECTOR('',#14624,1.);
#14624 = DIRECTION('',(0.,0.,1.));
#14625 = ORIENTED_EDGE('',*,*,#13384,.F.);
#14626 = ORIENTED_EDGE('',*,*,#14620,.F.);
#14627 = CYLINDRICAL_SURFACE('',#14628,0.5);
#14628 = AXIS2_PLACEMENT_3D('',#14629,#14630,#14631);
#14629 = CARTESIAN_POINT('',(163.24,-98.7,-4.6E-02));
#14630 = DIRECTION('',(-0.,-0.,-1.));
#14631 = DIRECTION('',(-0.,-1.,0.));
#14632 = ADVANCED_FACE('',(#14633),#14644,.F.);
#14633 = FACE_BOUND('',#14634,.T.);
#14634 = EDGE_LOOP('',(#14635,#14636,#14642,#14643));
#14635 = ORIENTED_EDGE('',*,*,#12468,.T.);
#14636 = ORIENTED_EDGE('',*,*,#14637,.T.);
#14637 = EDGE_CURVE('',#12469,#13396,#14638,.T.);
#14638 = LINE('',#14639,#14640);
#14639 = CARTESIAN_POINT('',(126.5,-86.05,-4.6E-02));
#14640 = VECTOR('',#14641,1.);
#14641 = DIRECTION('',(0.,0.,1.));
#14642 = ORIENTED_EDGE('',*,*,#13395,.F.);
#14643 = ORIENTED_EDGE('',*,*,#14637,.F.);
#14644 = CYLINDRICAL_SURFACE('',#14645,0.55);
#14645 = AXIS2_PLACEMENT_3D('',#14646,#14647,#14648);
#14646 = CARTESIAN_POINT('',(126.5,-85.5,-4.6E-02));
#14647 = DIRECTION('',(-0.,-0.,-1.));
#14648 = DIRECTION('',(-0.,-1.,0.));
#14649 = ADVANCED_FACE('',(#14650),#14661,.F.);
#14650 = FACE_BOUND('',#14651,.T.);
#14651 = EDGE_LOOP('',(#14652,#14653,#14659,#14660));
#14652 = ORIENTED_EDGE('',*,*,#12479,.T.);
#14653 = ORIENTED_EDGE('',*,*,#14654,.T.);
#14654 = EDGE_CURVE('',#12480,#13407,#14655,.T.);
#14655 = LINE('',#14656,#14657);
#14656 = CARTESIAN_POINT('',(126.5,-81.55,-4.6E-02));
#14657 = VECTOR('',#14658,1.);
#14658 = DIRECTION('',(0.,0.,1.));
#14659 = ORIENTED_EDGE('',*,*,#13406,.F.);
#14660 = ORIENTED_EDGE('',*,*,#14654,.F.);
#14661 = CYLINDRICAL_SURFACE('',#14662,0.55);
#14662 = AXIS2_PLACEMENT_3D('',#14663,#14664,#14665);
#14663 = CARTESIAN_POINT('',(126.5,-81.,-4.6E-02));
#14664 = DIRECTION('',(-0.,-0.,-1.));
#14665 = DIRECTION('',(-0.,-1.,0.));
#14666 = ADVANCED_FACE('',(#14667),#14678,.F.);
#14667 = FACE_BOUND('',#14668,.T.);
#14668 = EDGE_LOOP('',(#14669,#14670,#14676,#14677));
#14669 = ORIENTED_EDGE('',*,*,#12490,.T.);
#14670 = ORIENTED_EDGE('',*,*,#14671,.T.);
#14671 = EDGE_CURVE('',#12491,#13418,#14672,.T.);
#14672 = LINE('',#14673,#14674);
#14673 = CARTESIAN_POINT('',(133.,-86.05,-4.6E-02));
#14674 = VECTOR('',#14675,1.);
#14675 = DIRECTION('',(0.,0.,1.));
#14676 = ORIENTED_EDGE('',*,*,#13417,.F.);
#14677 = ORIENTED_EDGE('',*,*,#14671,.F.);
#14678 = CYLINDRICAL_SURFACE('',#14679,0.55);
#14679 = AXIS2_PLACEMENT_3D('',#14680,#14681,#14682);
#14680 = CARTESIAN_POINT('',(133.,-85.5,-4.6E-02));
#14681 = DIRECTION('',(-0.,-0.,-1.));
#14682 = DIRECTION('',(-0.,-1.,0.));
#14683 = ADVANCED_FACE('',(#14684),#14695,.F.);
#14684 = FACE_BOUND('',#14685,.T.);
#14685 = EDGE_LOOP('',(#14686,#14687,#14693,#14694));
#14686 = ORIENTED_EDGE('',*,*,#12501,.T.);
#14687 = ORIENTED_EDGE('',*,*,#14688,.T.);
#14688 = EDGE_CURVE('',#12502,#13429,#14689,.T.);
#14689 = LINE('',#14690,#14691);
#14690 = CARTESIAN_POINT('',(136.75,-86.05,-4.6E-02));
#14691 = VECTOR('',#14692,1.);
#14692 = DIRECTION('',(0.,0.,1.));
#14693 = ORIENTED_EDGE('',*,*,#13428,.F.);
#14694 = ORIENTED_EDGE('',*,*,#14688,.F.);
#14695 = CYLINDRICAL_SURFACE('',#14696,0.55);
#14696 = AXIS2_PLACEMENT_3D('',#14697,#14698,#14699);
#14697 = CARTESIAN_POINT('',(136.75,-85.5,-4.6E-02));
#14698 = DIRECTION('',(-0.,-0.,-1.));
#14699 = DIRECTION('',(-0.,-1.,0.));
#14700 = ADVANCED_FACE('',(#14701),#14712,.F.);
#14701 = FACE_BOUND('',#14702,.T.);
#14702 = EDGE_LOOP('',(#14703,#14704,#14710,#14711));
#14703 = ORIENTED_EDGE('',*,*,#12512,.T.);
#14704 = ORIENTED_EDGE('',*,*,#14705,.T.);
#14705 = EDGE_CURVE('',#12513,#13440,#14706,.T.);
#14706 = LINE('',#14707,#14708);
#14707 = CARTESIAN_POINT('',(133.,-81.55,-4.6E-02));
#14708 = VECTOR('',#14709,1.);
#14709 = DIRECTION('',(0.,0.,1.));
#14710 = ORIENTED_EDGE('',*,*,#13439,.F.);
#14711 = ORIENTED_EDGE('',*,*,#14705,.F.);
#14712 = CYLINDRICAL_SURFACE('',#14713,0.55);
#14713 = AXIS2_PLACEMENT_3D('',#14714,#14715,#14716);
#14714 = CARTESIAN_POINT('',(133.,-81.,-4.6E-02));
#14715 = DIRECTION('',(-0.,-0.,-1.));
#14716 = DIRECTION('',(-0.,-1.,0.));
#14717 = ADVANCED_FACE('',(#14718),#14729,.F.);
#14718 = FACE_BOUND('',#14719,.T.);
#14719 = EDGE_LOOP('',(#14720,#14721,#14727,#14728));
#14720 = ORIENTED_EDGE('',*,*,#12523,.T.);
#14721 = ORIENTED_EDGE('',*,*,#14722,.T.);
#14722 = EDGE_CURVE('',#12524,#13451,#14723,.T.);
#14723 = LINE('',#14724,#14725);
#14724 = CARTESIAN_POINT('',(136.75,-81.55,-4.6E-02));
#14725 = VECTOR('',#14726,1.);
#14726 = DIRECTION('',(0.,0.,1.));
#14727 = ORIENTED_EDGE('',*,*,#13450,.F.);
#14728 = ORIENTED_EDGE('',*,*,#14722,.F.);
#14729 = CYLINDRICAL_SURFACE('',#14730,0.55);
#14730 = AXIS2_PLACEMENT_3D('',#14731,#14732,#14733);
#14731 = CARTESIAN_POINT('',(136.75,-81.,-4.6E-02));
#14732 = DIRECTION('',(-0.,-0.,-1.));
#14733 = DIRECTION('',(-0.,-1.,0.));
#14734 = ADVANCED_FACE('',(#14735),#14746,.F.);
#14735 = FACE_BOUND('',#14736,.T.);
#14736 = EDGE_LOOP('',(#14737,#14738,#14744,#14745));
#14737 = ORIENTED_EDGE('',*,*,#12534,.T.);
#14738 = ORIENTED_EDGE('',*,*,#14739,.T.);
#14739 = EDGE_CURVE('',#12535,#13462,#14740,.T.);
#14740 = LINE('',#14741,#14742);
#14741 = CARTESIAN_POINT('',(141.625,-95.94,-4.6E-02));
#14742 = VECTOR('',#14743,1.);
#14743 = DIRECTION('',(0.,0.,1.));
#14744 = ORIENTED_EDGE('',*,*,#13461,.F.);
#14745 = ORIENTED_EDGE('',*,*,#14739,.F.);
#14746 = CYLINDRICAL_SURFACE('',#14747,0.45);
#14747 = AXIS2_PLACEMENT_3D('',#14748,#14749,#14750);
#14748 = CARTESIAN_POINT('',(141.625,-95.49,-4.6E-02));
#14749 = DIRECTION('',(-0.,-0.,-1.));
#14750 = DIRECTION('',(-0.,-1.,0.));
#14751 = ADVANCED_FACE('',(#14752),#14763,.F.);
#14752 = FACE_BOUND('',#14753,.T.);
#14753 = EDGE_LOOP('',(#14754,#14755,#14761,#14762));
#14754 = ORIENTED_EDGE('',*,*,#12545,.T.);
#14755 = ORIENTED_EDGE('',*,*,#14756,.T.);
#14756 = EDGE_CURVE('',#12546,#13473,#14757,.T.);
#14757 = LINE('',#14758,#14759);
#14758 = CARTESIAN_POINT('',(141.625,-93.75,-4.6E-02));
#14759 = VECTOR('',#14760,1.);
#14760 = DIRECTION('',(0.,0.,1.));
#14761 = ORIENTED_EDGE('',*,*,#13472,.F.);
#14762 = ORIENTED_EDGE('',*,*,#14756,.F.);
#14763 = CYLINDRICAL_SURFACE('',#14764,0.75);
#14764 = AXIS2_PLACEMENT_3D('',#14765,#14766,#14767);
#14765 = CARTESIAN_POINT('',(141.625,-93.,-4.6E-02));
#14766 = DIRECTION('',(-0.,-0.,-1.));
#14767 = DIRECTION('',(-0.,-1.,0.));
#14768 = ADVANCED_FACE('',(#14769),#14780,.F.);
#14769 = FACE_BOUND('',#14770,.T.);
#14770 = EDGE_LOOP('',(#14771,#14772,#14778,#14779));
#14771 = ORIENTED_EDGE('',*,*,#12556,.T.);
#14772 = ORIENTED_EDGE('',*,*,#14773,.T.);
#14773 = EDGE_CURVE('',#12557,#13484,#14774,.T.);
#14774 = LINE('',#14775,#14776);
#14775 = CARTESIAN_POINT('',(148.,-96.66,-4.6E-02));
#14776 = VECTOR('',#14777,1.);
#14777 = DIRECTION('',(0.,0.,1.));
#14778 = ORIENTED_EDGE('',*,*,#13483,.F.);
#14779 = ORIENTED_EDGE('',*,*,#14773,.F.);
#14780 = CYLINDRICAL_SURFACE('',#14781,0.5);
#14781 = AXIS2_PLACEMENT_3D('',#14782,#14783,#14784);
#14782 = CARTESIAN_POINT('',(148.,-96.16,-4.6E-02));
#14783 = DIRECTION('',(-0.,-0.,-1.));
#14784 = DIRECTION('',(-0.,-1.,0.));
#14785 = ADVANCED_FACE('',(#14786),#14797,.F.);
#14786 = FACE_BOUND('',#14787,.T.);
#14787 = EDGE_LOOP('',(#14788,#14789,#14795,#14796));
#14788 = ORIENTED_EDGE('',*,*,#12567,.T.);
#14789 = ORIENTED_EDGE('',*,*,#14790,.T.);
#14790 = EDGE_CURVE('',#12568,#13495,#14791,.T.);
#14791 = LINE('',#14792,#14793);
#14792 = CARTESIAN_POINT('',(148.,-94.12,-4.6E-02));
#14793 = VECTOR('',#14794,1.);
#14794 = DIRECTION('',(0.,0.,1.));
#14795 = ORIENTED_EDGE('',*,*,#13494,.F.);
#14796 = ORIENTED_EDGE('',*,*,#14790,.F.);
#14797 = CYLINDRICAL_SURFACE('',#14798,0.5);
#14798 = AXIS2_PLACEMENT_3D('',#14799,#14800,#14801);
#14799 = CARTESIAN_POINT('',(148.,-93.62,-4.6E-02));
#14800 = DIRECTION('',(-0.,-0.,-1.));
#14801 = DIRECTION('',(-0.,-1.,0.));
#14802 = ADVANCED_FACE('',(#14803),#14814,.F.);
#14803 = FACE_BOUND('',#14804,.T.);
#14804 = EDGE_LOOP('',(#14805,#14806,#14812,#14813));
#14805 = ORIENTED_EDGE('',*,*,#12578,.T.);
#14806 = ORIENTED_EDGE('',*,*,#14807,.T.);
#14807 = EDGE_CURVE('',#12579,#13506,#14808,.T.);
#14808 = LINE('',#14809,#14810);
#14809 = CARTESIAN_POINT('',(148.,-91.58,-4.6E-02));
#14810 = VECTOR('',#14811,1.);
#14811 = DIRECTION('',(0.,0.,1.));
#14812 = ORIENTED_EDGE('',*,*,#13505,.F.);
#14813 = ORIENTED_EDGE('',*,*,#14807,.F.);
#14814 = CYLINDRICAL_SURFACE('',#14815,0.5);
#14815 = AXIS2_PLACEMENT_3D('',#14816,#14817,#14818);
#14816 = CARTESIAN_POINT('',(148.,-91.08,-4.6E-02));
#14817 = DIRECTION('',(-0.,-0.,-1.));
#14818 = DIRECTION('',(-0.,-1.,0.));
#14819 = ADVANCED_FACE('',(#14820),#14831,.F.);
#14820 = FACE_BOUND('',#14821,.T.);
#14821 = EDGE_LOOP('',(#14822,#14823,#14829,#14830));
#14822 = ORIENTED_EDGE('',*,*,#12589,.T.);
#14823 = ORIENTED_EDGE('',*,*,#14824,.T.);
#14824 = EDGE_CURVE('',#12590,#13517,#14825,.T.);
#14825 = LINE('',#14826,#14827);
#14826 = CARTESIAN_POINT('',(148.,-89.04,-4.6E-02));
#14827 = VECTOR('',#14828,1.);
#14828 = DIRECTION('',(0.,0.,1.));
#14829 = ORIENTED_EDGE('',*,*,#13516,.F.);
#14830 = ORIENTED_EDGE('',*,*,#14824,.F.);
#14831 = CYLINDRICAL_SURFACE('',#14832,0.5);
#14832 = AXIS2_PLACEMENT_3D('',#14833,#14834,#14835);
#14833 = CARTESIAN_POINT('',(148.,-88.54,-4.6E-02));
#14834 = DIRECTION('',(-0.,-0.,-1.));
#14835 = DIRECTION('',(-0.,-1.,0.));
#14836 = ADVANCED_FACE('',(#14837),#14848,.F.);
#14837 = FACE_BOUND('',#14838,.T.);
#14838 = EDGE_LOOP('',(#14839,#14840,#14846,#14847));
#14839 = ORIENTED_EDGE('',*,*,#12600,.T.);
#14840 = ORIENTED_EDGE('',*,*,#14841,.T.);
#14841 = EDGE_CURVE('',#12601,#13528,#14842,.T.);
#14842 = LINE('',#14843,#14844);
#14843 = CARTESIAN_POINT('',(143.25,-86.05,-4.6E-02));
#14844 = VECTOR('',#14845,1.);
#14845 = DIRECTION('',(0.,0.,1.));
#14846 = ORIENTED_EDGE('',*,*,#13527,.F.);
#14847 = ORIENTED_EDGE('',*,*,#14841,.F.);
#14848 = CYLINDRICAL_SURFACE('',#14849,0.55);
#14849 = AXIS2_PLACEMENT_3D('',#14850,#14851,#14852);
#14850 = CARTESIAN_POINT('',(143.25,-85.5,-4.6E-02));
#14851 = DIRECTION('',(-0.,-0.,-1.));
#14852 = DIRECTION('',(-0.,-1.,0.));
#14853 = ADVANCED_FACE('',(#14854),#14865,.F.);
#14854 = FACE_BOUND('',#14855,.T.);
#14855 = EDGE_LOOP('',(#14856,#14857,#14863,#14864));
#14856 = ORIENTED_EDGE('',*,*,#12611,.T.);
#14857 = ORIENTED_EDGE('',*,*,#14858,.T.);
#14858 = EDGE_CURVE('',#12612,#13539,#14859,.T.);
#14859 = LINE('',#14860,#14861);
#14860 = CARTESIAN_POINT('',(143.25,-81.55,-4.6E-02));
#14861 = VECTOR('',#14862,1.);
#14862 = DIRECTION('',(0.,0.,1.));
#14863 = ORIENTED_EDGE('',*,*,#13538,.F.);
#14864 = ORIENTED_EDGE('',*,*,#14858,.F.);
#14865 = CYLINDRICAL_SURFACE('',#14866,0.55);
#14866 = AXIS2_PLACEMENT_3D('',#14867,#14868,#14869);
#14867 = CARTESIAN_POINT('',(143.25,-81.,-4.6E-02));
#14868 = DIRECTION('',(-0.,-0.,-1.));
#14869 = DIRECTION('',(-0.,-1.,0.));
#14870 = ADVANCED_FACE('',(#14871),#14882,.F.);
#14871 = FACE_BOUND('',#14872,.T.);
#14872 = EDGE_LOOP('',(#14873,#14874,#14880,#14881));
#14873 = ORIENTED_EDGE('',*,*,#12622,.T.);
#14874 = ORIENTED_EDGE('',*,*,#14875,.T.);
#14875 = EDGE_CURVE('',#12623,#13550,#14876,.T.);
#14876 = LINE('',#14877,#14878);
#14877 = CARTESIAN_POINT('',(148.,-86.5,-4.6E-02));
#14878 = VECTOR('',#14879,1.);
#14879 = DIRECTION('',(0.,0.,1.));
#14880 = ORIENTED_EDGE('',*,*,#13549,.F.);
#14881 = ORIENTED_EDGE('',*,*,#14875,.F.);
#14882 = CYLINDRICAL_SURFACE('',#14883,0.5);
#14883 = AXIS2_PLACEMENT_3D('',#14884,#14885,#14886);
#14884 = CARTESIAN_POINT('',(148.,-86.,-4.6E-02));
#14885 = DIRECTION('',(-0.,-0.,-1.));
#14886 = DIRECTION('',(-0.,-1.,0.));
#14887 = ADVANCED_FACE('',(#14888),#14899,.F.);
#14888 = FACE_BOUND('',#14889,.T.);
#14889 = EDGE_LOOP('',(#14890,#14891,#14897,#14898));
#14890 = ORIENTED_EDGE('',*,*,#12633,.T.);
#14891 = ORIENTED_EDGE('',*,*,#14892,.T.);
#14892 = EDGE_CURVE('',#12634,#13561,#14893,.T.);
#14893 = LINE('',#14894,#14895);
#14894 = CARTESIAN_POINT('',(151.38,-80.4,-4.6E-02));
#14895 = VECTOR('',#14896,1.);
#14896 = DIRECTION('',(0.,0.,1.));
#14897 = ORIENTED_EDGE('',*,*,#13560,.F.);
#14898 = ORIENTED_EDGE('',*,*,#14892,.F.);
#14899 = CYLINDRICAL_SURFACE('',#14900,0.4);
#14900 = AXIS2_PLACEMENT_3D('',#14901,#14902,#14903);
#14901 = CARTESIAN_POINT('',(151.38,-80.,-4.6E-02));
#14902 = DIRECTION('',(-0.,-0.,-1.));
#14903 = DIRECTION('',(-0.,-1.,0.));
#14904 = ADVANCED_FACE('',(#14905),#14916,.F.);
#14905 = FACE_BOUND('',#14906,.T.);
#14906 = EDGE_LOOP('',(#14907,#14908,#14914,#14915));
#14907 = ORIENTED_EDGE('',*,*,#12644,.T.);
#14908 = ORIENTED_EDGE('',*,*,#14909,.T.);
#14909 = EDGE_CURVE('',#12645,#13572,#14910,.T.);
#14910 = LINE('',#14911,#14912);
#14911 = CARTESIAN_POINT('',(125.5,-75.6,-4.6E-02));
#14912 = VECTOR('',#14913,1.);
#14913 = DIRECTION('',(0.,0.,1.));
#14914 = ORIENTED_EDGE('',*,*,#13571,.F.);
#14915 = ORIENTED_EDGE('',*,*,#14909,.F.);
#14916 = CYLINDRICAL_SURFACE('',#14917,1.6);
#14917 = AXIS2_PLACEMENT_3D('',#14918,#14919,#14920);
#14918 = CARTESIAN_POINT('',(125.5,-74.,-4.6E-02));
#14919 = DIRECTION('',(-0.,-0.,-1.));
#14920 = DIRECTION('',(-0.,-1.,0.));
#14921 = ADVANCED_FACE('',(#14922),#14938,.F.);
#14922 = FACE_BOUND('',#14923,.T.);
#14923 = EDGE_LOOP('',(#14924,#14925,#14931,#14932));
#14924 = ORIENTED_EDGE('',*,*,#12655,.T.);
#14925 = ORIENTED_EDGE('',*,*,#14926,.T.);
#14926 = EDGE_CURVE('',#12658,#13585,#14927,.T.);
#14927 = LINE('',#14928,#14929);
#14928 = CARTESIAN_POINT('',(126.98,-60.555,-4.6E-02));
#14929 = VECTOR('',#14930,1.);
#14930 = DIRECTION('',(0.,0.,1.));
#14931 = ORIENTED_EDGE('',*,*,#13582,.F.);
#14932 = ORIENTED_EDGE('',*,*,#14933,.F.);
#14933 = EDGE_CURVE('',#12656,#13583,#14934,.T.);
#14934 = LINE('',#14935,#14936);
#14935 = CARTESIAN_POINT('',(126.38,-60.555,-4.6E-02));
#14936 = VECTOR('',#14937,1.);
#14937 = DIRECTION('',(0.,0.,1.));
#14938 = CYLINDRICAL_SURFACE('',#14939,0.3);
#14939 = AXIS2_PLACEMENT_3D('',#14940,#14941,#14942);
#14940 = CARTESIAN_POINT('',(126.68,-60.555,-4.6E-02));
#14941 = DIRECTION('',(-0.,-0.,-1.));
#14942 = DIRECTION('',(1.,4.736951571734E-14,-0.));
#14943 = ADVANCED_FACE('',(#14944),#14955,.T.);
#14944 = FACE_BOUND('',#14945,.T.);
#14945 = EDGE_LOOP('',(#14946,#14947,#14948,#14949));
#14946 = ORIENTED_EDGE('',*,*,#12683,.T.);
#14947 = ORIENTED_EDGE('',*,*,#14933,.T.);
#14948 = ORIENTED_EDGE('',*,*,#13610,.F.);
#14949 = ORIENTED_EDGE('',*,*,#14950,.F.);
#14950 = EDGE_CURVE('',#12675,#13602,#14951,.T.);
#14951 = LINE('',#14952,#14953);
#14952 = CARTESIAN_POINT('',(126.38,-61.655,-4.6E-02));
#14953 = VECTOR('',#14954,1.);
#14954 = DIRECTION('',(0.,0.,1.));
#14955 = PLANE('',#14956);
#14956 = AXIS2_PLACEMENT_3D('',#14957,#14958,#14959);
#14957 = CARTESIAN_POINT('',(126.38,-60.555,-4.6E-02));
#14958 = DIRECTION('',(1.,0.,-0.));
#14959 = DIRECTION('',(0.,-1.,0.));
#14960 = ADVANCED_FACE('',(#14961),#14972,.F.);
#14961 = FACE_BOUND('',#14962,.T.);
#14962 = EDGE_LOOP('',(#14963,#14964,#14965,#14966));
#14963 = ORIENTED_EDGE('',*,*,#12674,.T.);
#14964 = ORIENTED_EDGE('',*,*,#14950,.T.);
#14965 = ORIENTED_EDGE('',*,*,#13601,.F.);
#14966 = ORIENTED_EDGE('',*,*,#14967,.F.);
#14967 = EDGE_CURVE('',#12667,#13594,#14968,.T.);
#14968 = LINE('',#14969,#14970);
#14969 = CARTESIAN_POINT('',(126.98,-61.655,-4.6E-02));
#14970 = VECTOR('',#14971,1.);
#14971 = DIRECTION('',(0.,0.,1.));
#14972 = CYLINDRICAL_SURFACE('',#14973,0.3);
#14973 = AXIS2_PLACEMENT_3D('',#14974,#14975,#14976);
#14974 = CARTESIAN_POINT('',(126.68,-61.655,-4.6E-02));
#14975 = DIRECTION('',(-0.,-0.,-1.));
#14976 = DIRECTION('',(-1.,-4.736951571734E-14,0.));
#14977 = ADVANCED_FACE('',(#14978),#14984,.T.);
#14978 = FACE_BOUND('',#14979,.T.);
#14979 = EDGE_LOOP('',(#14980,#14981,#14982,#14983));
#14980 = ORIENTED_EDGE('',*,*,#12666,.T.);
#14981 = ORIENTED_EDGE('',*,*,#14967,.T.);
#14982 = ORIENTED_EDGE('',*,*,#13593,.F.);
#14983 = ORIENTED_EDGE('',*,*,#14926,.F.);
#14984 = PLANE('',#14985);
#14985 = AXIS2_PLACEMENT_3D('',#14986,#14987,#14988);
#14986 = CARTESIAN_POINT('',(126.98,-61.655,-4.6E-02));
#14987 = DIRECTION('',(-1.,0.,0.));
#14988 = DIRECTION('',(0.,1.,0.));
#14989 = ADVANCED_FACE('',(#14990),#15006,.F.);
#14990 = FACE_BOUND('',#14991,.T.);
#14991 = EDGE_LOOP('',(#14992,#14993,#14999,#15000));
#14992 = ORIENTED_EDGE('',*,*,#12691,.T.);
#14993 = ORIENTED_EDGE('',*,*,#14994,.T.);
#14994 = EDGE_CURVE('',#12694,#13621,#14995,.T.);
#14995 = LINE('',#14996,#14997);
#14996 = CARTESIAN_POINT('',(126.98,-56.625,-4.6E-02));
#14997 = VECTOR('',#14998,1.);
#14998 = DIRECTION('',(0.,0.,1.));
#14999 = ORIENTED_EDGE('',*,*,#13618,.F.);
#15000 = ORIENTED_EDGE('',*,*,#15001,.F.);
#15001 = EDGE_CURVE('',#12692,#13619,#15002,.T.);
#15002 = LINE('',#15003,#15004);
#15003 = CARTESIAN_POINT('',(126.38,-56.625,-4.6E-02));
#15004 = VECTOR('',#15005,1.);
#15005 = DIRECTION('',(0.,0.,1.));
#15006 = CYLINDRICAL_SURFACE('',#15007,0.3);
#15007 = AXIS2_PLACEMENT_3D('',#15008,#15009,#15010);
#15008 = CARTESIAN_POINT('',(126.68,-56.625,-4.6E-02));
#15009 = DIRECTION('',(-0.,-0.,-1.));
#15010 = DIRECTION('',(1.,4.736951571734E-14,-0.));
#15011 = ADVANCED_FACE('',(#15012),#15023,.T.);
#15012 = FACE_BOUND('',#15013,.T.);
#15013 = EDGE_LOOP('',(#15014,#15015,#15016,#15017));
#15014 = ORIENTED_EDGE('',*,*,#12719,.T.);
#15015 = ORIENTED_EDGE('',*,*,#15001,.T.);
#15016 = ORIENTED_EDGE('',*,*,#13646,.F.);
#15017 = ORIENTED_EDGE('',*,*,#15018,.F.);
#15018 = EDGE_CURVE('',#12711,#13638,#15019,.T.);
#15019 = LINE('',#15020,#15021);
#15020 = CARTESIAN_POINT('',(126.38,-57.225,-4.6E-02));
#15021 = VECTOR('',#15022,1.);
#15022 = DIRECTION('',(0.,0.,1.));
#15023 = PLANE('',#15024);
#15024 = AXIS2_PLACEMENT_3D('',#15025,#15026,#15027);
#15025 = CARTESIAN_POINT('',(126.38,-56.625,-4.6E-02));
#15026 = DIRECTION('',(1.,0.,-0.));
#15027 = DIRECTION('',(0.,-1.,0.));
#15028 = ADVANCED_FACE('',(#15029),#15040,.F.);
#15029 = FACE_BOUND('',#15030,.T.);
#15030 = EDGE_LOOP('',(#15031,#15032,#15033,#15034));
#15031 = ORIENTED_EDGE('',*,*,#12710,.T.);
#15032 = ORIENTED_EDGE('',*,*,#15018,.T.);
#15033 = ORIENTED_EDGE('',*,*,#13637,.F.);
#15034 = ORIENTED_EDGE('',*,*,#15035,.F.);
#15035 = EDGE_CURVE('',#12703,#13630,#15036,.T.);
#15036 = LINE('',#15037,#15038);
#15037 = CARTESIAN_POINT('',(126.98,-57.225,-4.6E-02));
#15038 = VECTOR('',#15039,1.);
#15039 = DIRECTION('',(0.,0.,1.));
#15040 = CYLINDRICAL_SURFACE('',#15041,0.3);
#15041 = AXIS2_PLACEMENT_3D('',#15042,#15043,#15044);
#15042 = CARTESIAN_POINT('',(126.68,-57.225,-4.6E-02));
#15043 = DIRECTION('',(-0.,-0.,-1.));
#15044 = DIRECTION('',(-1.,-4.736951571734E-14,0.));
#15045 = ADVANCED_FACE('',(#15046),#15052,.T.);
#15046 = FACE_BOUND('',#15047,.T.);
#15047 = EDGE_LOOP('',(#15048,#15049,#15050,#15051));
#15048 = ORIENTED_EDGE('',*,*,#12702,.T.);
#15049 = ORIENTED_EDGE('',*,*,#15035,.T.);
#15050 = ORIENTED_EDGE('',*,*,#13629,.F.);
#15051 = ORIENTED_EDGE('',*,*,#14994,.F.);
#15052 = PLANE('',#15053);
#15053 = AXIS2_PLACEMENT_3D('',#15054,#15055,#15056);
#15054 = CARTESIAN_POINT('',(126.98,-57.225,-4.6E-02));
#15055 = DIRECTION('',(-1.,0.,0.));
#15056 = DIRECTION('',(0.,1.,0.));
#15057 = ADVANCED_FACE('',(#15058),#15069,.F.);
#15058 = FACE_BOUND('',#15059,.T.);
#15059 = EDGE_LOOP('',(#15060,#15061,#15067,#15068));
#15060 = ORIENTED_EDGE('',*,*,#12727,.T.);
#15061 = ORIENTED_EDGE('',*,*,#15062,.T.);
#15062 = EDGE_CURVE('',#12728,#13655,#15063,.T.);
#15063 = LINE('',#15064,#15065);
#15064 = CARTESIAN_POINT('',(128.11,-60.93,-4.6E-02));
#15065 = VECTOR('',#15066,1.);
#15066 = DIRECTION('',(0.,0.,1.));
#15067 = ORIENTED_EDGE('',*,*,#13654,.F.);
#15068 = ORIENTED_EDGE('',*,*,#15062,.F.);
#15069 = CYLINDRICAL_SURFACE('',#15070,0.325);
#15070 = AXIS2_PLACEMENT_3D('',#15071,#15072,#15073);
#15071 = CARTESIAN_POINT('',(128.11,-60.605,-4.6E-02));
#15072 = DIRECTION('',(-0.,-0.,-1.));
#15073 = DIRECTION('',(-0.,-1.,0.));
#15074 = ADVANCED_FACE('',(#15075),#15086,.F.);
#15075 = FACE_BOUND('',#15076,.T.);
#15076 = EDGE_LOOP('',(#15077,#15078,#15084,#15085));
#15077 = ORIENTED_EDGE('',*,*,#12738,.T.);
#15078 = ORIENTED_EDGE('',*,*,#15079,.T.);
#15079 = EDGE_CURVE('',#12739,#13666,#15080,.T.);
#15080 = LINE('',#15081,#15082);
#15081 = CARTESIAN_POINT('',(133.89,-60.93,-4.6E-02));
#15082 = VECTOR('',#15083,1.);
#15083 = DIRECTION('',(0.,0.,1.));
#15084 = ORIENTED_EDGE('',*,*,#13665,.F.);
#15085 = ORIENTED_EDGE('',*,*,#15079,.F.);
#15086 = CYLINDRICAL_SURFACE('',#15087,0.325);
#15087 = AXIS2_PLACEMENT_3D('',#15088,#15089,#15090);
#15088 = CARTESIAN_POINT('',(133.89,-60.605,-4.6E-02));
#15089 = DIRECTION('',(-0.,-0.,-1.));
#15090 = DIRECTION('',(-0.,-1.,0.));
#15091 = ADVANCED_FACE('',(#15092),#15108,.F.);
#15092 = FACE_BOUND('',#15093,.T.);
#15093 = EDGE_LOOP('',(#15094,#15095,#15101,#15102));
#15094 = ORIENTED_EDGE('',*,*,#12749,.T.);
#15095 = ORIENTED_EDGE('',*,*,#15096,.T.);
#15096 = EDGE_CURVE('',#12752,#13679,#15097,.T.);
#15097 = LINE('',#15098,#15099);
#15098 = CARTESIAN_POINT('',(135.62,-60.555,-4.6E-02));
#15099 = VECTOR('',#15100,1.);
#15100 = DIRECTION('',(0.,0.,1.));
#15101 = ORIENTED_EDGE('',*,*,#13676,.F.);
#15102 = ORIENTED_EDGE('',*,*,#15103,.F.);
#15103 = EDGE_CURVE('',#12750,#13677,#15104,.T.);
#15104 = LINE('',#15105,#15106);
#15105 = CARTESIAN_POINT('',(135.02,-60.555,-4.6E-02));
#15106 = VECTOR('',#15107,1.);
#15107 = DIRECTION('',(0.,0.,1.));
#15108 = CYLINDRICAL_SURFACE('',#15109,0.3);
#15109 = AXIS2_PLACEMENT_3D('',#15110,#15111,#15112);
#15110 = CARTESIAN_POINT('',(135.32,-60.555,-4.6E-02));
#15111 = DIRECTION('',(-0.,-0.,-1.));
#15112 = DIRECTION('',(1.,-2.368475785867E-14,0.));
#15113 = ADVANCED_FACE('',(#15114),#15125,.T.);
#15114 = FACE_BOUND('',#15115,.T.);
#15115 = EDGE_LOOP('',(#15116,#15117,#15118,#15119));
#15116 = ORIENTED_EDGE('',*,*,#12777,.T.);
#15117 = ORIENTED_EDGE('',*,*,#15103,.T.);
#15118 = ORIENTED_EDGE('',*,*,#13704,.F.);
#15119 = ORIENTED_EDGE('',*,*,#15120,.F.);
#15120 = EDGE_CURVE('',#12769,#13696,#15121,.T.);
#15121 = LINE('',#15122,#15123);
#15122 = CARTESIAN_POINT('',(135.02,-61.655,-4.6E-02));
#15123 = VECTOR('',#15124,1.);
#15124 = DIRECTION('',(0.,0.,1.));
#15125 = PLANE('',#15126);
#15126 = AXIS2_PLACEMENT_3D('',#15127,#15128,#15129);
#15127 = CARTESIAN_POINT('',(135.02,-60.555,-4.6E-02));
#15128 = DIRECTION('',(1.,0.,-0.));
#15129 = DIRECTION('',(0.,-1.,0.));
#15130 = ADVANCED_FACE('',(#15131),#15142,.F.);
#15131 = FACE_BOUND('',#15132,.T.);
#15132 = EDGE_LOOP('',(#15133,#15134,#15135,#15136));
#15133 = ORIENTED_EDGE('',*,*,#12768,.T.);
#15134 = ORIENTED_EDGE('',*,*,#15120,.T.);
#15135 = ORIENTED_EDGE('',*,*,#13695,.F.);
#15136 = ORIENTED_EDGE('',*,*,#15137,.F.);
#15137 = EDGE_CURVE('',#12761,#13688,#15138,.T.);
#15138 = LINE('',#15139,#15140);
#15139 = CARTESIAN_POINT('',(135.62,-61.655,-4.6E-02));
#15140 = VECTOR('',#15141,1.);
#15141 = DIRECTION('',(0.,0.,1.));
#15142 = CYLINDRICAL_SURFACE('',#15143,0.3);
#15143 = AXIS2_PLACEMENT_3D('',#15144,#15145,#15146);
#15144 = CARTESIAN_POINT('',(135.32,-61.655,-4.6E-02));
#15145 = DIRECTION('',(-0.,-0.,-1.));
#15146 = DIRECTION('',(-1.,2.368475785867E-14,-0.));
#15147 = ADVANCED_FACE('',(#15148),#15154,.T.);
#15148 = FACE_BOUND('',#15149,.T.);
#15149 = EDGE_LOOP('',(#15150,#15151,#15152,#15153));
#15150 = ORIENTED_EDGE('',*,*,#12760,.T.);
#15151 = ORIENTED_EDGE('',*,*,#15137,.T.);
#15152 = ORIENTED_EDGE('',*,*,#13687,.F.);
#15153 = ORIENTED_EDGE('',*,*,#15096,.F.);
#15154 = PLANE('',#15155);
#15155 = AXIS2_PLACEMENT_3D('',#15156,#15157,#15158);
#15156 = CARTESIAN_POINT('',(135.62,-61.655,-4.6E-02));
#15157 = DIRECTION('',(-1.,0.,0.));
#15158 = DIRECTION('',(0.,1.,0.));
#15159 = ADVANCED_FACE('',(#15160),#15176,.F.);
#15160 = FACE_BOUND('',#15161,.T.);
#15161 = EDGE_LOOP('',(#15162,#15163,#15169,#15170));
#15162 = ORIENTED_EDGE('',*,*,#12785,.T.);
#15163 = ORIENTED_EDGE('',*,*,#15164,.T.);
#15164 = EDGE_CURVE('',#12788,#13715,#15165,.T.);
#15165 = LINE('',#15166,#15167);
#15166 = CARTESIAN_POINT('',(135.62,-56.625,-4.6E-02));
#15167 = VECTOR('',#15168,1.);
#15168 = DIRECTION('',(0.,0.,1.));
#15169 = ORIENTED_EDGE('',*,*,#13712,.F.);
#15170 = ORIENTED_EDGE('',*,*,#15171,.F.);
#15171 = EDGE_CURVE('',#12786,#13713,#15172,.T.);
#15172 = LINE('',#15173,#15174);
#15173 = CARTESIAN_POINT('',(135.02,-56.625,-4.6E-02));
#15174 = VECTOR('',#15175,1.);
#15175 = DIRECTION('',(0.,0.,1.));
#15176 = CYLINDRICAL_SURFACE('',#15177,0.3);
#15177 = AXIS2_PLACEMENT_3D('',#15178,#15179,#15180);
#15178 = CARTESIAN_POINT('',(135.32,-56.625,-4.6E-02));
#15179 = DIRECTION('',(-0.,-0.,-1.));
#15180 = DIRECTION('',(1.,-2.368475785867E-14,0.));
#15181 = ADVANCED_FACE('',(#15182),#15193,.T.);
#15182 = FACE_BOUND('',#15183,.T.);
#15183 = EDGE_LOOP('',(#15184,#15185,#15186,#15187));
#15184 = ORIENTED_EDGE('',*,*,#12813,.T.);
#15185 = ORIENTED_EDGE('',*,*,#15171,.T.);
#15186 = ORIENTED_EDGE('',*,*,#13740,.F.);
#15187 = ORIENTED_EDGE('',*,*,#15188,.F.);
#15188 = EDGE_CURVE('',#12805,#13732,#15189,.T.);
#15189 = LINE('',#15190,#15191);
#15190 = CARTESIAN_POINT('',(135.02,-57.225,-4.6E-02));
#15191 = VECTOR('',#15192,1.);
#15192 = DIRECTION('',(0.,0.,1.));
#15193 = PLANE('',#15194);
#15194 = AXIS2_PLACEMENT_3D('',#15195,#15196,#15197);
#15195 = CARTESIAN_POINT('',(135.02,-56.625,-4.6E-02));
#15196 = DIRECTION('',(1.,0.,-0.));
#15197 = DIRECTION('',(0.,-1.,0.));
#15198 = ADVANCED_FACE('',(#15199),#15210,.F.);
#15199 = FACE_BOUND('',#15200,.T.);
#15200 = EDGE_LOOP('',(#15201,#15202,#15203,#15204));
#15201 = ORIENTED_EDGE('',*,*,#12804,.T.);
#15202 = ORIENTED_EDGE('',*,*,#15188,.T.);
#15203 = ORIENTED_EDGE('',*,*,#13731,.F.);
#15204 = ORIENTED_EDGE('',*,*,#15205,.F.);
#15205 = EDGE_CURVE('',#12797,#13724,#15206,.T.);
#15206 = LINE('',#15207,#15208);
#15207 = CARTESIAN_POINT('',(135.62,-57.225,-4.6E-02));
#15208 = VECTOR('',#15209,1.);
#15209 = DIRECTION('',(0.,0.,1.));
#15210 = CYLINDRICAL_SURFACE('',#15211,0.3);
#15211 = AXIS2_PLACEMENT_3D('',#15212,#15213,#15214);
#15212 = CARTESIAN_POINT('',(135.32,-57.225,-4.6E-02));
#15213 = DIRECTION('',(-0.,-0.,-1.));
#15214 = DIRECTION('',(-1.,2.368475785867E-14,-0.));
#15215 = ADVANCED_FACE('',(#15216),#15222,.T.);
#15216 = FACE_BOUND('',#15217,.T.);
#15217 = EDGE_LOOP('',(#15218,#15219,#15220,#15221));
#15218 = ORIENTED_EDGE('',*,*,#12796,.T.);
#15219 = ORIENTED_EDGE('',*,*,#15205,.T.);
#15220 = ORIENTED_EDGE('',*,*,#13723,.F.);
#15221 = ORIENTED_EDGE('',*,*,#15164,.F.);
#15222 = PLANE('',#15223);
#15223 = AXIS2_PLACEMENT_3D('',#15224,#15225,#15226);
#15224 = CARTESIAN_POINT('',(135.62,-57.225,-4.6E-02));
#15225 = DIRECTION('',(-1.,0.,0.));
#15226 = DIRECTION('',(0.,1.,0.));
#15227 = ADVANCED_FACE('',(#15228),#15239,.F.);
#15228 = FACE_BOUND('',#15229,.T.);
#15229 = EDGE_LOOP('',(#15230,#15231,#15237,#15238));
#15230 = ORIENTED_EDGE('',*,*,#12821,.T.);
#15231 = ORIENTED_EDGE('',*,*,#15232,.T.);
#15232 = EDGE_CURVE('',#12822,#13749,#15233,.T.);
#15233 = LINE('',#15234,#15235);
#15234 = CARTESIAN_POINT('',(152.5,-60.1,-4.6E-02));
#15235 = VECTOR('',#15236,1.);
#15236 = DIRECTION('',(0.,0.,1.));
#15237 = ORIENTED_EDGE('',*,*,#13748,.F.);
#15238 = ORIENTED_EDGE('',*,*,#15232,.F.);
#15239 = CYLINDRICAL_SURFACE('',#15240,1.6);
#15240 = AXIS2_PLACEMENT_3D('',#15241,#15242,#15243);
#15241 = CARTESIAN_POINT('',(152.5,-58.5,-4.6E-02));
#15242 = DIRECTION('',(-0.,-0.,-1.));
#15243 = DIRECTION('',(-0.,-1.,0.));
#15244 = ADVANCED_FACE('',(#15245),#15256,.F.);
#15245 = FACE_BOUND('',#15246,.T.);
#15246 = EDGE_LOOP('',(#15247,#15248,#15254,#15255));
#15247 = ORIENTED_EDGE('',*,*,#12832,.T.);
#15248 = ORIENTED_EDGE('',*,*,#15249,.T.);
#15249 = EDGE_CURVE('',#12833,#13760,#15250,.T.);
#15250 = LINE('',#15251,#15252);
#15251 = CARTESIAN_POINT('',(163.24,-96.66,-4.6E-02));
#15252 = VECTOR('',#15253,1.);
#15253 = DIRECTION('',(0.,0.,1.));
#15254 = ORIENTED_EDGE('',*,*,#13759,.F.);
#15255 = ORIENTED_EDGE('',*,*,#15249,.F.);
#15256 = CYLINDRICAL_SURFACE('',#15257,0.5);
#15257 = AXIS2_PLACEMENT_3D('',#15258,#15259,#15260);
#15258 = CARTESIAN_POINT('',(163.24,-96.16,-4.6E-02));
#15259 = DIRECTION('',(-0.,-0.,-1.));
#15260 = DIRECTION('',(-0.,-1.,0.));
#15261 = ADVANCED_FACE('',(#15262),#15273,.F.);
#15262 = FACE_BOUND('',#15263,.T.);
#15263 = EDGE_LOOP('',(#15264,#15265,#15271,#15272));
#15264 = ORIENTED_EDGE('',*,*,#12843,.T.);
#15265 = ORIENTED_EDGE('',*,*,#15266,.T.);
#15266 = EDGE_CURVE('',#12844,#13771,#15267,.T.);
#15267 = LINE('',#15268,#15269);
#15268 = CARTESIAN_POINT('',(163.24,-94.12,-4.6E-02));
#15269 = VECTOR('',#15270,1.);
#15270 = DIRECTION('',(0.,0.,1.));
#15271 = ORIENTED_EDGE('',*,*,#13770,.F.);
#15272 = ORIENTED_EDGE('',*,*,#15266,.F.);
#15273 = CYLINDRICAL_SURFACE('',#15274,0.5);
#15274 = AXIS2_PLACEMENT_3D('',#15275,#15276,#15277);
#15275 = CARTESIAN_POINT('',(163.24,-93.62,-4.6E-02));
#15276 = DIRECTION('',(-0.,-0.,-1.));
#15277 = DIRECTION('',(-0.,-1.,0.));
#15278 = ADVANCED_FACE('',(#15279),#15290,.F.);
#15279 = FACE_BOUND('',#15280,.T.);
#15280 = EDGE_LOOP('',(#15281,#15282,#15288,#15289));
#15281 = ORIENTED_EDGE('',*,*,#12854,.T.);
#15282 = ORIENTED_EDGE('',*,*,#15283,.T.);
#15283 = EDGE_CURVE('',#12855,#13782,#15284,.T.);
#15284 = LINE('',#15285,#15286);
#15285 = CARTESIAN_POINT('',(163.24,-91.58,-4.6E-02));
#15286 = VECTOR('',#15287,1.);
#15287 = DIRECTION('',(0.,0.,1.));
#15288 = ORIENTED_EDGE('',*,*,#13781,.F.);
#15289 = ORIENTED_EDGE('',*,*,#15283,.F.);
#15290 = CYLINDRICAL_SURFACE('',#15291,0.5);
#15291 = AXIS2_PLACEMENT_3D('',#15292,#15293,#15294);
#15292 = CARTESIAN_POINT('',(163.24,-91.08,-4.6E-02));
#15293 = DIRECTION('',(-0.,-0.,-1.));
#15294 = DIRECTION('',(-0.,-1.,0.));
#15295 = ADVANCED_FACE('',(#15296),#15307,.F.);
#15296 = FACE_BOUND('',#15297,.T.);
#15297 = EDGE_LOOP('',(#15298,#15299,#15305,#15306));
#15298 = ORIENTED_EDGE('',*,*,#12865,.T.);
#15299 = ORIENTED_EDGE('',*,*,#15300,.T.);
#15300 = EDGE_CURVE('',#12866,#13793,#15301,.T.);
#15301 = LINE('',#15302,#15303);
#15302 = CARTESIAN_POINT('',(163.24,-89.04,-4.6E-02));
#15303 = VECTOR('',#15304,1.);
#15304 = DIRECTION('',(0.,0.,1.));
#15305 = ORIENTED_EDGE('',*,*,#13792,.F.);
#15306 = ORIENTED_EDGE('',*,*,#15300,.F.);
#15307 = CYLINDRICAL_SURFACE('',#15308,0.5);
#15308 = AXIS2_PLACEMENT_3D('',#15309,#15310,#15311);
#15309 = CARTESIAN_POINT('',(163.24,-88.54,-4.6E-02));
#15310 = DIRECTION('',(-0.,-0.,-1.));
#15311 = DIRECTION('',(-0.,-1.,0.));
#15312 = ADVANCED_FACE('',(#15313),#15324,.F.);
#15313 = FACE_BOUND('',#15314,.T.);
#15314 = EDGE_LOOP('',(#15315,#15316,#15322,#15323));
#15315 = ORIENTED_EDGE('',*,*,#12876,.T.);
#15316 = ORIENTED_EDGE('',*,*,#15317,.T.);
#15317 = EDGE_CURVE('',#12877,#13804,#15318,.T.);
#15318 = LINE('',#15319,#15320);
#15319 = CARTESIAN_POINT('',(159.,-80.4,-4.6E-02));
#15320 = VECTOR('',#15321,1.);
#15321 = DIRECTION('',(0.,0.,1.));
#15322 = ORIENTED_EDGE('',*,*,#13803,.F.);
#15323 = ORIENTED_EDGE('',*,*,#15317,.F.);
#15324 = CYLINDRICAL_SURFACE('',#15325,0.4);
#15325 = AXIS2_PLACEMENT_3D('',#15326,#15327,#15328);
#15326 = CARTESIAN_POINT('',(159.,-80.,-4.6E-02));
#15327 = DIRECTION('',(-0.,-0.,-1.));
#15328 = DIRECTION('',(-0.,-1.,0.));
#15329 = ADVANCED_FACE('',(#15330),#15341,.F.);
#15330 = FACE_BOUND('',#15331,.T.);
#15331 = EDGE_LOOP('',(#15332,#15333,#15339,#15340));
#15332 = ORIENTED_EDGE('',*,*,#12887,.T.);
#15333 = ORIENTED_EDGE('',*,*,#15334,.T.);
#15334 = EDGE_CURVE('',#12888,#13815,#15335,.T.);
#15335 = LINE('',#15336,#15337);
#15336 = CARTESIAN_POINT('',(163.24,-86.5,-4.6E-02));
#15337 = VECTOR('',#15338,1.);
#15338 = DIRECTION('',(0.,0.,1.));
#15339 = ORIENTED_EDGE('',*,*,#13814,.F.);
#15340 = ORIENTED_EDGE('',*,*,#15334,.F.);
#15341 = CYLINDRICAL_SURFACE('',#15342,0.5);
#15342 = AXIS2_PLACEMENT_3D('',#15343,#15344,#15345);
#15343 = CARTESIAN_POINT('',(163.24,-86.,-4.6E-02));
#15344 = DIRECTION('',(-0.,-0.,-1.));
#15345 = DIRECTION('',(-0.,-1.,0.));
#15346 = ADVANCED_FACE('',(#15347),#15358,.F.);
#15347 = FACE_BOUND('',#15348,.T.);
#15348 = EDGE_LOOP('',(#15349,#15350,#15356,#15357));
#15349 = ORIENTED_EDGE('',*,*,#12898,.T.);
#15350 = ORIENTED_EDGE('',*,*,#15351,.T.);
#15351 = EDGE_CURVE('',#12899,#13826,#15352,.T.);
#15352 = LINE('',#15353,#15354);
#15353 = CARTESIAN_POINT('',(164.5,-75.1,-4.6E-02));
#15354 = VECTOR('',#15355,1.);
#15355 = DIRECTION('',(0.,0.,1.));
#15356 = ORIENTED_EDGE('',*,*,#13825,.F.);
#15357 = ORIENTED_EDGE('',*,*,#15351,.F.);
#15358 = CYLINDRICAL_SURFACE('',#15359,1.6);
#15359 = AXIS2_PLACEMENT_3D('',#15360,#15361,#15362);
#15360 = CARTESIAN_POINT('',(164.5,-73.5,-4.6E-02));
#15361 = DIRECTION('',(-0.,-0.,-1.));
#15362 = DIRECTION('',(-0.,-1.,0.));
#15363 = ( GEOMETRIC_REPRESENTATION_CONTEXT(3) 
GLOBAL_UNCERTAINTY_ASSIGNED_CONTEXT((#15367)) 
GLOBAL_UNIT_ASSIGNED_CONTEXT((#15364,#15365,#15366)) 
REPRESENTATION_CONTEXT('Context #1',
  '3D Context with UNIT and UNCERTAINTY') );
#15364 = ( LENGTH_UNIT() NAMED_UNIT(*) SI_UNIT(.MILLI.,.METRE.) );
#15365 = ( NAMED_UNIT(*) PLANE_ANGLE_UNIT() SI_UNIT($,.RADIAN.) );
#15366 = ( NAMED_UNIT(*) SI_UNIT($,.STERADIAN.) SOLID_ANGLE_UNIT() );
#15367 = UNCERTAINTY_MEASURE_WITH_UNIT(LENGTH_MEASURE(1.E-07),#15364,
  'distance_accuracy_value','confusion accuracy');
#15368 = CONTEXT_DEPENDENT_SHAPE_REPRESENTATION(#15369,#15371);
#15369 = ( REPRESENTATION_RELATIONSHIP('','',#11879,#10) 
REPRESENTATION_RELATIONSHIP_WITH_TRANSFORMATION(#15370) 
SHAPE_REPRESENTATION_RELATIONSHIP() );
#15370 = ITEM_DEFINED_TRANSFORMATION('','',#11,#39);
#15371 = PRODUCT_DEFINITION_SHAPE('Placement','Placement of an item',
  #15372);
#15372 = NEXT_ASSEMBLY_USAGE_OCCURRENCE('7','=>[0:1:1:5]','',#5,#11874,$
  );
#15373 = PRODUCT_RELATED_PRODUCT_CATEGORY('part',$,(#11876));
#15374 = MECHANICAL_DESIGN_GEOMETRIC_PRESENTATION_REPRESENTATION('',(
    #15375),#15363);
#15375 = STYLED_ITEM('color',(#15376),#11880);
#15376 = PRESENTATION_STYLE_ASSIGNMENT((#15377));
#15377 = SURFACE_STYLE_USAGE(.BOTH.,#15378);
#15378 = SURFACE_SIDE_STYLE('',(#15379));
#15379 = SURFACE_STYLE_FILL_AREA(#15380);
#15380 = FILL_AREA_STYLE('',(#15381));
#15381 = FILL_AREA_STYLE_COLOUR('',#15382);
#15382 = COLOUR_RGB('',0.313304153717,0.484529207832,0.410020903123);
#15383 = MECHANICAL_DESIGN_GEOMETRIC_PRESENTATION_REPRESENTATION('',(
    #15384,#15392,#15399,#15406,#15413,#15420,#15427,#15434,#15442,
    #15449,#15456,#15464,#15471,#15478,#15485,#15492),#407);
#15384 = STYLED_ITEM('color',(#15385),#59);
#15385 = PRESENTATION_STYLE_ASSIGNMENT((#15386));
#15386 = SURFACE_STYLE_USAGE(.BOTH.,#15387);
#15387 = SURFACE_SIDE_STYLE('',(#15388));
#15388 = SURFACE_STYLE_FILL_AREA(#15389);
#15389 = FILL_AREA_STYLE('',(#15390));
#15390 = FILL_AREA_STYLE_COLOUR('',#15391);
#15391 = COLOUR_RGB('',0.823999987314,0.819999987296,0.781000009244);
#15392 = STYLED_ITEM('color',(#15393),#92);
#15393 = PRESENTATION_STYLE_ASSIGNMENT((#15394));
#15394 = SURFACE_STYLE_USAGE(.BOTH.,#15395);
#15395 = SURFACE_SIDE_STYLE('',(#15396));
#15396 = SURFACE_STYLE_FILL_AREA(#15397);
#15397 = FILL_AREA_STYLE('',(#15398));
#15398 = FILL_AREA_STYLE_COLOUR('',#15391);
#15399 = STYLED_ITEM('color',(#15400),#118);
#15400 = PRESENTATION_STYLE_ASSIGNMENT((#15401));
#15401 = SURFACE_STYLE_USAGE(.BOTH.,#15402);
#15402 = SURFACE_SIDE_STYLE('',(#15403));
#15403 = SURFACE_STYLE_FILL_AREA(#15404);
#15404 = FILL_AREA_STYLE('',(#15405));
#15405 = FILL_AREA_STYLE_COLOUR('',#15391);
#15406 = STYLED_ITEM('color',(#15407),#143);
#15407 = PRESENTATION_STYLE_ASSIGNMENT((#15408));
#15408 = SURFACE_STYLE_USAGE(.BOTH.,#15409);
#15409 = SURFACE_SIDE_STYLE('',(#15410));
#15410 = SURFACE_STYLE_FILL_AREA(#15411);
#15411 = FILL_AREA_STYLE('',(#15412));
#15412 = FILL_AREA_STYLE_COLOUR('',#15391);
#15413 = STYLED_ITEM('color',(#15414),#169);
#15414 = PRESENTATION_STYLE_ASSIGNMENT((#15415));
#15415 = SURFACE_STYLE_USAGE(.BOTH.,#15416);
#15416 = SURFACE_SIDE_STYLE('',(#15417));
#15417 = SURFACE_STYLE_FILL_AREA(#15418);
#15418 = FILL_AREA_STYLE('',(#15419));
#15419 = FILL_AREA_STYLE_COLOUR('',#15391);
#15420 = STYLED_ITEM('color',(#15421),#194);
#15421 = PRESENTATION_STYLE_ASSIGNMENT((#15422));
#15422 = SURFACE_STYLE_USAGE(.BOTH.,#15423);
#15423 = SURFACE_SIDE_STYLE('',(#15424));
#15424 = SURFACE_STYLE_FILL_AREA(#15425);
#15425 = FILL_AREA_STYLE('',(#15426));
#15426 = FILL_AREA_STYLE_COLOUR('',#15391);
#15427 = STYLED_ITEM('color',(#15428),#203);
#15428 = PRESENTATION_STYLE_ASSIGNMENT((#15429));
#15429 = SURFACE_STYLE_USAGE(.BOTH.,#15430);
#15430 = SURFACE_SIDE_STYLE('',(#15431));
#15431 = SURFACE_STYLE_FILL_AREA(#15432);
#15432 = FILL_AREA_STYLE('',(#15433));
#15433 = FILL_AREA_STYLE_COLOUR('',#15391);
#15434 = STYLED_ITEM('color',(#15435),#214);
#15435 = PRESENTATION_STYLE_ASSIGNMENT((#15436));
#15436 = SURFACE_STYLE_USAGE(.BOTH.,#15437);
#15437 = SURFACE_SIDE_STYLE('',(#15438));
#15438 = SURFACE_STYLE_FILL_AREA(#15439);
#15439 = FILL_AREA_STYLE('',(#15440));
#15440 = FILL_AREA_STYLE_COLOUR('',#15441);
#15441 = COLOUR_RGB('',0.699999984889,9.999999991362E-02,
  5.000000142576E-02);
#15442 = STYLED_ITEM('color',(#15443),#247);
#15443 = PRESENTATION_STYLE_ASSIGNMENT((#15444));
#15444 = SURFACE_STYLE_USAGE(.BOTH.,#15445);
#15445 = SURFACE_SIDE_STYLE('',(#15446));
#15446 = SURFACE_STYLE_FILL_AREA(#15447);
#15447 = FILL_AREA_STYLE('',(#15448));
#15448 = FILL_AREA_STYLE_COLOUR('',#15441);
#15449 = STYLED_ITEM('color',(#15450),#267);
#15450 = PRESENTATION_STYLE_ASSIGNMENT((#15451));
#15451 = SURFACE_STYLE_USAGE(.BOTH.,#15452);
#15452 = SURFACE_SIDE_STYLE('',(#15453));
#15453 = SURFACE_STYLE_FILL_AREA(#15454);
#15454 = FILL_AREA_STYLE('',(#15455));
#15455 = FILL_AREA_STYLE_COLOUR('',#15441);
#15456 = STYLED_ITEM('color',(#15457),#287);
#15457 = PRESENTATION_STYLE_ASSIGNMENT((#15458));
#15458 = SURFACE_STYLE_USAGE(.BOTH.,#15459);
#15459 = SURFACE_SIDE_STYLE('',(#15460));
#15460 = SURFACE_STYLE_FILL_AREA(#15461);
#15461 = FILL_AREA_STYLE('',(#15462));
#15462 = FILL_AREA_STYLE_COLOUR('',#15463);
#15463 = COLOUR_RGB('',0.,0.631244006163,0.748016017657);
#15464 = STYLED_ITEM('color',(#15465),#312);
#15465 = PRESENTATION_STYLE_ASSIGNMENT((#15466));
#15466 = SURFACE_STYLE_USAGE(.BOTH.,#15467);
#15467 = SURFACE_SIDE_STYLE('',(#15468));
#15468 = SURFACE_STYLE_FILL_AREA(#15469);
#15469 = FILL_AREA_STYLE('',(#15470));
#15470 = FILL_AREA_STYLE_COLOUR('',#15463);
#15471 = STYLED_ITEM('color',(#15472),#337);
#15472 = PRESENTATION_STYLE_ASSIGNMENT((#15473));
#15473 = SURFACE_STYLE_USAGE(.BOTH.,#15474);
#15474 = SURFACE_SIDE_STYLE('',(#15475));
#15475 = SURFACE_STYLE_FILL_AREA(#15476);
#15476 = FILL_AREA_STYLE('',(#15477));
#15477 = FILL_AREA_STYLE_COLOUR('',#15463);
#15478 = STYLED_ITEM('color',(#15479),#363);
#15479 = PRESENTATION_STYLE_ASSIGNMENT((#15480));
#15480 = SURFACE_STYLE_USAGE(.BOTH.,#15481);
#15481 = SURFACE_SIDE_STYLE('',(#15482));
#15482 = SURFACE_STYLE_FILL_AREA(#15483);
#15483 = FILL_AREA_STYLE('',(#15484));
#15484 = FILL_AREA_STYLE_COLOUR('',#15463);
#15485 = STYLED_ITEM('color',(#15486),#389);
#15486 = PRESENTATION_STYLE_ASSIGNMENT((#15487));
#15487 = SURFACE_STYLE_USAGE(.BOTH.,#15488);
#15488 = SURFACE_SIDE_STYLE('',(#15489));
#15489 = SURFACE_STYLE_FILL_AREA(#15490);
#15490 = FILL_AREA_STYLE('',(#15491));
#15491 = FILL_AREA_STYLE_COLOUR('',#15463);
#15492 = STYLED_ITEM('color',(#15493),#398);
#15493 = PRESENTATION_STYLE_ASSIGNMENT((#15494));
#15494 = SURFACE_STYLE_USAGE(.BOTH.,#15495);
#15495 = SURFACE_SIDE_STYLE('',(#15496));
#15496 = SURFACE_STYLE_FILL_AREA(#15497);
#15497 = FILL_AREA_STYLE('',(#15498));
#15498 = FILL_AREA_STYLE_COLOUR('',#15463);
#15499 = MECHANICAL_DESIGN_GEOMETRIC_PRESENTATION_REPRESENTATION('',(
    #15500,#15508,#15515,#15522,#15529,#15536,#15543,#15550,#15557,
    #15564,#15571,#15578,#15585,#15592,#15599,#15606,#15613,#15620,
    #15627,#15634,#15641,#15648,#15655,#15662,#15669,#15676,#15683,
    #15690,#15697,#15704,#15711,#15718,#15725,#15732,#15739,#15746,
    #15753,#15760,#15767,#15774,#15781,#15788,#15795,#15802,#15809,
    #15816,#15823,#15830,#15837,#15844,#15851,#15858,#15865,#15872,
    #15879,#15886,#15893,#15900,#15907,#15914,#15921,#15928,#15935,
    #15942,#15949,#15956,#15963,#15970,#15977,#15984,#15991,#15998,
    #16005,#16012,#16019,#16026,#16033,#16041,#16048,#16055,#16062,
    #16069,#16076,#16083,#16090,#16097,#16104,#16111,#16118,#16125,
    #16132,#16139,#16146,#16153,#16160,#16167,#16174,#16181,#16188,
    #16195,#16202,#16209,#16216,#16223,#16230,#16237,#16244,#16251,
    #16258,#16265,#16272,#16279,#16286,#16293,#16300,#16307,#16314,
    #16321,#16328,#16335,#16342,#16349,#16356,#16363,#16370,#16377,
    #16384,#16391,#16398,#16405,#16412,#16419,#16426,#16433,#16440,
    #16447,#16454,#16461,#16468,#16475,#16482,#16489,#16496,#16503,
    #16510,#16517,#16524,#16531,#16538,#16545,#16552,#16559,#16566,
    #16573,#16580,#16587,#16594,#16601,#16608,#16615,#16622,#16629,
    #16636,#16643,#16650,#16657,#16664,#16671,#16678,#16685,#16692,
    #16699,#16706,#16713,#16720,#16727,#16734,#16741,#16748,#16755,
    #16762,#16769,#16776,#16783,#16790,#16797,#16804,#16811,#16818,
    #16825,#16832,#16839,#16846,#16853,#16860,#16867,#16874,#16881,
    #16888,#16895,#16902,#16909,#16916,#16923,#16930,#16937,#16944,
    #16951,#16958,#16965,#16972,#16979,#16986,#16993,#17000,#17007,
    #17014,#17021,#17028,#17035,#17042,#17049,#17056,#17063,#17070,
    #17077,#17084,#17091,#17098,#17105,#17112,#17119,#17126,#17133,
    #17140,#17147,#17154,#17161,#17168,#17175,#17182,#17189,#17196,
    #17203,#17210,#17217,#17224,#17231,#17238,#17245,#17252,#17259,
    #17266,#17273,#17280,#17287,#17294,#17301,#17308,#17315,#17322,
    #17329,#17336,#17343,#17350,#17357,#17364,#17371,#17378,#17385,
    #17392,#17399,#17406,#17413,#17420,#17427,#17434,#17441,#17448,
    #17455,#17462,#17469,#17476,#17483,#17490,#17497,#17504,#17511,
    #17518,#17525,#17532,#17539),#8598);
#15500 = STYLED_ITEM('color',(#15501),#428);
#15501 = PRESENTATION_STYLE_ASSIGNMENT((#15502));
#15502 = SURFACE_STYLE_USAGE(.BOTH.,#15503);
#15503 = SURFACE_SIDE_STYLE('',(#15504));
#15504 = SURFACE_STYLE_FILL_AREA(#15505);
#15505 = FILL_AREA_STYLE('',(#15506));
#15506 = FILL_AREA_STYLE_COLOUR('',#15507);
#15507 = COLOUR_RGB('',0.147999998088,0.144999993226,0.144999993226);
#15508 = STYLED_ITEM('color',(#15509),#468);
#15509 = PRESENTATION_STYLE_ASSIGNMENT((#15510));
#15510 = SURFACE_STYLE_USAGE(.BOTH.,#15511);
#15511 = SURFACE_SIDE_STYLE('',(#15512));
#15512 = SURFACE_STYLE_FILL_AREA(#15513);
#15513 = FILL_AREA_STYLE('',(#15514));
#15514 = FILL_AREA_STYLE_COLOUR('',#15507);
#15515 = STYLED_ITEM('color',(#15516),#499);
#15516 = PRESENTATION_STYLE_ASSIGNMENT((#15517));
#15517 = SURFACE_STYLE_USAGE(.BOTH.,#15518);
#15518 = SURFACE_SIDE_STYLE('',(#15519));
#15519 = SURFACE_STYLE_FILL_AREA(#15520);
#15520 = FILL_AREA_STYLE('',(#15521));
#15521 = FILL_AREA_STYLE_COLOUR('',#15507);
#15522 = STYLED_ITEM('color',(#15523),#530);
#15523 = PRESENTATION_STYLE_ASSIGNMENT((#15524));
#15524 = SURFACE_STYLE_USAGE(.BOTH.,#15525);
#15525 = SURFACE_SIDE_STYLE('',(#15526));
#15526 = SURFACE_STYLE_FILL_AREA(#15527);
#15527 = FILL_AREA_STYLE('',(#15528));
#15528 = FILL_AREA_STYLE_COLOUR('',#15507);
#15529 = STYLED_ITEM('color',(#15530),#1515);
#15530 = PRESENTATION_STYLE_ASSIGNMENT((#15531));
#15531 = SURFACE_STYLE_USAGE(.BOTH.,#15532);
#15532 = SURFACE_SIDE_STYLE('',(#15533));
#15533 = SURFACE_STYLE_FILL_AREA(#15534);
#15534 = FILL_AREA_STYLE('',(#15535));
#15535 = FILL_AREA_STYLE_COLOUR('',#15507);
#15536 = STYLED_ITEM('color',(#15537),#2500);
#15537 = PRESENTATION_STYLE_ASSIGNMENT((#15538));
#15538 = SURFACE_STYLE_USAGE(.BOTH.,#15539);
#15539 = SURFACE_SIDE_STYLE('',(#15540));
#15540 = SURFACE_STYLE_FILL_AREA(#15541);
#15541 = FILL_AREA_STYLE('',(#15542));
#15542 = FILL_AREA_STYLE_COLOUR('',#15507);
#15543 = STYLED_ITEM('color',(#15544),#2517);
#15544 = PRESENTATION_STYLE_ASSIGNMENT((#15545));
#15545 = SURFACE_STYLE_USAGE(.BOTH.,#15546);
#15546 = SURFACE_SIDE_STYLE('',(#15547));
#15547 = SURFACE_STYLE_FILL_AREA(#15548);
#15548 = FILL_AREA_STYLE('',(#15549));
#15549 = FILL_AREA_STYLE_COLOUR('',#15507);
#15550 = STYLED_ITEM('color',(#15551),#2534);
#15551 = PRESENTATION_STYLE_ASSIGNMENT((#15552));
#15552 = SURFACE_STYLE_USAGE(.BOTH.,#15553);
#15553 = SURFACE_SIDE_STYLE('',(#15554));
#15554 = SURFACE_STYLE_FILL_AREA(#15555);
#15555 = FILL_AREA_STYLE('',(#15556));
#15556 = FILL_AREA_STYLE_COLOUR('',#15507);
#15557 = STYLED_ITEM('color',(#15558),#2551);
#15558 = PRESENTATION_STYLE_ASSIGNMENT((#15559));
#15559 = SURFACE_STYLE_USAGE(.BOTH.,#15560);
#15560 = SURFACE_SIDE_STYLE('',(#15561));
#15561 = SURFACE_STYLE_FILL_AREA(#15562);
#15562 = FILL_AREA_STYLE('',(#15563));
#15563 = FILL_AREA_STYLE_COLOUR('',#15507);
#15564 = STYLED_ITEM('color',(#15565),#2568);
#15565 = PRESENTATION_STYLE_ASSIGNMENT((#15566));
#15566 = SURFACE_STYLE_USAGE(.BOTH.,#15567);
#15567 = SURFACE_SIDE_STYLE('',(#15568));
#15568 = SURFACE_STYLE_FILL_AREA(#15569);
#15569 = FILL_AREA_STYLE('',(#15570));
#15570 = FILL_AREA_STYLE_COLOUR('',#15507);
#15571 = STYLED_ITEM('color',(#15572),#2585);
#15572 = PRESENTATION_STYLE_ASSIGNMENT((#15573));
#15573 = SURFACE_STYLE_USAGE(.BOTH.,#15574);
#15574 = SURFACE_SIDE_STYLE('',(#15575));
#15575 = SURFACE_STYLE_FILL_AREA(#15576);
#15576 = FILL_AREA_STYLE('',(#15577));
#15577 = FILL_AREA_STYLE_COLOUR('',#15507);
#15578 = STYLED_ITEM('color',(#15579),#2602);
#15579 = PRESENTATION_STYLE_ASSIGNMENT((#15580));
#15580 = SURFACE_STYLE_USAGE(.BOTH.,#15581);
#15581 = SURFACE_SIDE_STYLE('',(#15582));
#15582 = SURFACE_STYLE_FILL_AREA(#15583);
#15583 = FILL_AREA_STYLE('',(#15584));
#15584 = FILL_AREA_STYLE_COLOUR('',#15507);
#15585 = STYLED_ITEM('color',(#15586),#2619);
#15586 = PRESENTATION_STYLE_ASSIGNMENT((#15587));
#15587 = SURFACE_STYLE_USAGE(.BOTH.,#15588);
#15588 = SURFACE_SIDE_STYLE('',(#15589));
#15589 = SURFACE_STYLE_FILL_AREA(#15590);
#15590 = FILL_AREA_STYLE('',(#15591));
#15591 = FILL_AREA_STYLE_COLOUR('',#15507);
#15592 = STYLED_ITEM('color',(#15593),#2636);
#15593 = PRESENTATION_STYLE_ASSIGNMENT((#15594));
#15594 = SURFACE_STYLE_USAGE(.BOTH.,#15595);
#15595 = SURFACE_SIDE_STYLE('',(#15596));
#15596 = SURFACE_STYLE_FILL_AREA(#15597);
#15597 = FILL_AREA_STYLE('',(#15598));
#15598 = FILL_AREA_STYLE_COLOUR('',#15507);
#15599 = STYLED_ITEM('color',(#15600),#2653);
#15600 = PRESENTATION_STYLE_ASSIGNMENT((#15601));
#15601 = SURFACE_STYLE_USAGE(.BOTH.,#15602);
#15602 = SURFACE_SIDE_STYLE('',(#15603));
#15603 = SURFACE_STYLE_FILL_AREA(#15604);
#15604 = FILL_AREA_STYLE('',(#15605));
#15605 = FILL_AREA_STYLE_COLOUR('',#15507);
#15606 = STYLED_ITEM('color',(#15607),#2670);
#15607 = PRESENTATION_STYLE_ASSIGNMENT((#15608));
#15608 = SURFACE_STYLE_USAGE(.BOTH.,#15609);
#15609 = SURFACE_SIDE_STYLE('',(#15610));
#15610 = SURFACE_STYLE_FILL_AREA(#15611);
#15611 = FILL_AREA_STYLE('',(#15612));
#15612 = FILL_AREA_STYLE_COLOUR('',#15507);
#15613 = STYLED_ITEM('color',(#15614),#2687);
#15614 = PRESENTATION_STYLE_ASSIGNMENT((#15615));
#15615 = SURFACE_STYLE_USAGE(.BOTH.,#15616);
#15616 = SURFACE_SIDE_STYLE('',(#15617));
#15617 = SURFACE_STYLE_FILL_AREA(#15618);
#15618 = FILL_AREA_STYLE('',(#15619));
#15619 = FILL_AREA_STYLE_COLOUR('',#15507);
#15620 = STYLED_ITEM('color',(#15621),#2704);
#15621 = PRESENTATION_STYLE_ASSIGNMENT((#15622));
#15622 = SURFACE_STYLE_USAGE(.BOTH.,#15623);
#15623 = SURFACE_SIDE_STYLE('',(#15624));
#15624 = SURFACE_STYLE_FILL_AREA(#15625);
#15625 = FILL_AREA_STYLE('',(#15626));
#15626 = FILL_AREA_STYLE_COLOUR('',#15507);
#15627 = STYLED_ITEM('color',(#15628),#2721);
#15628 = PRESENTATION_STYLE_ASSIGNMENT((#15629));
#15629 = SURFACE_STYLE_USAGE(.BOTH.,#15630);
#15630 = SURFACE_SIDE_STYLE('',(#15631));
#15631 = SURFACE_STYLE_FILL_AREA(#15632);
#15632 = FILL_AREA_STYLE('',(#15633));
#15633 = FILL_AREA_STYLE_COLOUR('',#15507);
#15634 = STYLED_ITEM('color',(#15635),#2738);
#15635 = PRESENTATION_STYLE_ASSIGNMENT((#15636));
#15636 = SURFACE_STYLE_USAGE(.BOTH.,#15637);
#15637 = SURFACE_SIDE_STYLE('',(#15638));
#15638 = SURFACE_STYLE_FILL_AREA(#15639);
#15639 = FILL_AREA_STYLE('',(#15640));
#15640 = FILL_AREA_STYLE_COLOUR('',#15507);
#15641 = STYLED_ITEM('color',(#15642),#2755);
#15642 = PRESENTATION_STYLE_ASSIGNMENT((#15643));
#15643 = SURFACE_STYLE_USAGE(.BOTH.,#15644);
#15644 = SURFACE_SIDE_STYLE('',(#15645));
#15645 = SURFACE_STYLE_FILL_AREA(#15646);
#15646 = FILL_AREA_STYLE('',(#15647));
#15647 = FILL_AREA_STYLE_COLOUR('',#15507);
#15648 = STYLED_ITEM('color',(#15649),#2772);
#15649 = PRESENTATION_STYLE_ASSIGNMENT((#15650));
#15650 = SURFACE_STYLE_USAGE(.BOTH.,#15651);
#15651 = SURFACE_SIDE_STYLE('',(#15652));
#15652 = SURFACE_STYLE_FILL_AREA(#15653);
#15653 = FILL_AREA_STYLE('',(#15654));
#15654 = FILL_AREA_STYLE_COLOUR('',#15507);
#15655 = STYLED_ITEM('color',(#15656),#2789);
#15656 = PRESENTATION_STYLE_ASSIGNMENT((#15657));
#15657 = SURFACE_STYLE_USAGE(.BOTH.,#15658);
#15658 = SURFACE_SIDE_STYLE('',(#15659));
#15659 = SURFACE_STYLE_FILL_AREA(#15660);
#15660 = FILL_AREA_STYLE('',(#15661));
#15661 = FILL_AREA_STYLE_COLOUR('',#15507);
#15662 = STYLED_ITEM('color',(#15663),#2806);
#15663 = PRESENTATION_STYLE_ASSIGNMENT((#15664));
#15664 = SURFACE_STYLE_USAGE(.BOTH.,#15665);
#15665 = SURFACE_SIDE_STYLE('',(#15666));
#15666 = SURFACE_STYLE_FILL_AREA(#15667);
#15667 = FILL_AREA_STYLE('',(#15668));
#15668 = FILL_AREA_STYLE_COLOUR('',#15507);
#15669 = STYLED_ITEM('color',(#15670),#2823);
#15670 = PRESENTATION_STYLE_ASSIGNMENT((#15671));
#15671 = SURFACE_STYLE_USAGE(.BOTH.,#15672);
#15672 = SURFACE_SIDE_STYLE('',(#15673));
#15673 = SURFACE_STYLE_FILL_AREA(#15674);
#15674 = FILL_AREA_STYLE('',(#15675));
#15675 = FILL_AREA_STYLE_COLOUR('',#15507);
#15676 = STYLED_ITEM('color',(#15677),#2840);
#15677 = PRESENTATION_STYLE_ASSIGNMENT((#15678));
#15678 = SURFACE_STYLE_USAGE(.BOTH.,#15679);
#15679 = SURFACE_SIDE_STYLE('',(#15680));
#15680 = SURFACE_STYLE_FILL_AREA(#15681);
#15681 = FILL_AREA_STYLE('',(#15682));
#15682 = FILL_AREA_STYLE_COLOUR('',#15507);
#15683 = STYLED_ITEM('color',(#15684),#2857);
#15684 = PRESENTATION_STYLE_ASSIGNMENT((#15685));
#15685 = SURFACE_STYLE_USAGE(.BOTH.,#15686);
#15686 = SURFACE_SIDE_STYLE('',(#15687));
#15687 = SURFACE_STYLE_FILL_AREA(#15688);
#15688 = FILL_AREA_STYLE('',(#15689));
#15689 = FILL_AREA_STYLE_COLOUR('',#15507);
#15690 = STYLED_ITEM('color',(#15691),#2874);
#15691 = PRESENTATION_STYLE_ASSIGNMENT((#15692));
#15692 = SURFACE_STYLE_USAGE(.BOTH.,#15693);
#15693 = SURFACE_SIDE_STYLE('',(#15694));
#15694 = SURFACE_STYLE_FILL_AREA(#15695);
#15695 = FILL_AREA_STYLE('',(#15696));
#15696 = FILL_AREA_STYLE_COLOUR('',#15507);
#15697 = STYLED_ITEM('color',(#15698),#2891);
#15698 = PRESENTATION_STYLE_ASSIGNMENT((#15699));
#15699 = SURFACE_STYLE_USAGE(.BOTH.,#15700);
#15700 = SURFACE_SIDE_STYLE('',(#15701));
#15701 = SURFACE_STYLE_FILL_AREA(#15702);
#15702 = FILL_AREA_STYLE('',(#15703));
#15703 = FILL_AREA_STYLE_COLOUR('',#15507);
#15704 = STYLED_ITEM('color',(#15705),#2908);
#15705 = PRESENTATION_STYLE_ASSIGNMENT((#15706));
#15706 = SURFACE_STYLE_USAGE(.BOTH.,#15707);
#15707 = SURFACE_SIDE_STYLE('',(#15708));
#15708 = SURFACE_STYLE_FILL_AREA(#15709);
#15709 = FILL_AREA_STYLE('',(#15710));
#15710 = FILL_AREA_STYLE_COLOUR('',#15507);
#15711 = STYLED_ITEM('color',(#15712),#2925);
#15712 = PRESENTATION_STYLE_ASSIGNMENT((#15713));
#15713 = SURFACE_STYLE_USAGE(.BOTH.,#15714);
#15714 = SURFACE_SIDE_STYLE('',(#15715));
#15715 = SURFACE_STYLE_FILL_AREA(#15716);
#15716 = FILL_AREA_STYLE('',(#15717));
#15717 = FILL_AREA_STYLE_COLOUR('',#15507);
#15718 = STYLED_ITEM('color',(#15719),#2942);
#15719 = PRESENTATION_STYLE_ASSIGNMENT((#15720));
#15720 = SURFACE_STYLE_USAGE(.BOTH.,#15721);
#15721 = SURFACE_SIDE_STYLE('',(#15722));
#15722 = SURFACE_STYLE_FILL_AREA(#15723);
#15723 = FILL_AREA_STYLE('',(#15724));
#15724 = FILL_AREA_STYLE_COLOUR('',#15507);
#15725 = STYLED_ITEM('color',(#15726),#2959);
#15726 = PRESENTATION_STYLE_ASSIGNMENT((#15727));
#15727 = SURFACE_STYLE_USAGE(.BOTH.,#15728);
#15728 = SURFACE_SIDE_STYLE('',(#15729));
#15729 = SURFACE_STYLE_FILL_AREA(#15730);
#15730 = FILL_AREA_STYLE('',(#15731));
#15731 = FILL_AREA_STYLE_COLOUR('',#15507);
#15732 = STYLED_ITEM('color',(#15733),#2976);
#15733 = PRESENTATION_STYLE_ASSIGNMENT((#15734));
#15734 = SURFACE_STYLE_USAGE(.BOTH.,#15735);
#15735 = SURFACE_SIDE_STYLE('',(#15736));
#15736 = SURFACE_STYLE_FILL_AREA(#15737);
#15737 = FILL_AREA_STYLE('',(#15738));
#15738 = FILL_AREA_STYLE_COLOUR('',#15507);
#15739 = STYLED_ITEM('color',(#15740),#2993);
#15740 = PRESENTATION_STYLE_ASSIGNMENT((#15741));
#15741 = SURFACE_STYLE_USAGE(.BOTH.,#15742);
#15742 = SURFACE_SIDE_STYLE('',(#15743));
#15743 = SURFACE_STYLE_FILL_AREA(#15744);
#15744 = FILL_AREA_STYLE('',(#15745));
#15745 = FILL_AREA_STYLE_COLOUR('',#15507);
#15746 = STYLED_ITEM('color',(#15747),#3010);
#15747 = PRESENTATION_STYLE_ASSIGNMENT((#15748));
#15748 = SURFACE_STYLE_USAGE(.BOTH.,#15749);
#15749 = SURFACE_SIDE_STYLE('',(#15750));
#15750 = SURFACE_STYLE_FILL_AREA(#15751);
#15751 = FILL_AREA_STYLE('',(#15752));
#15752 = FILL_AREA_STYLE_COLOUR('',#15507);
#15753 = STYLED_ITEM('color',(#15754),#3027);
#15754 = PRESENTATION_STYLE_ASSIGNMENT((#15755));
#15755 = SURFACE_STYLE_USAGE(.BOTH.,#15756);
#15756 = SURFACE_SIDE_STYLE('',(#15757));
#15757 = SURFACE_STYLE_FILL_AREA(#15758);
#15758 = FILL_AREA_STYLE('',(#15759));
#15759 = FILL_AREA_STYLE_COLOUR('',#15507);
#15760 = STYLED_ITEM('color',(#15761),#3044);
#15761 = PRESENTATION_STYLE_ASSIGNMENT((#15762));
#15762 = SURFACE_STYLE_USAGE(.BOTH.,#15763);
#15763 = SURFACE_SIDE_STYLE('',(#15764));
#15764 = SURFACE_STYLE_FILL_AREA(#15765);
#15765 = FILL_AREA_STYLE('',(#15766));
#15766 = FILL_AREA_STYLE_COLOUR('',#15507);
#15767 = STYLED_ITEM('color',(#15768),#3061);
#15768 = PRESENTATION_STYLE_ASSIGNMENT((#15769));
#15769 = SURFACE_STYLE_USAGE(.BOTH.,#15770);
#15770 = SURFACE_SIDE_STYLE('',(#15771));
#15771 = SURFACE_STYLE_FILL_AREA(#15772);
#15772 = FILL_AREA_STYLE('',(#15773));
#15773 = FILL_AREA_STYLE_COLOUR('',#15507);
#15774 = STYLED_ITEM('color',(#15775),#3078);
#15775 = PRESENTATION_STYLE_ASSIGNMENT((#15776));
#15776 = SURFACE_STYLE_USAGE(.BOTH.,#15777);
#15777 = SURFACE_SIDE_STYLE('',(#15778));
#15778 = SURFACE_STYLE_FILL_AREA(#15779);
#15779 = FILL_AREA_STYLE('',(#15780));
#15780 = FILL_AREA_STYLE_COLOUR('',#15507);
#15781 = STYLED_ITEM('color',(#15782),#3095);
#15782 = PRESENTATION_STYLE_ASSIGNMENT((#15783));
#15783 = SURFACE_STYLE_USAGE(.BOTH.,#15784);
#15784 = SURFACE_SIDE_STYLE('',(#15785));
#15785 = SURFACE_STYLE_FILL_AREA(#15786);
#15786 = FILL_AREA_STYLE('',(#15787));
#15787 = FILL_AREA_STYLE_COLOUR('',#15507);
#15788 = STYLED_ITEM('color',(#15789),#3112);
#15789 = PRESENTATION_STYLE_ASSIGNMENT((#15790));
#15790 = SURFACE_STYLE_USAGE(.BOTH.,#15791);
#15791 = SURFACE_SIDE_STYLE('',(#15792));
#15792 = SURFACE_STYLE_FILL_AREA(#15793);
#15793 = FILL_AREA_STYLE('',(#15794));
#15794 = FILL_AREA_STYLE_COLOUR('',#15507);
#15795 = STYLED_ITEM('color',(#15796),#3129);
#15796 = PRESENTATION_STYLE_ASSIGNMENT((#15797));
#15797 = SURFACE_STYLE_USAGE(.BOTH.,#15798);
#15798 = SURFACE_SIDE_STYLE('',(#15799));
#15799 = SURFACE_STYLE_FILL_AREA(#15800);
#15800 = FILL_AREA_STYLE('',(#15801));
#15801 = FILL_AREA_STYLE_COLOUR('',#15507);
#15802 = STYLED_ITEM('color',(#15803),#3146);
#15803 = PRESENTATION_STYLE_ASSIGNMENT((#15804));
#15804 = SURFACE_STYLE_USAGE(.BOTH.,#15805);
#15805 = SURFACE_SIDE_STYLE('',(#15806));
#15806 = SURFACE_STYLE_FILL_AREA(#15807);
#15807 = FILL_AREA_STYLE('',(#15808));
#15808 = FILL_AREA_STYLE_COLOUR('',#15507);
#15809 = STYLED_ITEM('color',(#15810),#3163);
#15810 = PRESENTATION_STYLE_ASSIGNMENT((#15811));
#15811 = SURFACE_STYLE_USAGE(.BOTH.,#15812);
#15812 = SURFACE_SIDE_STYLE('',(#15813));
#15813 = SURFACE_STYLE_FILL_AREA(#15814);
#15814 = FILL_AREA_STYLE('',(#15815));
#15815 = FILL_AREA_STYLE_COLOUR('',#15507);
#15816 = STYLED_ITEM('color',(#15817),#3180);
#15817 = PRESENTATION_STYLE_ASSIGNMENT((#15818));
#15818 = SURFACE_STYLE_USAGE(.BOTH.,#15819);
#15819 = SURFACE_SIDE_STYLE('',(#15820));
#15820 = SURFACE_STYLE_FILL_AREA(#15821);
#15821 = FILL_AREA_STYLE('',(#15822));
#15822 = FILL_AREA_STYLE_COLOUR('',#15507);
#15823 = STYLED_ITEM('color',(#15824),#3197);
#15824 = PRESENTATION_STYLE_ASSIGNMENT((#15825));
#15825 = SURFACE_STYLE_USAGE(.BOTH.,#15826);
#15826 = SURFACE_SIDE_STYLE('',(#15827));
#15827 = SURFACE_STYLE_FILL_AREA(#15828);
#15828 = FILL_AREA_STYLE('',(#15829));
#15829 = FILL_AREA_STYLE_COLOUR('',#15507);
#15830 = STYLED_ITEM('color',(#15831),#3214);
#15831 = PRESENTATION_STYLE_ASSIGNMENT((#15832));
#15832 = SURFACE_STYLE_USAGE(.BOTH.,#15833);
#15833 = SURFACE_SIDE_STYLE('',(#15834));
#15834 = SURFACE_STYLE_FILL_AREA(#15835);
#15835 = FILL_AREA_STYLE('',(#15836));
#15836 = FILL_AREA_STYLE_COLOUR('',#15507);
#15837 = STYLED_ITEM('color',(#15838),#3231);
#15838 = PRESENTATION_STYLE_ASSIGNMENT((#15839));
#15839 = SURFACE_STYLE_USAGE(.BOTH.,#15840);
#15840 = SURFACE_SIDE_STYLE('',(#15841));
#15841 = SURFACE_STYLE_FILL_AREA(#15842);
#15842 = FILL_AREA_STYLE('',(#15843));
#15843 = FILL_AREA_STYLE_COLOUR('',#15507);
#15844 = STYLED_ITEM('color',(#15845),#3248);
#15845 = PRESENTATION_STYLE_ASSIGNMENT((#15846));
#15846 = SURFACE_STYLE_USAGE(.BOTH.,#15847);
#15847 = SURFACE_SIDE_STYLE('',(#15848));
#15848 = SURFACE_STYLE_FILL_AREA(#15849);
#15849 = FILL_AREA_STYLE('',(#15850));
#15850 = FILL_AREA_STYLE_COLOUR('',#15507);
#15851 = STYLED_ITEM('color',(#15852),#3265);
#15852 = PRESENTATION_STYLE_ASSIGNMENT((#15853));
#15853 = SURFACE_STYLE_USAGE(.BOTH.,#15854);
#15854 = SURFACE_SIDE_STYLE('',(#15855));
#15855 = SURFACE_STYLE_FILL_AREA(#15856);
#15856 = FILL_AREA_STYLE('',(#15857));
#15857 = FILL_AREA_STYLE_COLOUR('',#15507);
#15858 = STYLED_ITEM('color',(#15859),#3282);
#15859 = PRESENTATION_STYLE_ASSIGNMENT((#15860));
#15860 = SURFACE_STYLE_USAGE(.BOTH.,#15861);
#15861 = SURFACE_SIDE_STYLE('',(#15862));
#15862 = SURFACE_STYLE_FILL_AREA(#15863);
#15863 = FILL_AREA_STYLE('',(#15864));
#15864 = FILL_AREA_STYLE_COLOUR('',#15507);
#15865 = STYLED_ITEM('color',(#15866),#3299);
#15866 = PRESENTATION_STYLE_ASSIGNMENT((#15867));
#15867 = SURFACE_STYLE_USAGE(.BOTH.,#15868);
#15868 = SURFACE_SIDE_STYLE('',(#15869));
#15869 = SURFACE_STYLE_FILL_AREA(#15870);
#15870 = FILL_AREA_STYLE('',(#15871));
#15871 = FILL_AREA_STYLE_COLOUR('',#15507);
#15872 = STYLED_ITEM('color',(#15873),#3316);
#15873 = PRESENTATION_STYLE_ASSIGNMENT((#15874));
#15874 = SURFACE_STYLE_USAGE(.BOTH.,#15875);
#15875 = SURFACE_SIDE_STYLE('',(#15876));
#15876 = SURFACE_STYLE_FILL_AREA(#15877);
#15877 = FILL_AREA_STYLE('',(#15878));
#15878 = FILL_AREA_STYLE_COLOUR('',#15507);
#15879 = STYLED_ITEM('color',(#15880),#3333);
#15880 = PRESENTATION_STYLE_ASSIGNMENT((#15881));
#15881 = SURFACE_STYLE_USAGE(.BOTH.,#15882);
#15882 = SURFACE_SIDE_STYLE('',(#15883));
#15883 = SURFACE_STYLE_FILL_AREA(#15884);
#15884 = FILL_AREA_STYLE('',(#15885));
#15885 = FILL_AREA_STYLE_COLOUR('',#15507);
#15886 = STYLED_ITEM('color',(#15887),#3350);
#15887 = PRESENTATION_STYLE_ASSIGNMENT((#15888));
#15888 = SURFACE_STYLE_USAGE(.BOTH.,#15889);
#15889 = SURFACE_SIDE_STYLE('',(#15890));
#15890 = SURFACE_STYLE_FILL_AREA(#15891);
#15891 = FILL_AREA_STYLE('',(#15892));
#15892 = FILL_AREA_STYLE_COLOUR('',#15507);
#15893 = STYLED_ITEM('color',(#15894),#3367);
#15894 = PRESENTATION_STYLE_ASSIGNMENT((#15895));
#15895 = SURFACE_STYLE_USAGE(.BOTH.,#15896);
#15896 = SURFACE_SIDE_STYLE('',(#15897));
#15897 = SURFACE_STYLE_FILL_AREA(#15898);
#15898 = FILL_AREA_STYLE('',(#15899));
#15899 = FILL_AREA_STYLE_COLOUR('',#15507);
#15900 = STYLED_ITEM('color',(#15901),#3384);
#15901 = PRESENTATION_STYLE_ASSIGNMENT((#15902));
#15902 = SURFACE_STYLE_USAGE(.BOTH.,#15903);
#15903 = SURFACE_SIDE_STYLE('',(#15904));
#15904 = SURFACE_STYLE_FILL_AREA(#15905);
#15905 = FILL_AREA_STYLE('',(#15906));
#15906 = FILL_AREA_STYLE_COLOUR('',#15507);
#15907 = STYLED_ITEM('color',(#15908),#3401);
#15908 = PRESENTATION_STYLE_ASSIGNMENT((#15909));
#15909 = SURFACE_STYLE_USAGE(.BOTH.,#15910);
#15910 = SURFACE_SIDE_STYLE('',(#15911));
#15911 = SURFACE_STYLE_FILL_AREA(#15912);
#15912 = FILL_AREA_STYLE('',(#15913));
#15913 = FILL_AREA_STYLE_COLOUR('',#15507);
#15914 = STYLED_ITEM('color',(#15915),#3418);
#15915 = PRESENTATION_STYLE_ASSIGNMENT((#15916));
#15916 = SURFACE_STYLE_USAGE(.BOTH.,#15917);
#15917 = SURFACE_SIDE_STYLE('',(#15918));
#15918 = SURFACE_STYLE_FILL_AREA(#15919);
#15919 = FILL_AREA_STYLE('',(#15920));
#15920 = FILL_AREA_STYLE_COLOUR('',#15507);
#15921 = STYLED_ITEM('color',(#15922),#3435);
#15922 = PRESENTATION_STYLE_ASSIGNMENT((#15923));
#15923 = SURFACE_STYLE_USAGE(.BOTH.,#15924);
#15924 = SURFACE_SIDE_STYLE('',(#15925));
#15925 = SURFACE_STYLE_FILL_AREA(#15926);
#15926 = FILL_AREA_STYLE('',(#15927));
#15927 = FILL_AREA_STYLE_COLOUR('',#15507);
#15928 = STYLED_ITEM('color',(#15929),#3452);
#15929 = PRESENTATION_STYLE_ASSIGNMENT((#15930));
#15930 = SURFACE_STYLE_USAGE(.BOTH.,#15931);
#15931 = SURFACE_SIDE_STYLE('',(#15932));
#15932 = SURFACE_STYLE_FILL_AREA(#15933);
#15933 = FILL_AREA_STYLE('',(#15934));
#15934 = FILL_AREA_STYLE_COLOUR('',#15507);
#15935 = STYLED_ITEM('color',(#15936),#3469);
#15936 = PRESENTATION_STYLE_ASSIGNMENT((#15937));
#15937 = SURFACE_STYLE_USAGE(.BOTH.,#15938);
#15938 = SURFACE_SIDE_STYLE('',(#15939));
#15939 = SURFACE_STYLE_FILL_AREA(#15940);
#15940 = FILL_AREA_STYLE('',(#15941));
#15941 = FILL_AREA_STYLE_COLOUR('',#15507);
#15942 = STYLED_ITEM('color',(#15943),#3486);
#15943 = PRESENTATION_STYLE_ASSIGNMENT((#15944));
#15944 = SURFACE_STYLE_USAGE(.BOTH.,#15945);
#15945 = SURFACE_SIDE_STYLE('',(#15946));
#15946 = SURFACE_STYLE_FILL_AREA(#15947);
#15947 = FILL_AREA_STYLE('',(#15948));
#15948 = FILL_AREA_STYLE_COLOUR('',#15507);
#15949 = STYLED_ITEM('color',(#15950),#3503);
#15950 = PRESENTATION_STYLE_ASSIGNMENT((#15951));
#15951 = SURFACE_STYLE_USAGE(.BOTH.,#15952);
#15952 = SURFACE_SIDE_STYLE('',(#15953));
#15953 = SURFACE_STYLE_FILL_AREA(#15954);
#15954 = FILL_AREA_STYLE('',(#15955));
#15955 = FILL_AREA_STYLE_COLOUR('',#15507);
#15956 = STYLED_ITEM('color',(#15957),#3520);
#15957 = PRESENTATION_STYLE_ASSIGNMENT((#15958));
#15958 = SURFACE_STYLE_USAGE(.BOTH.,#15959);
#15959 = SURFACE_SIDE_STYLE('',(#15960));
#15960 = SURFACE_STYLE_FILL_AREA(#15961);
#15961 = FILL_AREA_STYLE('',(#15962));
#15962 = FILL_AREA_STYLE_COLOUR('',#15507);
#15963 = STYLED_ITEM('color',(#15964),#3537);
#15964 = PRESENTATION_STYLE_ASSIGNMENT((#15965));
#15965 = SURFACE_STYLE_USAGE(.BOTH.,#15966);
#15966 = SURFACE_SIDE_STYLE('',(#15967));
#15967 = SURFACE_STYLE_FILL_AREA(#15968);
#15968 = FILL_AREA_STYLE('',(#15969));
#15969 = FILL_AREA_STYLE_COLOUR('',#15507);
#15970 = STYLED_ITEM('color',(#15971),#3554);
#15971 = PRESENTATION_STYLE_ASSIGNMENT((#15972));
#15972 = SURFACE_STYLE_USAGE(.BOTH.,#15973);
#15973 = SURFACE_SIDE_STYLE('',(#15974));
#15974 = SURFACE_STYLE_FILL_AREA(#15975);
#15975 = FILL_AREA_STYLE('',(#15976));
#15976 = FILL_AREA_STYLE_COLOUR('',#15507);
#15977 = STYLED_ITEM('color',(#15978),#3571);
#15978 = PRESENTATION_STYLE_ASSIGNMENT((#15979));
#15979 = SURFACE_STYLE_USAGE(.BOTH.,#15980);
#15980 = SURFACE_SIDE_STYLE('',(#15981));
#15981 = SURFACE_STYLE_FILL_AREA(#15982);
#15982 = FILL_AREA_STYLE('',(#15983));
#15983 = FILL_AREA_STYLE_COLOUR('',#15507);
#15984 = STYLED_ITEM('color',(#15985),#3588);
#15985 = PRESENTATION_STYLE_ASSIGNMENT((#15986));
#15986 = SURFACE_STYLE_USAGE(.BOTH.,#15987);
#15987 = SURFACE_SIDE_STYLE('',(#15988));
#15988 = SURFACE_STYLE_FILL_AREA(#15989);
#15989 = FILL_AREA_STYLE('',(#15990));
#15990 = FILL_AREA_STYLE_COLOUR('',#15507);
#15991 = STYLED_ITEM('color',(#15992),#3605);
#15992 = PRESENTATION_STYLE_ASSIGNMENT((#15993));
#15993 = SURFACE_STYLE_USAGE(.BOTH.,#15994);
#15994 = SURFACE_SIDE_STYLE('',(#15995));
#15995 = SURFACE_STYLE_FILL_AREA(#15996);
#15996 = FILL_AREA_STYLE('',(#15997));
#15997 = FILL_AREA_STYLE_COLOUR('',#15507);
#15998 = STYLED_ITEM('color',(#15999),#3622);
#15999 = PRESENTATION_STYLE_ASSIGNMENT((#16000));
#16000 = SURFACE_STYLE_USAGE(.BOTH.,#16001);
#16001 = SURFACE_SIDE_STYLE('',(#16002));
#16002 = SURFACE_STYLE_FILL_AREA(#16003);
#16003 = FILL_AREA_STYLE('',(#16004));
#16004 = FILL_AREA_STYLE_COLOUR('',#15507);
#16005 = STYLED_ITEM('color',(#16006),#3639);
#16006 = PRESENTATION_STYLE_ASSIGNMENT((#16007));
#16007 = SURFACE_STYLE_USAGE(.BOTH.,#16008);
#16008 = SURFACE_SIDE_STYLE('',(#16009));
#16009 = SURFACE_STYLE_FILL_AREA(#16010);
#16010 = FILL_AREA_STYLE('',(#16011));
#16011 = FILL_AREA_STYLE_COLOUR('',#15507);
#16012 = STYLED_ITEM('color',(#16013),#3656);
#16013 = PRESENTATION_STYLE_ASSIGNMENT((#16014));
#16014 = SURFACE_STYLE_USAGE(.BOTH.,#16015);
#16015 = SURFACE_SIDE_STYLE('',(#16016));
#16016 = SURFACE_STYLE_FILL_AREA(#16017);
#16017 = FILL_AREA_STYLE('',(#16018));
#16018 = FILL_AREA_STYLE_COLOUR('',#15507);
#16019 = STYLED_ITEM('color',(#16020),#3673);
#16020 = PRESENTATION_STYLE_ASSIGNMENT((#16021));
#16021 = SURFACE_STYLE_USAGE(.BOTH.,#16022);
#16022 = SURFACE_SIDE_STYLE('',(#16023));
#16023 = SURFACE_STYLE_FILL_AREA(#16024);
#16024 = FILL_AREA_STYLE('',(#16025));
#16025 = FILL_AREA_STYLE_COLOUR('',#15507);
#16026 = STYLED_ITEM('color',(#16027),#3690);
#16027 = PRESENTATION_STYLE_ASSIGNMENT((#16028));
#16028 = SURFACE_STYLE_USAGE(.BOTH.,#16029);
#16029 = SURFACE_SIDE_STYLE('',(#16030));
#16030 = SURFACE_STYLE_FILL_AREA(#16031);
#16031 = FILL_AREA_STYLE('',(#16032));
#16032 = FILL_AREA_STYLE_COLOUR('',#15507);
#16033 = STYLED_ITEM('color',(#16034),#3702);
#16034 = PRESENTATION_STYLE_ASSIGNMENT((#16035));
#16035 = SURFACE_STYLE_USAGE(.BOTH.,#16036);
#16036 = SURFACE_SIDE_STYLE('',(#16037));
#16037 = SURFACE_STYLE_FILL_AREA(#16038);
#16038 = FILL_AREA_STYLE('',(#16039));
#16039 = FILL_AREA_STYLE_COLOUR('',#16040);
#16040 = COLOUR_RGB('',0.859000020776,0.737999965183,0.495999988746);
#16041 = STYLED_ITEM('color',(#16042),#3733);
#16042 = PRESENTATION_STYLE_ASSIGNMENT((#16043));
#16043 = SURFACE_STYLE_USAGE(.BOTH.,#16044);
#16044 = SURFACE_SIDE_STYLE('',(#16045));
#16045 = SURFACE_STYLE_FILL_AREA(#16046);
#16046 = FILL_AREA_STYLE('',(#16047));
#16047 = FILL_AREA_STYLE_COLOUR('',#16040);
#16048 = STYLED_ITEM('color',(#16049),#3757);
#16049 = PRESENTATION_STYLE_ASSIGNMENT((#16050));
#16050 = SURFACE_STYLE_USAGE(.BOTH.,#16051);
#16051 = SURFACE_SIDE_STYLE('',(#16052));
#16052 = SURFACE_STYLE_FILL_AREA(#16053);
#16053 = FILL_AREA_STYLE('',(#16054));
#16054 = FILL_AREA_STYLE_COLOUR('',#16040);
#16055 = STYLED_ITEM('color',(#16056),#3781);
#16056 = PRESENTATION_STYLE_ASSIGNMENT((#16057));
#16057 = SURFACE_STYLE_USAGE(.BOTH.,#16058);
#16058 = SURFACE_SIDE_STYLE('',(#16059));
#16059 = SURFACE_STYLE_FILL_AREA(#16060);
#16060 = FILL_AREA_STYLE('',(#16061));
#16061 = FILL_AREA_STYLE_COLOUR('',#16040);
#16062 = STYLED_ITEM('color',(#16063),#3798);
#16063 = PRESENTATION_STYLE_ASSIGNMENT((#16064));
#16064 = SURFACE_STYLE_USAGE(.BOTH.,#16065);
#16065 = SURFACE_SIDE_STYLE('',(#16066));
#16066 = SURFACE_STYLE_FILL_AREA(#16067);
#16067 = FILL_AREA_STYLE('',(#16068));
#16068 = FILL_AREA_STYLE_COLOUR('',#16040);
#16069 = STYLED_ITEM('color',(#16070),#3829);
#16070 = PRESENTATION_STYLE_ASSIGNMENT((#16071));
#16071 = SURFACE_STYLE_USAGE(.BOTH.,#16072);
#16072 = SURFACE_SIDE_STYLE('',(#16073));
#16073 = SURFACE_STYLE_FILL_AREA(#16074);
#16074 = FILL_AREA_STYLE('',(#16075));
#16075 = FILL_AREA_STYLE_COLOUR('',#16040);
#16076 = STYLED_ITEM('color',(#16077),#3853);
#16077 = PRESENTATION_STYLE_ASSIGNMENT((#16078));
#16078 = SURFACE_STYLE_USAGE(.BOTH.,#16079);
#16079 = SURFACE_SIDE_STYLE('',(#16080));
#16080 = SURFACE_STYLE_FILL_AREA(#16081);
#16081 = FILL_AREA_STYLE('',(#16082));
#16082 = FILL_AREA_STYLE_COLOUR('',#16040);
#16083 = STYLED_ITEM('color',(#16084),#3877);
#16084 = PRESENTATION_STYLE_ASSIGNMENT((#16085));
#16085 = SURFACE_STYLE_USAGE(.BOTH.,#16086);
#16086 = SURFACE_SIDE_STYLE('',(#16087));
#16087 = SURFACE_STYLE_FILL_AREA(#16088);
#16088 = FILL_AREA_STYLE('',(#16089));
#16089 = FILL_AREA_STYLE_COLOUR('',#16040);
#16090 = STYLED_ITEM('color',(#16091),#3894);
#16091 = PRESENTATION_STYLE_ASSIGNMENT((#16092));
#16092 = SURFACE_STYLE_USAGE(.BOTH.,#16093);
#16093 = SURFACE_SIDE_STYLE('',(#16094));
#16094 = SURFACE_STYLE_FILL_AREA(#16095);
#16095 = FILL_AREA_STYLE('',(#16096));
#16096 = FILL_AREA_STYLE_COLOUR('',#16040);
#16097 = STYLED_ITEM('color',(#16098),#3925);
#16098 = PRESENTATION_STYLE_ASSIGNMENT((#16099));
#16099 = SURFACE_STYLE_USAGE(.BOTH.,#16100);
#16100 = SURFACE_SIDE_STYLE('',(#16101));
#16101 = SURFACE_STYLE_FILL_AREA(#16102);
#16102 = FILL_AREA_STYLE('',(#16103));
#16103 = FILL_AREA_STYLE_COLOUR('',#16040);
#16104 = STYLED_ITEM('color',(#16105),#3949);
#16105 = PRESENTATION_STYLE_ASSIGNMENT((#16106));
#16106 = SURFACE_STYLE_USAGE(.BOTH.,#16107);
#16107 = SURFACE_SIDE_STYLE('',(#16108));
#16108 = SURFACE_STYLE_FILL_AREA(#16109);
#16109 = FILL_AREA_STYLE('',(#16110));
#16110 = FILL_AREA_STYLE_COLOUR('',#16040);
#16111 = STYLED_ITEM('color',(#16112),#3973);
#16112 = PRESENTATION_STYLE_ASSIGNMENT((#16113));
#16113 = SURFACE_STYLE_USAGE(.BOTH.,#16114);
#16114 = SURFACE_SIDE_STYLE('',(#16115));
#16115 = SURFACE_STYLE_FILL_AREA(#16116);
#16116 = FILL_AREA_STYLE('',(#16117));
#16117 = FILL_AREA_STYLE_COLOUR('',#16040);
#16118 = STYLED_ITEM('color',(#16119),#3990);
#16119 = PRESENTATION_STYLE_ASSIGNMENT((#16120));
#16120 = SURFACE_STYLE_USAGE(.BOTH.,#16121);
#16121 = SURFACE_SIDE_STYLE('',(#16122));
#16122 = SURFACE_STYLE_FILL_AREA(#16123);
#16123 = FILL_AREA_STYLE('',(#16124));
#16124 = FILL_AREA_STYLE_COLOUR('',#16040);
#16125 = STYLED_ITEM('color',(#16126),#4021);
#16126 = PRESENTATION_STYLE_ASSIGNMENT((#16127));
#16127 = SURFACE_STYLE_USAGE(.BOTH.,#16128);
#16128 = SURFACE_SIDE_STYLE('',(#16129));
#16129 = SURFACE_STYLE_FILL_AREA(#16130);
#16130 = FILL_AREA_STYLE('',(#16131));
#16131 = FILL_AREA_STYLE_COLOUR('',#16040);
#16132 = STYLED_ITEM('color',(#16133),#4045);
#16133 = PRESENTATION_STYLE_ASSIGNMENT((#16134));
#16134 = SURFACE_STYLE_USAGE(.BOTH.,#16135);
#16135 = SURFACE_SIDE_STYLE('',(#16136));
#16136 = SURFACE_STYLE_FILL_AREA(#16137);
#16137 = FILL_AREA_STYLE('',(#16138));
#16138 = FILL_AREA_STYLE_COLOUR('',#16040);
#16139 = STYLED_ITEM('color',(#16140),#4069);
#16140 = PRESENTATION_STYLE_ASSIGNMENT((#16141));
#16141 = SURFACE_STYLE_USAGE(.BOTH.,#16142);
#16142 = SURFACE_SIDE_STYLE('',(#16143));
#16143 = SURFACE_STYLE_FILL_AREA(#16144);
#16144 = FILL_AREA_STYLE('',(#16145));
#16145 = FILL_AREA_STYLE_COLOUR('',#16040);
#16146 = STYLED_ITEM('color',(#16147),#4086);
#16147 = PRESENTATION_STYLE_ASSIGNMENT((#16148));
#16148 = SURFACE_STYLE_USAGE(.BOTH.,#16149);
#16149 = SURFACE_SIDE_STYLE('',(#16150));
#16150 = SURFACE_STYLE_FILL_AREA(#16151);
#16151 = FILL_AREA_STYLE('',(#16152));
#16152 = FILL_AREA_STYLE_COLOUR('',#16040);
#16153 = STYLED_ITEM('color',(#16154),#4117);
#16154 = PRESENTATION_STYLE_ASSIGNMENT((#16155));
#16155 = SURFACE_STYLE_USAGE(.BOTH.,#16156);
#16156 = SURFACE_SIDE_STYLE('',(#16157));
#16157 = SURFACE_STYLE_FILL_AREA(#16158);
#16158 = FILL_AREA_STYLE('',(#16159));
#16159 = FILL_AREA_STYLE_COLOUR('',#16040);
#16160 = STYLED_ITEM('color',(#16161),#4141);
#16161 = PRESENTATION_STYLE_ASSIGNMENT((#16162));
#16162 = SURFACE_STYLE_USAGE(.BOTH.,#16163);
#16163 = SURFACE_SIDE_STYLE('',(#16164));
#16164 = SURFACE_STYLE_FILL_AREA(#16165);
#16165 = FILL_AREA_STYLE('',(#16166));
#16166 = FILL_AREA_STYLE_COLOUR('',#16040);
#16167 = STYLED_ITEM('color',(#16168),#4165);
#16168 = PRESENTATION_STYLE_ASSIGNMENT((#16169));
#16169 = SURFACE_STYLE_USAGE(.BOTH.,#16170);
#16170 = SURFACE_SIDE_STYLE('',(#16171));
#16171 = SURFACE_STYLE_FILL_AREA(#16172);
#16172 = FILL_AREA_STYLE('',(#16173));
#16173 = FILL_AREA_STYLE_COLOUR('',#16040);
#16174 = STYLED_ITEM('color',(#16175),#4182);
#16175 = PRESENTATION_STYLE_ASSIGNMENT((#16176));
#16176 = SURFACE_STYLE_USAGE(.BOTH.,#16177);
#16177 = SURFACE_SIDE_STYLE('',(#16178));
#16178 = SURFACE_STYLE_FILL_AREA(#16179);
#16179 = FILL_AREA_STYLE('',(#16180));
#16180 = FILL_AREA_STYLE_COLOUR('',#16040);
#16181 = STYLED_ITEM('color',(#16182),#4213);
#16182 = PRESENTATION_STYLE_ASSIGNMENT((#16183));
#16183 = SURFACE_STYLE_USAGE(.BOTH.,#16184);
#16184 = SURFACE_SIDE_STYLE('',(#16185));
#16185 = SURFACE_STYLE_FILL_AREA(#16186);
#16186 = FILL_AREA_STYLE('',(#16187));
#16187 = FILL_AREA_STYLE_COLOUR('',#16040);
#16188 = STYLED_ITEM('color',(#16189),#4237);
#16189 = PRESENTATION_STYLE_ASSIGNMENT((#16190));
#16190 = SURFACE_STYLE_USAGE(.BOTH.,#16191);
#16191 = SURFACE_SIDE_STYLE('',(#16192));
#16192 = SURFACE_STYLE_FILL_AREA(#16193);
#16193 = FILL_AREA_STYLE('',(#16194));
#16194 = FILL_AREA_STYLE_COLOUR('',#16040);
#16195 = STYLED_ITEM('color',(#16196),#4261);
#16196 = PRESENTATION_STYLE_ASSIGNMENT((#16197));
#16197 = SURFACE_STYLE_USAGE(.BOTH.,#16198);
#16198 = SURFACE_SIDE_STYLE('',(#16199));
#16199 = SURFACE_STYLE_FILL_AREA(#16200);
#16200 = FILL_AREA_STYLE('',(#16201));
#16201 = FILL_AREA_STYLE_COLOUR('',#16040);
#16202 = STYLED_ITEM('color',(#16203),#4278);
#16203 = PRESENTATION_STYLE_ASSIGNMENT((#16204));
#16204 = SURFACE_STYLE_USAGE(.BOTH.,#16205);
#16205 = SURFACE_SIDE_STYLE('',(#16206));
#16206 = SURFACE_STYLE_FILL_AREA(#16207);
#16207 = FILL_AREA_STYLE('',(#16208));
#16208 = FILL_AREA_STYLE_COLOUR('',#16040);
#16209 = STYLED_ITEM('color',(#16210),#4309);
#16210 = PRESENTATION_STYLE_ASSIGNMENT((#16211));
#16211 = SURFACE_STYLE_USAGE(.BOTH.,#16212);
#16212 = SURFACE_SIDE_STYLE('',(#16213));
#16213 = SURFACE_STYLE_FILL_AREA(#16214);
#16214 = FILL_AREA_STYLE('',(#16215));
#16215 = FILL_AREA_STYLE_COLOUR('',#16040);
#16216 = STYLED_ITEM('color',(#16217),#4333);
#16217 = PRESENTATION_STYLE_ASSIGNMENT((#16218));
#16218 = SURFACE_STYLE_USAGE(.BOTH.,#16219);
#16219 = SURFACE_SIDE_STYLE('',(#16220));
#16220 = SURFACE_STYLE_FILL_AREA(#16221);
#16221 = FILL_AREA_STYLE('',(#16222));
#16222 = FILL_AREA_STYLE_COLOUR('',#16040);
#16223 = STYLED_ITEM('color',(#16224),#4357);
#16224 = PRESENTATION_STYLE_ASSIGNMENT((#16225));
#16225 = SURFACE_STYLE_USAGE(.BOTH.,#16226);
#16226 = SURFACE_SIDE_STYLE('',(#16227));
#16227 = SURFACE_STYLE_FILL_AREA(#16228);
#16228 = FILL_AREA_STYLE('',(#16229));
#16229 = FILL_AREA_STYLE_COLOUR('',#16040);
#16230 = STYLED_ITEM('color',(#16231),#4374);
#16231 = PRESENTATION_STYLE_ASSIGNMENT((#16232));
#16232 = SURFACE_STYLE_USAGE(.BOTH.,#16233);
#16233 = SURFACE_SIDE_STYLE('',(#16234));
#16234 = SURFACE_STYLE_FILL_AREA(#16235);
#16235 = FILL_AREA_STYLE('',(#16236));
#16236 = FILL_AREA_STYLE_COLOUR('',#16040);
#16237 = STYLED_ITEM('color',(#16238),#4405);
#16238 = PRESENTATION_STYLE_ASSIGNMENT((#16239));
#16239 = SURFACE_STYLE_USAGE(.BOTH.,#16240);
#16240 = SURFACE_SIDE_STYLE('',(#16241));
#16241 = SURFACE_STYLE_FILL_AREA(#16242);
#16242 = FILL_AREA_STYLE('',(#16243));
#16243 = FILL_AREA_STYLE_COLOUR('',#16040);
#16244 = STYLED_ITEM('color',(#16245),#4429);
#16245 = PRESENTATION_STYLE_ASSIGNMENT((#16246));
#16246 = SURFACE_STYLE_USAGE(.BOTH.,#16247);
#16247 = SURFACE_SIDE_STYLE('',(#16248));
#16248 = SURFACE_STYLE_FILL_AREA(#16249);
#16249 = FILL_AREA_STYLE('',(#16250));
#16250 = FILL_AREA_STYLE_COLOUR('',#16040);
#16251 = STYLED_ITEM('color',(#16252),#4453);
#16252 = PRESENTATION_STYLE_ASSIGNMENT((#16253));
#16253 = SURFACE_STYLE_USAGE(.BOTH.,#16254);
#16254 = SURFACE_SIDE_STYLE('',(#16255));
#16255 = SURFACE_STYLE_FILL_AREA(#16256);
#16256 = FILL_AREA_STYLE('',(#16257));
#16257 = FILL_AREA_STYLE_COLOUR('',#16040);
#16258 = STYLED_ITEM('color',(#16259),#4470);
#16259 = PRESENTATION_STYLE_ASSIGNMENT((#16260));
#16260 = SURFACE_STYLE_USAGE(.BOTH.,#16261);
#16261 = SURFACE_SIDE_STYLE('',(#16262));
#16262 = SURFACE_STYLE_FILL_AREA(#16263);
#16263 = FILL_AREA_STYLE('',(#16264));
#16264 = FILL_AREA_STYLE_COLOUR('',#16040);
#16265 = STYLED_ITEM('color',(#16266),#4501);
#16266 = PRESENTATION_STYLE_ASSIGNMENT((#16267));
#16267 = SURFACE_STYLE_USAGE(.BOTH.,#16268);
#16268 = SURFACE_SIDE_STYLE('',(#16269));
#16269 = SURFACE_STYLE_FILL_AREA(#16270);
#16270 = FILL_AREA_STYLE('',(#16271));
#16271 = FILL_AREA_STYLE_COLOUR('',#16040);
#16272 = STYLED_ITEM('color',(#16273),#4525);
#16273 = PRESENTATION_STYLE_ASSIGNMENT((#16274));
#16274 = SURFACE_STYLE_USAGE(.BOTH.,#16275);
#16275 = SURFACE_SIDE_STYLE('',(#16276));
#16276 = SURFACE_STYLE_FILL_AREA(#16277);
#16277 = FILL_AREA_STYLE('',(#16278));
#16278 = FILL_AREA_STYLE_COLOUR('',#16040);
#16279 = STYLED_ITEM('color',(#16280),#4549);
#16280 = PRESENTATION_STYLE_ASSIGNMENT((#16281));
#16281 = SURFACE_STYLE_USAGE(.BOTH.,#16282);
#16282 = SURFACE_SIDE_STYLE('',(#16283));
#16283 = SURFACE_STYLE_FILL_AREA(#16284);
#16284 = FILL_AREA_STYLE('',(#16285));
#16285 = FILL_AREA_STYLE_COLOUR('',#16040);
#16286 = STYLED_ITEM('color',(#16287),#4566);
#16287 = PRESENTATION_STYLE_ASSIGNMENT((#16288));
#16288 = SURFACE_STYLE_USAGE(.BOTH.,#16289);
#16289 = SURFACE_SIDE_STYLE('',(#16290));
#16290 = SURFACE_STYLE_FILL_AREA(#16291);
#16291 = FILL_AREA_STYLE('',(#16292));
#16292 = FILL_AREA_STYLE_COLOUR('',#16040);
#16293 = STYLED_ITEM('color',(#16294),#4597);
#16294 = PRESENTATION_STYLE_ASSIGNMENT((#16295));
#16295 = SURFACE_STYLE_USAGE(.BOTH.,#16296);
#16296 = SURFACE_SIDE_STYLE('',(#16297));
#16297 = SURFACE_STYLE_FILL_AREA(#16298);
#16298 = FILL_AREA_STYLE('',(#16299));
#16299 = FILL_AREA_STYLE_COLOUR('',#16040);
#16300 = STYLED_ITEM('color',(#16301),#4621);
#16301 = PRESENTATION_STYLE_ASSIGNMENT((#16302));
#16302 = SURFACE_STYLE_USAGE(.BOTH.,#16303);
#16303 = SURFACE_SIDE_STYLE('',(#16304));
#16304 = SURFACE_STYLE_FILL_AREA(#16305);
#16305 = FILL_AREA_STYLE('',(#16306));
#16306 = FILL_AREA_STYLE_COLOUR('',#16040);
#16307 = STYLED_ITEM('color',(#16308),#4645);
#16308 = PRESENTATION_STYLE_ASSIGNMENT((#16309));
#16309 = SURFACE_STYLE_USAGE(.BOTH.,#16310);
#16310 = SURFACE_SIDE_STYLE('',(#16311));
#16311 = SURFACE_STYLE_FILL_AREA(#16312);
#16312 = FILL_AREA_STYLE('',(#16313));
#16313 = FILL_AREA_STYLE_COLOUR('',#16040);
#16314 = STYLED_ITEM('color',(#16315),#4662);
#16315 = PRESENTATION_STYLE_ASSIGNMENT((#16316));
#16316 = SURFACE_STYLE_USAGE(.BOTH.,#16317);
#16317 = SURFACE_SIDE_STYLE('',(#16318));
#16318 = SURFACE_STYLE_FILL_AREA(#16319);
#16319 = FILL_AREA_STYLE('',(#16320));
#16320 = FILL_AREA_STYLE_COLOUR('',#16040);
#16321 = STYLED_ITEM('color',(#16322),#4693);
#16322 = PRESENTATION_STYLE_ASSIGNMENT((#16323));
#16323 = SURFACE_STYLE_USAGE(.BOTH.,#16324);
#16324 = SURFACE_SIDE_STYLE('',(#16325));
#16325 = SURFACE_STYLE_FILL_AREA(#16326);
#16326 = FILL_AREA_STYLE('',(#16327));
#16327 = FILL_AREA_STYLE_COLOUR('',#16040);
#16328 = STYLED_ITEM('color',(#16329),#4717);
#16329 = PRESENTATION_STYLE_ASSIGNMENT((#16330));
#16330 = SURFACE_STYLE_USAGE(.BOTH.,#16331);
#16331 = SURFACE_SIDE_STYLE('',(#16332));
#16332 = SURFACE_STYLE_FILL_AREA(#16333);
#16333 = FILL_AREA_STYLE('',(#16334));
#16334 = FILL_AREA_STYLE_COLOUR('',#16040);
#16335 = STYLED_ITEM('color',(#16336),#4741);
#16336 = PRESENTATION_STYLE_ASSIGNMENT((#16337));
#16337 = SURFACE_STYLE_USAGE(.BOTH.,#16338);
#16338 = SURFACE_SIDE_STYLE('',(#16339));
#16339 = SURFACE_STYLE_FILL_AREA(#16340);
#16340 = FILL_AREA_STYLE('',(#16341));
#16341 = FILL_AREA_STYLE_COLOUR('',#16040);
#16342 = STYLED_ITEM('color',(#16343),#4758);
#16343 = PRESENTATION_STYLE_ASSIGNMENT((#16344));
#16344 = SURFACE_STYLE_USAGE(.BOTH.,#16345);
#16345 = SURFACE_SIDE_STYLE('',(#16346));
#16346 = SURFACE_STYLE_FILL_AREA(#16347);
#16347 = FILL_AREA_STYLE('',(#16348));
#16348 = FILL_AREA_STYLE_COLOUR('',#16040);
#16349 = STYLED_ITEM('color',(#16350),#4789);
#16350 = PRESENTATION_STYLE_ASSIGNMENT((#16351));
#16351 = SURFACE_STYLE_USAGE(.BOTH.,#16352);
#16352 = SURFACE_SIDE_STYLE('',(#16353));
#16353 = SURFACE_STYLE_FILL_AREA(#16354);
#16354 = FILL_AREA_STYLE('',(#16355));
#16355 = FILL_AREA_STYLE_COLOUR('',#16040);
#16356 = STYLED_ITEM('color',(#16357),#4813);
#16357 = PRESENTATION_STYLE_ASSIGNMENT((#16358));
#16358 = SURFACE_STYLE_USAGE(.BOTH.,#16359);
#16359 = SURFACE_SIDE_STYLE('',(#16360));
#16360 = SURFACE_STYLE_FILL_AREA(#16361);
#16361 = FILL_AREA_STYLE('',(#16362));
#16362 = FILL_AREA_STYLE_COLOUR('',#16040);
#16363 = STYLED_ITEM('color',(#16364),#4837);
#16364 = PRESENTATION_STYLE_ASSIGNMENT((#16365));
#16365 = SURFACE_STYLE_USAGE(.BOTH.,#16366);
#16366 = SURFACE_SIDE_STYLE('',(#16367));
#16367 = SURFACE_STYLE_FILL_AREA(#16368);
#16368 = FILL_AREA_STYLE('',(#16369));
#16369 = FILL_AREA_STYLE_COLOUR('',#16040);
#16370 = STYLED_ITEM('color',(#16371),#4854);
#16371 = PRESENTATION_STYLE_ASSIGNMENT((#16372));
#16372 = SURFACE_STYLE_USAGE(.BOTH.,#16373);
#16373 = SURFACE_SIDE_STYLE('',(#16374));
#16374 = SURFACE_STYLE_FILL_AREA(#16375);
#16375 = FILL_AREA_STYLE('',(#16376));
#16376 = FILL_AREA_STYLE_COLOUR('',#16040);
#16377 = STYLED_ITEM('color',(#16378),#4885);
#16378 = PRESENTATION_STYLE_ASSIGNMENT((#16379));
#16379 = SURFACE_STYLE_USAGE(.BOTH.,#16380);
#16380 = SURFACE_SIDE_STYLE('',(#16381));
#16381 = SURFACE_STYLE_FILL_AREA(#16382);
#16382 = FILL_AREA_STYLE('',(#16383));
#16383 = FILL_AREA_STYLE_COLOUR('',#16040);
#16384 = STYLED_ITEM('color',(#16385),#4909);
#16385 = PRESENTATION_STYLE_ASSIGNMENT((#16386));
#16386 = SURFACE_STYLE_USAGE(.BOTH.,#16387);
#16387 = SURFACE_SIDE_STYLE('',(#16388));
#16388 = SURFACE_STYLE_FILL_AREA(#16389);
#16389 = FILL_AREA_STYLE('',(#16390));
#16390 = FILL_AREA_STYLE_COLOUR('',#16040);
#16391 = STYLED_ITEM('color',(#16392),#4933);
#16392 = PRESENTATION_STYLE_ASSIGNMENT((#16393));
#16393 = SURFACE_STYLE_USAGE(.BOTH.,#16394);
#16394 = SURFACE_SIDE_STYLE('',(#16395));
#16395 = SURFACE_STYLE_FILL_AREA(#16396);
#16396 = FILL_AREA_STYLE('',(#16397));
#16397 = FILL_AREA_STYLE_COLOUR('',#16040);
#16398 = STYLED_ITEM('color',(#16399),#4950);
#16399 = PRESENTATION_STYLE_ASSIGNMENT((#16400));
#16400 = SURFACE_STYLE_USAGE(.BOTH.,#16401);
#16401 = SURFACE_SIDE_STYLE('',(#16402));
#16402 = SURFACE_STYLE_FILL_AREA(#16403);
#16403 = FILL_AREA_STYLE('',(#16404));
#16404 = FILL_AREA_STYLE_COLOUR('',#16040);
#16405 = STYLED_ITEM('color',(#16406),#4981);
#16406 = PRESENTATION_STYLE_ASSIGNMENT((#16407));
#16407 = SURFACE_STYLE_USAGE(.BOTH.,#16408);
#16408 = SURFACE_SIDE_STYLE('',(#16409));
#16409 = SURFACE_STYLE_FILL_AREA(#16410);
#16410 = FILL_AREA_STYLE('',(#16411));
#16411 = FILL_AREA_STYLE_COLOUR('',#16040);
#16412 = STYLED_ITEM('color',(#16413),#5005);
#16413 = PRESENTATION_STYLE_ASSIGNMENT((#16414));
#16414 = SURFACE_STYLE_USAGE(.BOTH.,#16415);
#16415 = SURFACE_SIDE_STYLE('',(#16416));
#16416 = SURFACE_STYLE_FILL_AREA(#16417);
#16417 = FILL_AREA_STYLE('',(#16418));
#16418 = FILL_AREA_STYLE_COLOUR('',#16040);
#16419 = STYLED_ITEM('color',(#16420),#5029);
#16420 = PRESENTATION_STYLE_ASSIGNMENT((#16421));
#16421 = SURFACE_STYLE_USAGE(.BOTH.,#16422);
#16422 = SURFACE_SIDE_STYLE('',(#16423));
#16423 = SURFACE_STYLE_FILL_AREA(#16424);
#16424 = FILL_AREA_STYLE('',(#16425));
#16425 = FILL_AREA_STYLE_COLOUR('',#16040);
#16426 = STYLED_ITEM('color',(#16427),#5046);
#16427 = PRESENTATION_STYLE_ASSIGNMENT((#16428));
#16428 = SURFACE_STYLE_USAGE(.BOTH.,#16429);
#16429 = SURFACE_SIDE_STYLE('',(#16430));
#16430 = SURFACE_STYLE_FILL_AREA(#16431);
#16431 = FILL_AREA_STYLE('',(#16432));
#16432 = FILL_AREA_STYLE_COLOUR('',#16040);
#16433 = STYLED_ITEM('color',(#16434),#5077);
#16434 = PRESENTATION_STYLE_ASSIGNMENT((#16435));
#16435 = SURFACE_STYLE_USAGE(.BOTH.,#16436);
#16436 = SURFACE_SIDE_STYLE('',(#16437));
#16437 = SURFACE_STYLE_FILL_AREA(#16438);
#16438 = FILL_AREA_STYLE('',(#16439));
#16439 = FILL_AREA_STYLE_COLOUR('',#16040);
#16440 = STYLED_ITEM('color',(#16441),#5101);
#16441 = PRESENTATION_STYLE_ASSIGNMENT((#16442));
#16442 = SURFACE_STYLE_USAGE(.BOTH.,#16443);
#16443 = SURFACE_SIDE_STYLE('',(#16444));
#16444 = SURFACE_STYLE_FILL_AREA(#16445);
#16445 = FILL_AREA_STYLE('',(#16446));
#16446 = FILL_AREA_STYLE_COLOUR('',#16040);
#16447 = STYLED_ITEM('color',(#16448),#5125);
#16448 = PRESENTATION_STYLE_ASSIGNMENT((#16449));
#16449 = SURFACE_STYLE_USAGE(.BOTH.,#16450);
#16450 = SURFACE_SIDE_STYLE('',(#16451));
#16451 = SURFACE_STYLE_FILL_AREA(#16452);
#16452 = FILL_AREA_STYLE('',(#16453));
#16453 = FILL_AREA_STYLE_COLOUR('',#16040);
#16454 = STYLED_ITEM('color',(#16455),#5142);
#16455 = PRESENTATION_STYLE_ASSIGNMENT((#16456));
#16456 = SURFACE_STYLE_USAGE(.BOTH.,#16457);
#16457 = SURFACE_SIDE_STYLE('',(#16458));
#16458 = SURFACE_STYLE_FILL_AREA(#16459);
#16459 = FILL_AREA_STYLE('',(#16460));
#16460 = FILL_AREA_STYLE_COLOUR('',#16040);
#16461 = STYLED_ITEM('color',(#16462),#5173);
#16462 = PRESENTATION_STYLE_ASSIGNMENT((#16463));
#16463 = SURFACE_STYLE_USAGE(.BOTH.,#16464);
#16464 = SURFACE_SIDE_STYLE('',(#16465));
#16465 = SURFACE_STYLE_FILL_AREA(#16466);
#16466 = FILL_AREA_STYLE('',(#16467));
#16467 = FILL_AREA_STYLE_COLOUR('',#16040);
#16468 = STYLED_ITEM('color',(#16469),#5197);
#16469 = PRESENTATION_STYLE_ASSIGNMENT((#16470));
#16470 = SURFACE_STYLE_USAGE(.BOTH.,#16471);
#16471 = SURFACE_SIDE_STYLE('',(#16472));
#16472 = SURFACE_STYLE_FILL_AREA(#16473);
#16473 = FILL_AREA_STYLE('',(#16474));
#16474 = FILL_AREA_STYLE_COLOUR('',#16040);
#16475 = STYLED_ITEM('color',(#16476),#5221);
#16476 = PRESENTATION_STYLE_ASSIGNMENT((#16477));
#16477 = SURFACE_STYLE_USAGE(.BOTH.,#16478);
#16478 = SURFACE_SIDE_STYLE('',(#16479));
#16479 = SURFACE_STYLE_FILL_AREA(#16480);
#16480 = FILL_AREA_STYLE('',(#16481));
#16481 = FILL_AREA_STYLE_COLOUR('',#16040);
#16482 = STYLED_ITEM('color',(#16483),#5238);
#16483 = PRESENTATION_STYLE_ASSIGNMENT((#16484));
#16484 = SURFACE_STYLE_USAGE(.BOTH.,#16485);
#16485 = SURFACE_SIDE_STYLE('',(#16486));
#16486 = SURFACE_STYLE_FILL_AREA(#16487);
#16487 = FILL_AREA_STYLE('',(#16488));
#16488 = FILL_AREA_STYLE_COLOUR('',#16040);
#16489 = STYLED_ITEM('color',(#16490),#5269);
#16490 = PRESENTATION_STYLE_ASSIGNMENT((#16491));
#16491 = SURFACE_STYLE_USAGE(.BOTH.,#16492);
#16492 = SURFACE_SIDE_STYLE('',(#16493));
#16493 = SURFACE_STYLE_FILL_AREA(#16494);
#16494 = FILL_AREA_STYLE('',(#16495));
#16495 = FILL_AREA_STYLE_COLOUR('',#16040);
#16496 = STYLED_ITEM('color',(#16497),#5293);
#16497 = PRESENTATION_STYLE_ASSIGNMENT((#16498));
#16498 = SURFACE_STYLE_USAGE(.BOTH.,#16499);
#16499 = SURFACE_SIDE_STYLE('',(#16500));
#16500 = SURFACE_STYLE_FILL_AREA(#16501);
#16501 = FILL_AREA_STYLE('',(#16502));
#16502 = FILL_AREA_STYLE_COLOUR('',#16040);
#16503 = STYLED_ITEM('color',(#16504),#5317);
#16504 = PRESENTATION_STYLE_ASSIGNMENT((#16505));
#16505 = SURFACE_STYLE_USAGE(.BOTH.,#16506);
#16506 = SURFACE_SIDE_STYLE('',(#16507));
#16507 = SURFACE_STYLE_FILL_AREA(#16508);
#16508 = FILL_AREA_STYLE('',(#16509));
#16509 = FILL_AREA_STYLE_COLOUR('',#16040);
#16510 = STYLED_ITEM('color',(#16511),#5334);
#16511 = PRESENTATION_STYLE_ASSIGNMENT((#16512));
#16512 = SURFACE_STYLE_USAGE(.BOTH.,#16513);
#16513 = SURFACE_SIDE_STYLE('',(#16514));
#16514 = SURFACE_STYLE_FILL_AREA(#16515);
#16515 = FILL_AREA_STYLE('',(#16516));
#16516 = FILL_AREA_STYLE_COLOUR('',#16040);
#16517 = STYLED_ITEM('color',(#16518),#5365);
#16518 = PRESENTATION_STYLE_ASSIGNMENT((#16519));
#16519 = SURFACE_STYLE_USAGE(.BOTH.,#16520);
#16520 = SURFACE_SIDE_STYLE('',(#16521));
#16521 = SURFACE_STYLE_FILL_AREA(#16522);
#16522 = FILL_AREA_STYLE('',(#16523));
#16523 = FILL_AREA_STYLE_COLOUR('',#16040);
#16524 = STYLED_ITEM('color',(#16525),#5389);
#16525 = PRESENTATION_STYLE_ASSIGNMENT((#16526));
#16526 = SURFACE_STYLE_USAGE(.BOTH.,#16527);
#16527 = SURFACE_SIDE_STYLE('',(#16528));
#16528 = SURFACE_STYLE_FILL_AREA(#16529);
#16529 = FILL_AREA_STYLE('',(#16530));
#16530 = FILL_AREA_STYLE_COLOUR('',#16040);
#16531 = STYLED_ITEM('color',(#16532),#5413);
#16532 = PRESENTATION_STYLE_ASSIGNMENT((#16533));
#16533 = SURFACE_STYLE_USAGE(.BOTH.,#16534);
#16534 = SURFACE_SIDE_STYLE('',(#16535));
#16535 = SURFACE_STYLE_FILL_AREA(#16536);
#16536 = FILL_AREA_STYLE('',(#16537));
#16537 = FILL_AREA_STYLE_COLOUR('',#16040);
#16538 = STYLED_ITEM('color',(#16539),#5430);
#16539 = PRESENTATION_STYLE_ASSIGNMENT((#16540));
#16540 = SURFACE_STYLE_USAGE(.BOTH.,#16541);
#16541 = SURFACE_SIDE_STYLE('',(#16542));
#16542 = SURFACE_STYLE_FILL_AREA(#16543);
#16543 = FILL_AREA_STYLE('',(#16544));
#16544 = FILL_AREA_STYLE_COLOUR('',#16040);
#16545 = STYLED_ITEM('color',(#16546),#5461);
#16546 = PRESENTATION_STYLE_ASSIGNMENT((#16547));
#16547 = SURFACE_STYLE_USAGE(.BOTH.,#16548);
#16548 = SURFACE_SIDE_STYLE('',(#16549));
#16549 = SURFACE_STYLE_FILL_AREA(#16550);
#16550 = FILL_AREA_STYLE('',(#16551));
#16551 = FILL_AREA_STYLE_COLOUR('',#16040);
#16552 = STYLED_ITEM('color',(#16553),#5485);
#16553 = PRESENTATION_STYLE_ASSIGNMENT((#16554));
#16554 = SURFACE_STYLE_USAGE(.BOTH.,#16555);
#16555 = SURFACE_SIDE_STYLE('',(#16556));
#16556 = SURFACE_STYLE_FILL_AREA(#16557);
#16557 = FILL_AREA_STYLE('',(#16558));
#16558 = FILL_AREA_STYLE_COLOUR('',#16040);
#16559 = STYLED_ITEM('color',(#16560),#5509);
#16560 = PRESENTATION_STYLE_ASSIGNMENT((#16561));
#16561 = SURFACE_STYLE_USAGE(.BOTH.,#16562);
#16562 = SURFACE_SIDE_STYLE('',(#16563));
#16563 = SURFACE_STYLE_FILL_AREA(#16564);
#16564 = FILL_AREA_STYLE('',(#16565));
#16565 = FILL_AREA_STYLE_COLOUR('',#16040);
#16566 = STYLED_ITEM('color',(#16567),#5526);
#16567 = PRESENTATION_STYLE_ASSIGNMENT((#16568));
#16568 = SURFACE_STYLE_USAGE(.BOTH.,#16569);
#16569 = SURFACE_SIDE_STYLE('',(#16570));
#16570 = SURFACE_STYLE_FILL_AREA(#16571);
#16571 = FILL_AREA_STYLE('',(#16572));
#16572 = FILL_AREA_STYLE_COLOUR('',#16040);
#16573 = STYLED_ITEM('color',(#16574),#5557);
#16574 = PRESENTATION_STYLE_ASSIGNMENT((#16575));
#16575 = SURFACE_STYLE_USAGE(.BOTH.,#16576);
#16576 = SURFACE_SIDE_STYLE('',(#16577));
#16577 = SURFACE_STYLE_FILL_AREA(#16578);
#16578 = FILL_AREA_STYLE('',(#16579));
#16579 = FILL_AREA_STYLE_COLOUR('',#16040);
#16580 = STYLED_ITEM('color',(#16581),#5581);
#16581 = PRESENTATION_STYLE_ASSIGNMENT((#16582));
#16582 = SURFACE_STYLE_USAGE(.BOTH.,#16583);
#16583 = SURFACE_SIDE_STYLE('',(#16584));
#16584 = SURFACE_STYLE_FILL_AREA(#16585);
#16585 = FILL_AREA_STYLE('',(#16586));
#16586 = FILL_AREA_STYLE_COLOUR('',#16040);
#16587 = STYLED_ITEM('color',(#16588),#5605);
#16588 = PRESENTATION_STYLE_ASSIGNMENT((#16589));
#16589 = SURFACE_STYLE_USAGE(.BOTH.,#16590);
#16590 = SURFACE_SIDE_STYLE('',(#16591));
#16591 = SURFACE_STYLE_FILL_AREA(#16592);
#16592 = FILL_AREA_STYLE('',(#16593));
#16593 = FILL_AREA_STYLE_COLOUR('',#16040);
#16594 = STYLED_ITEM('color',(#16595),#5622);
#16595 = PRESENTATION_STYLE_ASSIGNMENT((#16596));
#16596 = SURFACE_STYLE_USAGE(.BOTH.,#16597);
#16597 = SURFACE_SIDE_STYLE('',(#16598));
#16598 = SURFACE_STYLE_FILL_AREA(#16599);
#16599 = FILL_AREA_STYLE('',(#16600));
#16600 = FILL_AREA_STYLE_COLOUR('',#16040);
#16601 = STYLED_ITEM('color',(#16602),#5653);
#16602 = PRESENTATION_STYLE_ASSIGNMENT((#16603));
#16603 = SURFACE_STYLE_USAGE(.BOTH.,#16604);
#16604 = SURFACE_SIDE_STYLE('',(#16605));
#16605 = SURFACE_STYLE_FILL_AREA(#16606);
#16606 = FILL_AREA_STYLE('',(#16607));
#16607 = FILL_AREA_STYLE_COLOUR('',#16040);
#16608 = STYLED_ITEM('color',(#16609),#5677);
#16609 = PRESENTATION_STYLE_ASSIGNMENT((#16610));
#16610 = SURFACE_STYLE_USAGE(.BOTH.,#16611);
#16611 = SURFACE_SIDE_STYLE('',(#16612));
#16612 = SURFACE_STYLE_FILL_AREA(#16613);
#16613 = FILL_AREA_STYLE('',(#16614));
#16614 = FILL_AREA_STYLE_COLOUR('',#16040);
#16615 = STYLED_ITEM('color',(#16616),#5701);
#16616 = PRESENTATION_STYLE_ASSIGNMENT((#16617));
#16617 = SURFACE_STYLE_USAGE(.BOTH.,#16618);
#16618 = SURFACE_SIDE_STYLE('',(#16619));
#16619 = SURFACE_STYLE_FILL_AREA(#16620);
#16620 = FILL_AREA_STYLE('',(#16621));
#16621 = FILL_AREA_STYLE_COLOUR('',#16040);
#16622 = STYLED_ITEM('color',(#16623),#5718);
#16623 = PRESENTATION_STYLE_ASSIGNMENT((#16624));
#16624 = SURFACE_STYLE_USAGE(.BOTH.,#16625);
#16625 = SURFACE_SIDE_STYLE('',(#16626));
#16626 = SURFACE_STYLE_FILL_AREA(#16627);
#16627 = FILL_AREA_STYLE('',(#16628));
#16628 = FILL_AREA_STYLE_COLOUR('',#16040);
#16629 = STYLED_ITEM('color',(#16630),#5749);
#16630 = PRESENTATION_STYLE_ASSIGNMENT((#16631));
#16631 = SURFACE_STYLE_USAGE(.BOTH.,#16632);
#16632 = SURFACE_SIDE_STYLE('',(#16633));
#16633 = SURFACE_STYLE_FILL_AREA(#16634);
#16634 = FILL_AREA_STYLE('',(#16635));
#16635 = FILL_AREA_STYLE_COLOUR('',#16040);
#16636 = STYLED_ITEM('color',(#16637),#5773);
#16637 = PRESENTATION_STYLE_ASSIGNMENT((#16638));
#16638 = SURFACE_STYLE_USAGE(.BOTH.,#16639);
#16639 = SURFACE_SIDE_STYLE('',(#16640));
#16640 = SURFACE_STYLE_FILL_AREA(#16641);
#16641 = FILL_AREA_STYLE('',(#16642));
#16642 = FILL_AREA_STYLE_COLOUR('',#16040);
#16643 = STYLED_ITEM('color',(#16644),#5797);
#16644 = PRESENTATION_STYLE_ASSIGNMENT((#16645));
#16645 = SURFACE_STYLE_USAGE(.BOTH.,#16646);
#16646 = SURFACE_SIDE_STYLE('',(#16647));
#16647 = SURFACE_STYLE_FILL_AREA(#16648);
#16648 = FILL_AREA_STYLE('',(#16649));
#16649 = FILL_AREA_STYLE_COLOUR('',#16040);
#16650 = STYLED_ITEM('color',(#16651),#5814);
#16651 = PRESENTATION_STYLE_ASSIGNMENT((#16652));
#16652 = SURFACE_STYLE_USAGE(.BOTH.,#16653);
#16653 = SURFACE_SIDE_STYLE('',(#16654));
#16654 = SURFACE_STYLE_FILL_AREA(#16655);
#16655 = FILL_AREA_STYLE('',(#16656));
#16656 = FILL_AREA_STYLE_COLOUR('',#16040);
#16657 = STYLED_ITEM('color',(#16658),#5845);
#16658 = PRESENTATION_STYLE_ASSIGNMENT((#16659));
#16659 = SURFACE_STYLE_USAGE(.BOTH.,#16660);
#16660 = SURFACE_SIDE_STYLE('',(#16661));
#16661 = SURFACE_STYLE_FILL_AREA(#16662);
#16662 = FILL_AREA_STYLE('',(#16663));
#16663 = FILL_AREA_STYLE_COLOUR('',#16040);
#16664 = STYLED_ITEM('color',(#16665),#5869);
#16665 = PRESENTATION_STYLE_ASSIGNMENT((#16666));
#16666 = SURFACE_STYLE_USAGE(.BOTH.,#16667);
#16667 = SURFACE_SIDE_STYLE('',(#16668));
#16668 = SURFACE_STYLE_FILL_AREA(#16669);
#16669 = FILL_AREA_STYLE('',(#16670));
#16670 = FILL_AREA_STYLE_COLOUR('',#16040);
#16671 = STYLED_ITEM('color',(#16672),#5893);
#16672 = PRESENTATION_STYLE_ASSIGNMENT((#16673));
#16673 = SURFACE_STYLE_USAGE(.BOTH.,#16674);
#16674 = SURFACE_SIDE_STYLE('',(#16675));
#16675 = SURFACE_STYLE_FILL_AREA(#16676);
#16676 = FILL_AREA_STYLE('',(#16677));
#16677 = FILL_AREA_STYLE_COLOUR('',#16040);
#16678 = STYLED_ITEM('color',(#16679),#5910);
#16679 = PRESENTATION_STYLE_ASSIGNMENT((#16680));
#16680 = SURFACE_STYLE_USAGE(.BOTH.,#16681);
#16681 = SURFACE_SIDE_STYLE('',(#16682));
#16682 = SURFACE_STYLE_FILL_AREA(#16683);
#16683 = FILL_AREA_STYLE('',(#16684));
#16684 = FILL_AREA_STYLE_COLOUR('',#16040);
#16685 = STYLED_ITEM('color',(#16686),#5941);
#16686 = PRESENTATION_STYLE_ASSIGNMENT((#16687));
#16687 = SURFACE_STYLE_USAGE(.BOTH.,#16688);
#16688 = SURFACE_SIDE_STYLE('',(#16689));
#16689 = SURFACE_STYLE_FILL_AREA(#16690);
#16690 = FILL_AREA_STYLE('',(#16691));
#16691 = FILL_AREA_STYLE_COLOUR('',#16040);
#16692 = STYLED_ITEM('color',(#16693),#5965);
#16693 = PRESENTATION_STYLE_ASSIGNMENT((#16694));
#16694 = SURFACE_STYLE_USAGE(.BOTH.,#16695);
#16695 = SURFACE_SIDE_STYLE('',(#16696));
#16696 = SURFACE_STYLE_FILL_AREA(#16697);
#16697 = FILL_AREA_STYLE('',(#16698));
#16698 = FILL_AREA_STYLE_COLOUR('',#16040);
#16699 = STYLED_ITEM('color',(#16700),#5989);
#16700 = PRESENTATION_STYLE_ASSIGNMENT((#16701));
#16701 = SURFACE_STYLE_USAGE(.BOTH.,#16702);
#16702 = SURFACE_SIDE_STYLE('',(#16703));
#16703 = SURFACE_STYLE_FILL_AREA(#16704);
#16704 = FILL_AREA_STYLE('',(#16705));
#16705 = FILL_AREA_STYLE_COLOUR('',#16040);
#16706 = STYLED_ITEM('color',(#16707),#6006);
#16707 = PRESENTATION_STYLE_ASSIGNMENT((#16708));
#16708 = SURFACE_STYLE_USAGE(.BOTH.,#16709);
#16709 = SURFACE_SIDE_STYLE('',(#16710));
#16710 = SURFACE_STYLE_FILL_AREA(#16711);
#16711 = FILL_AREA_STYLE('',(#16712));
#16712 = FILL_AREA_STYLE_COLOUR('',#16040);
#16713 = STYLED_ITEM('color',(#16714),#6037);
#16714 = PRESENTATION_STYLE_ASSIGNMENT((#16715));
#16715 = SURFACE_STYLE_USAGE(.BOTH.,#16716);
#16716 = SURFACE_SIDE_STYLE('',(#16717));
#16717 = SURFACE_STYLE_FILL_AREA(#16718);
#16718 = FILL_AREA_STYLE('',(#16719));
#16719 = FILL_AREA_STYLE_COLOUR('',#16040);
#16720 = STYLED_ITEM('color',(#16721),#6061);
#16721 = PRESENTATION_STYLE_ASSIGNMENT((#16722));
#16722 = SURFACE_STYLE_USAGE(.BOTH.,#16723);
#16723 = SURFACE_SIDE_STYLE('',(#16724));
#16724 = SURFACE_STYLE_FILL_AREA(#16725);
#16725 = FILL_AREA_STYLE('',(#16726));
#16726 = FILL_AREA_STYLE_COLOUR('',#16040);
#16727 = STYLED_ITEM('color',(#16728),#6085);
#16728 = PRESENTATION_STYLE_ASSIGNMENT((#16729));
#16729 = SURFACE_STYLE_USAGE(.BOTH.,#16730);
#16730 = SURFACE_SIDE_STYLE('',(#16731));
#16731 = SURFACE_STYLE_FILL_AREA(#16732);
#16732 = FILL_AREA_STYLE('',(#16733));
#16733 = FILL_AREA_STYLE_COLOUR('',#16040);
#16734 = STYLED_ITEM('color',(#16735),#6102);
#16735 = PRESENTATION_STYLE_ASSIGNMENT((#16736));
#16736 = SURFACE_STYLE_USAGE(.BOTH.,#16737);
#16737 = SURFACE_SIDE_STYLE('',(#16738));
#16738 = SURFACE_STYLE_FILL_AREA(#16739);
#16739 = FILL_AREA_STYLE('',(#16740));
#16740 = FILL_AREA_STYLE_COLOUR('',#16040);
#16741 = STYLED_ITEM('color',(#16742),#6133);
#16742 = PRESENTATION_STYLE_ASSIGNMENT((#16743));
#16743 = SURFACE_STYLE_USAGE(.BOTH.,#16744);
#16744 = SURFACE_SIDE_STYLE('',(#16745));
#16745 = SURFACE_STYLE_FILL_AREA(#16746);
#16746 = FILL_AREA_STYLE('',(#16747));
#16747 = FILL_AREA_STYLE_COLOUR('',#16040);
#16748 = STYLED_ITEM('color',(#16749),#6157);
#16749 = PRESENTATION_STYLE_ASSIGNMENT((#16750));
#16750 = SURFACE_STYLE_USAGE(.BOTH.,#16751);
#16751 = SURFACE_SIDE_STYLE('',(#16752));
#16752 = SURFACE_STYLE_FILL_AREA(#16753);
#16753 = FILL_AREA_STYLE('',(#16754));
#16754 = FILL_AREA_STYLE_COLOUR('',#16040);
#16755 = STYLED_ITEM('color',(#16756),#6181);
#16756 = PRESENTATION_STYLE_ASSIGNMENT((#16757));
#16757 = SURFACE_STYLE_USAGE(.BOTH.,#16758);
#16758 = SURFACE_SIDE_STYLE('',(#16759));
#16759 = SURFACE_STYLE_FILL_AREA(#16760);
#16760 = FILL_AREA_STYLE('',(#16761));
#16761 = FILL_AREA_STYLE_COLOUR('',#16040);
#16762 = STYLED_ITEM('color',(#16763),#6198);
#16763 = PRESENTATION_STYLE_ASSIGNMENT((#16764));
#16764 = SURFACE_STYLE_USAGE(.BOTH.,#16765);
#16765 = SURFACE_SIDE_STYLE('',(#16766));
#16766 = SURFACE_STYLE_FILL_AREA(#16767);
#16767 = FILL_AREA_STYLE('',(#16768));
#16768 = FILL_AREA_STYLE_COLOUR('',#16040);
#16769 = STYLED_ITEM('color',(#16770),#6229);
#16770 = PRESENTATION_STYLE_ASSIGNMENT((#16771));
#16771 = SURFACE_STYLE_USAGE(.BOTH.,#16772);
#16772 = SURFACE_SIDE_STYLE('',(#16773));
#16773 = SURFACE_STYLE_FILL_AREA(#16774);
#16774 = FILL_AREA_STYLE('',(#16775));
#16775 = FILL_AREA_STYLE_COLOUR('',#16040);
#16776 = STYLED_ITEM('color',(#16777),#6253);
#16777 = PRESENTATION_STYLE_ASSIGNMENT((#16778));
#16778 = SURFACE_STYLE_USAGE(.BOTH.,#16779);
#16779 = SURFACE_SIDE_STYLE('',(#16780));
#16780 = SURFACE_STYLE_FILL_AREA(#16781);
#16781 = FILL_AREA_STYLE('',(#16782));
#16782 = FILL_AREA_STYLE_COLOUR('',#16040);
#16783 = STYLED_ITEM('color',(#16784),#6277);
#16784 = PRESENTATION_STYLE_ASSIGNMENT((#16785));
#16785 = SURFACE_STYLE_USAGE(.BOTH.,#16786);
#16786 = SURFACE_SIDE_STYLE('',(#16787));
#16787 = SURFACE_STYLE_FILL_AREA(#16788);
#16788 = FILL_AREA_STYLE('',(#16789));
#16789 = FILL_AREA_STYLE_COLOUR('',#16040);
#16790 = STYLED_ITEM('color',(#16791),#6294);
#16791 = PRESENTATION_STYLE_ASSIGNMENT((#16792));
#16792 = SURFACE_STYLE_USAGE(.BOTH.,#16793);
#16793 = SURFACE_SIDE_STYLE('',(#16794));
#16794 = SURFACE_STYLE_FILL_AREA(#16795);
#16795 = FILL_AREA_STYLE('',(#16796));
#16796 = FILL_AREA_STYLE_COLOUR('',#16040);
#16797 = STYLED_ITEM('color',(#16798),#6325);
#16798 = PRESENTATION_STYLE_ASSIGNMENT((#16799));
#16799 = SURFACE_STYLE_USAGE(.BOTH.,#16800);
#16800 = SURFACE_SIDE_STYLE('',(#16801));
#16801 = SURFACE_STYLE_FILL_AREA(#16802);
#16802 = FILL_AREA_STYLE('',(#16803));
#16803 = FILL_AREA_STYLE_COLOUR('',#16040);
#16804 = STYLED_ITEM('color',(#16805),#6349);
#16805 = PRESENTATION_STYLE_ASSIGNMENT((#16806));
#16806 = SURFACE_STYLE_USAGE(.BOTH.,#16807);
#16807 = SURFACE_SIDE_STYLE('',(#16808));
#16808 = SURFACE_STYLE_FILL_AREA(#16809);
#16809 = FILL_AREA_STYLE('',(#16810));
#16810 = FILL_AREA_STYLE_COLOUR('',#16040);
#16811 = STYLED_ITEM('color',(#16812),#6373);
#16812 = PRESENTATION_STYLE_ASSIGNMENT((#16813));
#16813 = SURFACE_STYLE_USAGE(.BOTH.,#16814);
#16814 = SURFACE_SIDE_STYLE('',(#16815));
#16815 = SURFACE_STYLE_FILL_AREA(#16816);
#16816 = FILL_AREA_STYLE('',(#16817));
#16817 = FILL_AREA_STYLE_COLOUR('',#16040);
#16818 = STYLED_ITEM('color',(#16819),#6390);
#16819 = PRESENTATION_STYLE_ASSIGNMENT((#16820));
#16820 = SURFACE_STYLE_USAGE(.BOTH.,#16821);
#16821 = SURFACE_SIDE_STYLE('',(#16822));
#16822 = SURFACE_STYLE_FILL_AREA(#16823);
#16823 = FILL_AREA_STYLE('',(#16824));
#16824 = FILL_AREA_STYLE_COLOUR('',#16040);
#16825 = STYLED_ITEM('color',(#16826),#6421);
#16826 = PRESENTATION_STYLE_ASSIGNMENT((#16827));
#16827 = SURFACE_STYLE_USAGE(.BOTH.,#16828);
#16828 = SURFACE_SIDE_STYLE('',(#16829));
#16829 = SURFACE_STYLE_FILL_AREA(#16830);
#16830 = FILL_AREA_STYLE('',(#16831));
#16831 = FILL_AREA_STYLE_COLOUR('',#16040);
#16832 = STYLED_ITEM('color',(#16833),#6445);
#16833 = PRESENTATION_STYLE_ASSIGNMENT((#16834));
#16834 = SURFACE_STYLE_USAGE(.BOTH.,#16835);
#16835 = SURFACE_SIDE_STYLE('',(#16836));
#16836 = SURFACE_STYLE_FILL_AREA(#16837);
#16837 = FILL_AREA_STYLE('',(#16838));
#16838 = FILL_AREA_STYLE_COLOUR('',#16040);
#16839 = STYLED_ITEM('color',(#16840),#6469);
#16840 = PRESENTATION_STYLE_ASSIGNMENT((#16841));
#16841 = SURFACE_STYLE_USAGE(.BOTH.,#16842);
#16842 = SURFACE_SIDE_STYLE('',(#16843));
#16843 = SURFACE_STYLE_FILL_AREA(#16844);
#16844 = FILL_AREA_STYLE('',(#16845));
#16845 = FILL_AREA_STYLE_COLOUR('',#16040);
#16846 = STYLED_ITEM('color',(#16847),#6486);
#16847 = PRESENTATION_STYLE_ASSIGNMENT((#16848));
#16848 = SURFACE_STYLE_USAGE(.BOTH.,#16849);
#16849 = SURFACE_SIDE_STYLE('',(#16850));
#16850 = SURFACE_STYLE_FILL_AREA(#16851);
#16851 = FILL_AREA_STYLE('',(#16852));
#16852 = FILL_AREA_STYLE_COLOUR('',#16040);
#16853 = STYLED_ITEM('color',(#16854),#6517);
#16854 = PRESENTATION_STYLE_ASSIGNMENT((#16855));
#16855 = SURFACE_STYLE_USAGE(.BOTH.,#16856);
#16856 = SURFACE_SIDE_STYLE('',(#16857));
#16857 = SURFACE_STYLE_FILL_AREA(#16858);
#16858 = FILL_AREA_STYLE('',(#16859));
#16859 = FILL_AREA_STYLE_COLOUR('',#16040);
#16860 = STYLED_ITEM('color',(#16861),#6541);
#16861 = PRESENTATION_STYLE_ASSIGNMENT((#16862));
#16862 = SURFACE_STYLE_USAGE(.BOTH.,#16863);
#16863 = SURFACE_SIDE_STYLE('',(#16864));
#16864 = SURFACE_STYLE_FILL_AREA(#16865);
#16865 = FILL_AREA_STYLE('',(#16866));
#16866 = FILL_AREA_STYLE_COLOUR('',#16040);
#16867 = STYLED_ITEM('color',(#16868),#6565);
#16868 = PRESENTATION_STYLE_ASSIGNMENT((#16869));
#16869 = SURFACE_STYLE_USAGE(.BOTH.,#16870);
#16870 = SURFACE_SIDE_STYLE('',(#16871));
#16871 = SURFACE_STYLE_FILL_AREA(#16872);
#16872 = FILL_AREA_STYLE('',(#16873));
#16873 = FILL_AREA_STYLE_COLOUR('',#16040);
#16874 = STYLED_ITEM('color',(#16875),#6582);
#16875 = PRESENTATION_STYLE_ASSIGNMENT((#16876));
#16876 = SURFACE_STYLE_USAGE(.BOTH.,#16877);
#16877 = SURFACE_SIDE_STYLE('',(#16878));
#16878 = SURFACE_STYLE_FILL_AREA(#16879);
#16879 = FILL_AREA_STYLE('',(#16880));
#16880 = FILL_AREA_STYLE_COLOUR('',#16040);
#16881 = STYLED_ITEM('color',(#16882),#6613);
#16882 = PRESENTATION_STYLE_ASSIGNMENT((#16883));
#16883 = SURFACE_STYLE_USAGE(.BOTH.,#16884);
#16884 = SURFACE_SIDE_STYLE('',(#16885));
#16885 = SURFACE_STYLE_FILL_AREA(#16886);
#16886 = FILL_AREA_STYLE('',(#16887));
#16887 = FILL_AREA_STYLE_COLOUR('',#16040);
#16888 = STYLED_ITEM('color',(#16889),#6637);
#16889 = PRESENTATION_STYLE_ASSIGNMENT((#16890));
#16890 = SURFACE_STYLE_USAGE(.BOTH.,#16891);
#16891 = SURFACE_SIDE_STYLE('',(#16892));
#16892 = SURFACE_STYLE_FILL_AREA(#16893);
#16893 = FILL_AREA_STYLE('',(#16894));
#16894 = FILL_AREA_STYLE_COLOUR('',#16040);
#16895 = STYLED_ITEM('color',(#16896),#6661);
#16896 = PRESENTATION_STYLE_ASSIGNMENT((#16897));
#16897 = SURFACE_STYLE_USAGE(.BOTH.,#16898);
#16898 = SURFACE_SIDE_STYLE('',(#16899));
#16899 = SURFACE_STYLE_FILL_AREA(#16900);
#16900 = FILL_AREA_STYLE('',(#16901));
#16901 = FILL_AREA_STYLE_COLOUR('',#16040);
#16902 = STYLED_ITEM('color',(#16903),#6678);
#16903 = PRESENTATION_STYLE_ASSIGNMENT((#16904));
#16904 = SURFACE_STYLE_USAGE(.BOTH.,#16905);
#16905 = SURFACE_SIDE_STYLE('',(#16906));
#16906 = SURFACE_STYLE_FILL_AREA(#16907);
#16907 = FILL_AREA_STYLE('',(#16908));
#16908 = FILL_AREA_STYLE_COLOUR('',#16040);
#16909 = STYLED_ITEM('color',(#16910),#6709);
#16910 = PRESENTATION_STYLE_ASSIGNMENT((#16911));
#16911 = SURFACE_STYLE_USAGE(.BOTH.,#16912);
#16912 = SURFACE_SIDE_STYLE('',(#16913));
#16913 = SURFACE_STYLE_FILL_AREA(#16914);
#16914 = FILL_AREA_STYLE('',(#16915));
#16915 = FILL_AREA_STYLE_COLOUR('',#16040);
#16916 = STYLED_ITEM('color',(#16917),#6733);
#16917 = PRESENTATION_STYLE_ASSIGNMENT((#16918));
#16918 = SURFACE_STYLE_USAGE(.BOTH.,#16919);
#16919 = SURFACE_SIDE_STYLE('',(#16920));
#16920 = SURFACE_STYLE_FILL_AREA(#16921);
#16921 = FILL_AREA_STYLE('',(#16922));
#16922 = FILL_AREA_STYLE_COLOUR('',#16040);
#16923 = STYLED_ITEM('color',(#16924),#6757);
#16924 = PRESENTATION_STYLE_ASSIGNMENT((#16925));
#16925 = SURFACE_STYLE_USAGE(.BOTH.,#16926);
#16926 = SURFACE_SIDE_STYLE('',(#16927));
#16927 = SURFACE_STYLE_FILL_AREA(#16928);
#16928 = FILL_AREA_STYLE('',(#16929));
#16929 = FILL_AREA_STYLE_COLOUR('',#16040);
#16930 = STYLED_ITEM('color',(#16931),#6774);
#16931 = PRESENTATION_STYLE_ASSIGNMENT((#16932));
#16932 = SURFACE_STYLE_USAGE(.BOTH.,#16933);
#16933 = SURFACE_SIDE_STYLE('',(#16934));
#16934 = SURFACE_STYLE_FILL_AREA(#16935);
#16935 = FILL_AREA_STYLE('',(#16936));
#16936 = FILL_AREA_STYLE_COLOUR('',#16040);
#16937 = STYLED_ITEM('color',(#16938),#6805);
#16938 = PRESENTATION_STYLE_ASSIGNMENT((#16939));
#16939 = SURFACE_STYLE_USAGE(.BOTH.,#16940);
#16940 = SURFACE_SIDE_STYLE('',(#16941));
#16941 = SURFACE_STYLE_FILL_AREA(#16942);
#16942 = FILL_AREA_STYLE('',(#16943));
#16943 = FILL_AREA_STYLE_COLOUR('',#16040);
#16944 = STYLED_ITEM('color',(#16945),#6829);
#16945 = PRESENTATION_STYLE_ASSIGNMENT((#16946));
#16946 = SURFACE_STYLE_USAGE(.BOTH.,#16947);
#16947 = SURFACE_SIDE_STYLE('',(#16948));
#16948 = SURFACE_STYLE_FILL_AREA(#16949);
#16949 = FILL_AREA_STYLE('',(#16950));
#16950 = FILL_AREA_STYLE_COLOUR('',#16040);
#16951 = STYLED_ITEM('color',(#16952),#6853);
#16952 = PRESENTATION_STYLE_ASSIGNMENT((#16953));
#16953 = SURFACE_STYLE_USAGE(.BOTH.,#16954);
#16954 = SURFACE_SIDE_STYLE('',(#16955));
#16955 = SURFACE_STYLE_FILL_AREA(#16956);
#16956 = FILL_AREA_STYLE('',(#16957));
#16957 = FILL_AREA_STYLE_COLOUR('',#16040);
#16958 = STYLED_ITEM('color',(#16959),#6870);
#16959 = PRESENTATION_STYLE_ASSIGNMENT((#16960));
#16960 = SURFACE_STYLE_USAGE(.BOTH.,#16961);
#16961 = SURFACE_SIDE_STYLE('',(#16962));
#16962 = SURFACE_STYLE_FILL_AREA(#16963);
#16963 = FILL_AREA_STYLE('',(#16964));
#16964 = FILL_AREA_STYLE_COLOUR('',#16040);
#16965 = STYLED_ITEM('color',(#16966),#6901);
#16966 = PRESENTATION_STYLE_ASSIGNMENT((#16967));
#16967 = SURFACE_STYLE_USAGE(.BOTH.,#16968);
#16968 = SURFACE_SIDE_STYLE('',(#16969));
#16969 = SURFACE_STYLE_FILL_AREA(#16970);
#16970 = FILL_AREA_STYLE('',(#16971));
#16971 = FILL_AREA_STYLE_COLOUR('',#16040);
#16972 = STYLED_ITEM('color',(#16973),#6925);
#16973 = PRESENTATION_STYLE_ASSIGNMENT((#16974));
#16974 = SURFACE_STYLE_USAGE(.BOTH.,#16975);
#16975 = SURFACE_SIDE_STYLE('',(#16976));
#16976 = SURFACE_STYLE_FILL_AREA(#16977);
#16977 = FILL_AREA_STYLE('',(#16978));
#16978 = FILL_AREA_STYLE_COLOUR('',#16040);
#16979 = STYLED_ITEM('color',(#16980),#6949);
#16980 = PRESENTATION_STYLE_ASSIGNMENT((#16981));
#16981 = SURFACE_STYLE_USAGE(.BOTH.,#16982);
#16982 = SURFACE_SIDE_STYLE('',(#16983));
#16983 = SURFACE_STYLE_FILL_AREA(#16984);
#16984 = FILL_AREA_STYLE('',(#16985));
#16985 = FILL_AREA_STYLE_COLOUR('',#16040);
#16986 = STYLED_ITEM('color',(#16987),#6966);
#16987 = PRESENTATION_STYLE_ASSIGNMENT((#16988));
#16988 = SURFACE_STYLE_USAGE(.BOTH.,#16989);
#16989 = SURFACE_SIDE_STYLE('',(#16990));
#16990 = SURFACE_STYLE_FILL_AREA(#16991);
#16991 = FILL_AREA_STYLE('',(#16992));
#16992 = FILL_AREA_STYLE_COLOUR('',#16040);
#16993 = STYLED_ITEM('color',(#16994),#6997);
#16994 = PRESENTATION_STYLE_ASSIGNMENT((#16995));
#16995 = SURFACE_STYLE_USAGE(.BOTH.,#16996);
#16996 = SURFACE_SIDE_STYLE('',(#16997));
#16997 = SURFACE_STYLE_FILL_AREA(#16998);
#16998 = FILL_AREA_STYLE('',(#16999));
#16999 = FILL_AREA_STYLE_COLOUR('',#16040);
#17000 = STYLED_ITEM('color',(#17001),#7021);
#17001 = PRESENTATION_STYLE_ASSIGNMENT((#17002));
#17002 = SURFACE_STYLE_USAGE(.BOTH.,#17003);
#17003 = SURFACE_SIDE_STYLE('',(#17004));
#17004 = SURFACE_STYLE_FILL_AREA(#17005);
#17005 = FILL_AREA_STYLE('',(#17006));
#17006 = FILL_AREA_STYLE_COLOUR('',#16040);
#17007 = STYLED_ITEM('color',(#17008),#7045);
#17008 = PRESENTATION_STYLE_ASSIGNMENT((#17009));
#17009 = SURFACE_STYLE_USAGE(.BOTH.,#17010);
#17010 = SURFACE_SIDE_STYLE('',(#17011));
#17011 = SURFACE_STYLE_FILL_AREA(#17012);
#17012 = FILL_AREA_STYLE('',(#17013));
#17013 = FILL_AREA_STYLE_COLOUR('',#16040);
#17014 = STYLED_ITEM('color',(#17015),#7062);
#17015 = PRESENTATION_STYLE_ASSIGNMENT((#17016));
#17016 = SURFACE_STYLE_USAGE(.BOTH.,#17017);
#17017 = SURFACE_SIDE_STYLE('',(#17018));
#17018 = SURFACE_STYLE_FILL_AREA(#17019);
#17019 = FILL_AREA_STYLE('',(#17020));
#17020 = FILL_AREA_STYLE_COLOUR('',#16040);
#17021 = STYLED_ITEM('color',(#17022),#7093);
#17022 = PRESENTATION_STYLE_ASSIGNMENT((#17023));
#17023 = SURFACE_STYLE_USAGE(.BOTH.,#17024);
#17024 = SURFACE_SIDE_STYLE('',(#17025));
#17025 = SURFACE_STYLE_FILL_AREA(#17026);
#17026 = FILL_AREA_STYLE('',(#17027));
#17027 = FILL_AREA_STYLE_COLOUR('',#16040);
#17028 = STYLED_ITEM('color',(#17029),#7117);
#17029 = PRESENTATION_STYLE_ASSIGNMENT((#17030));
#17030 = SURFACE_STYLE_USAGE(.BOTH.,#17031);
#17031 = SURFACE_SIDE_STYLE('',(#17032));
#17032 = SURFACE_STYLE_FILL_AREA(#17033);
#17033 = FILL_AREA_STYLE('',(#17034));
#17034 = FILL_AREA_STYLE_COLOUR('',#16040);
#17035 = STYLED_ITEM('color',(#17036),#7141);
#17036 = PRESENTATION_STYLE_ASSIGNMENT((#17037));
#17037 = SURFACE_STYLE_USAGE(.BOTH.,#17038);
#17038 = SURFACE_SIDE_STYLE('',(#17039));
#17039 = SURFACE_STYLE_FILL_AREA(#17040);
#17040 = FILL_AREA_STYLE('',(#17041));
#17041 = FILL_AREA_STYLE_COLOUR('',#16040);
#17042 = STYLED_ITEM('color',(#17043),#7158);
#17043 = PRESENTATION_STYLE_ASSIGNMENT((#17044));
#17044 = SURFACE_STYLE_USAGE(.BOTH.,#17045);
#17045 = SURFACE_SIDE_STYLE('',(#17046));
#17046 = SURFACE_STYLE_FILL_AREA(#17047);
#17047 = FILL_AREA_STYLE('',(#17048));
#17048 = FILL_AREA_STYLE_COLOUR('',#16040);
#17049 = STYLED_ITEM('color',(#17050),#7189);
#17050 = PRESENTATION_STYLE_ASSIGNMENT((#17051));
#17051 = SURFACE_STYLE_USAGE(.BOTH.,#17052);
#17052 = SURFACE_SIDE_STYLE('',(#17053));
#17053 = SURFACE_STYLE_FILL_AREA(#17054);
#17054 = FILL_AREA_STYLE('',(#17055));
#17055 = FILL_AREA_STYLE_COLOUR('',#16040);
#17056 = STYLED_ITEM('color',(#17057),#7213);
#17057 = PRESENTATION_STYLE_ASSIGNMENT((#17058));
#17058 = SURFACE_STYLE_USAGE(.BOTH.,#17059);
#17059 = SURFACE_SIDE_STYLE('',(#17060));
#17060 = SURFACE_STYLE_FILL_AREA(#17061);
#17061 = FILL_AREA_STYLE('',(#17062));
#17062 = FILL_AREA_STYLE_COLOUR('',#16040);
#17063 = STYLED_ITEM('color',(#17064),#7237);
#17064 = PRESENTATION_STYLE_ASSIGNMENT((#17065));
#17065 = SURFACE_STYLE_USAGE(.BOTH.,#17066);
#17066 = SURFACE_SIDE_STYLE('',(#17067));
#17067 = SURFACE_STYLE_FILL_AREA(#17068);
#17068 = FILL_AREA_STYLE('',(#17069));
#17069 = FILL_AREA_STYLE_COLOUR('',#16040);
#17070 = STYLED_ITEM('color',(#17071),#7254);
#17071 = PRESENTATION_STYLE_ASSIGNMENT((#17072));
#17072 = SURFACE_STYLE_USAGE(.BOTH.,#17073);
#17073 = SURFACE_SIDE_STYLE('',(#17074));
#17074 = SURFACE_STYLE_FILL_AREA(#17075);
#17075 = FILL_AREA_STYLE('',(#17076));
#17076 = FILL_AREA_STYLE_COLOUR('',#16040);
#17077 = STYLED_ITEM('color',(#17078),#7285);
#17078 = PRESENTATION_STYLE_ASSIGNMENT((#17079));
#17079 = SURFACE_STYLE_USAGE(.BOTH.,#17080);
#17080 = SURFACE_SIDE_STYLE('',(#17081));
#17081 = SURFACE_STYLE_FILL_AREA(#17082);
#17082 = FILL_AREA_STYLE('',(#17083));
#17083 = FILL_AREA_STYLE_COLOUR('',#16040);
#17084 = STYLED_ITEM('color',(#17085),#7309);
#17085 = PRESENTATION_STYLE_ASSIGNMENT((#17086));
#17086 = SURFACE_STYLE_USAGE(.BOTH.,#17087);
#17087 = SURFACE_SIDE_STYLE('',(#17088));
#17088 = SURFACE_STYLE_FILL_AREA(#17089);
#17089 = FILL_AREA_STYLE('',(#17090));
#17090 = FILL_AREA_STYLE_COLOUR('',#16040);
#17091 = STYLED_ITEM('color',(#17092),#7333);
#17092 = PRESENTATION_STYLE_ASSIGNMENT((#17093));
#17093 = SURFACE_STYLE_USAGE(.BOTH.,#17094);
#17094 = SURFACE_SIDE_STYLE('',(#17095));
#17095 = SURFACE_STYLE_FILL_AREA(#17096);
#17096 = FILL_AREA_STYLE('',(#17097));
#17097 = FILL_AREA_STYLE_COLOUR('',#16040);
#17098 = STYLED_ITEM('color',(#17099),#7350);
#17099 = PRESENTATION_STYLE_ASSIGNMENT((#17100));
#17100 = SURFACE_STYLE_USAGE(.BOTH.,#17101);
#17101 = SURFACE_SIDE_STYLE('',(#17102));
#17102 = SURFACE_STYLE_FILL_AREA(#17103);
#17103 = FILL_AREA_STYLE('',(#17104));
#17104 = FILL_AREA_STYLE_COLOUR('',#16040);
#17105 = STYLED_ITEM('color',(#17106),#7381);
#17106 = PRESENTATION_STYLE_ASSIGNMENT((#17107));
#17107 = SURFACE_STYLE_USAGE(.BOTH.,#17108);
#17108 = SURFACE_SIDE_STYLE('',(#17109));
#17109 = SURFACE_STYLE_FILL_AREA(#17110);
#17110 = FILL_AREA_STYLE('',(#17111));
#17111 = FILL_AREA_STYLE_COLOUR('',#16040);
#17112 = STYLED_ITEM('color',(#17113),#7405);
#17113 = PRESENTATION_STYLE_ASSIGNMENT((#17114));
#17114 = SURFACE_STYLE_USAGE(.BOTH.,#17115);
#17115 = SURFACE_SIDE_STYLE('',(#17116));
#17116 = SURFACE_STYLE_FILL_AREA(#17117);
#17117 = FILL_AREA_STYLE('',(#17118));
#17118 = FILL_AREA_STYLE_COLOUR('',#16040);
#17119 = STYLED_ITEM('color',(#17120),#7429);
#17120 = PRESENTATION_STYLE_ASSIGNMENT((#17121));
#17121 = SURFACE_STYLE_USAGE(.BOTH.,#17122);
#17122 = SURFACE_SIDE_STYLE('',(#17123));
#17123 = SURFACE_STYLE_FILL_AREA(#17124);
#17124 = FILL_AREA_STYLE('',(#17125));
#17125 = FILL_AREA_STYLE_COLOUR('',#16040);
#17126 = STYLED_ITEM('color',(#17127),#7446);
#17127 = PRESENTATION_STYLE_ASSIGNMENT((#17128));
#17128 = SURFACE_STYLE_USAGE(.BOTH.,#17129);
#17129 = SURFACE_SIDE_STYLE('',(#17130));
#17130 = SURFACE_STYLE_FILL_AREA(#17131);
#17131 = FILL_AREA_STYLE('',(#17132));
#17132 = FILL_AREA_STYLE_COLOUR('',#16040);
#17133 = STYLED_ITEM('color',(#17134),#7477);
#17134 = PRESENTATION_STYLE_ASSIGNMENT((#17135));
#17135 = SURFACE_STYLE_USAGE(.BOTH.,#17136);
#17136 = SURFACE_SIDE_STYLE('',(#17137));
#17137 = SURFACE_STYLE_FILL_AREA(#17138);
#17138 = FILL_AREA_STYLE('',(#17139));
#17139 = FILL_AREA_STYLE_COLOUR('',#16040);
#17140 = STYLED_ITEM('color',(#17141),#7501);
#17141 = PRESENTATION_STYLE_ASSIGNMENT((#17142));
#17142 = SURFACE_STYLE_USAGE(.BOTH.,#17143);
#17143 = SURFACE_SIDE_STYLE('',(#17144));
#17144 = SURFACE_STYLE_FILL_AREA(#17145);
#17145 = FILL_AREA_STYLE('',(#17146));
#17146 = FILL_AREA_STYLE_COLOUR('',#16040);
#17147 = STYLED_ITEM('color',(#17148),#7525);
#17148 = PRESENTATION_STYLE_ASSIGNMENT((#17149));
#17149 = SURFACE_STYLE_USAGE(.BOTH.,#17150);
#17150 = SURFACE_SIDE_STYLE('',(#17151));
#17151 = SURFACE_STYLE_FILL_AREA(#17152);
#17152 = FILL_AREA_STYLE('',(#17153));
#17153 = FILL_AREA_STYLE_COLOUR('',#16040);
#17154 = STYLED_ITEM('color',(#17155),#7542);
#17155 = PRESENTATION_STYLE_ASSIGNMENT((#17156));
#17156 = SURFACE_STYLE_USAGE(.BOTH.,#17157);
#17157 = SURFACE_SIDE_STYLE('',(#17158));
#17158 = SURFACE_STYLE_FILL_AREA(#17159);
#17159 = FILL_AREA_STYLE('',(#17160));
#17160 = FILL_AREA_STYLE_COLOUR('',#16040);
#17161 = STYLED_ITEM('color',(#17162),#7573);
#17162 = PRESENTATION_STYLE_ASSIGNMENT((#17163));
#17163 = SURFACE_STYLE_USAGE(.BOTH.,#17164);
#17164 = SURFACE_SIDE_STYLE('',(#17165));
#17165 = SURFACE_STYLE_FILL_AREA(#17166);
#17166 = FILL_AREA_STYLE('',(#17167));
#17167 = FILL_AREA_STYLE_COLOUR('',#16040);
#17168 = STYLED_ITEM('color',(#17169),#7597);
#17169 = PRESENTATION_STYLE_ASSIGNMENT((#17170));
#17170 = SURFACE_STYLE_USAGE(.BOTH.,#17171);
#17171 = SURFACE_SIDE_STYLE('',(#17172));
#17172 = SURFACE_STYLE_FILL_AREA(#17173);
#17173 = FILL_AREA_STYLE('',(#17174));
#17174 = FILL_AREA_STYLE_COLOUR('',#16040);
#17175 = STYLED_ITEM('color',(#17176),#7621);
#17176 = PRESENTATION_STYLE_ASSIGNMENT((#17177));
#17177 = SURFACE_STYLE_USAGE(.BOTH.,#17178);
#17178 = SURFACE_SIDE_STYLE('',(#17179));
#17179 = SURFACE_STYLE_FILL_AREA(#17180);
#17180 = FILL_AREA_STYLE('',(#17181));
#17181 = FILL_AREA_STYLE_COLOUR('',#16040);
#17182 = STYLED_ITEM('color',(#17183),#7638);
#17183 = PRESENTATION_STYLE_ASSIGNMENT((#17184));
#17184 = SURFACE_STYLE_USAGE(.BOTH.,#17185);
#17185 = SURFACE_SIDE_STYLE('',(#17186));
#17186 = SURFACE_STYLE_FILL_AREA(#17187);
#17187 = FILL_AREA_STYLE('',(#17188));
#17188 = FILL_AREA_STYLE_COLOUR('',#16040);
#17189 = STYLED_ITEM('color',(#17190),#7669);
#17190 = PRESENTATION_STYLE_ASSIGNMENT((#17191));
#17191 = SURFACE_STYLE_USAGE(.BOTH.,#17192);
#17192 = SURFACE_SIDE_STYLE('',(#17193));
#17193 = SURFACE_STYLE_FILL_AREA(#17194);
#17194 = FILL_AREA_STYLE('',(#17195));
#17195 = FILL_AREA_STYLE_COLOUR('',#16040);
#17196 = STYLED_ITEM('color',(#17197),#7693);
#17197 = PRESENTATION_STYLE_ASSIGNMENT((#17198));
#17198 = SURFACE_STYLE_USAGE(.BOTH.,#17199);
#17199 = SURFACE_SIDE_STYLE('',(#17200));
#17200 = SURFACE_STYLE_FILL_AREA(#17201);
#17201 = FILL_AREA_STYLE('',(#17202));
#17202 = FILL_AREA_STYLE_COLOUR('',#16040);
#17203 = STYLED_ITEM('color',(#17204),#7717);
#17204 = PRESENTATION_STYLE_ASSIGNMENT((#17205));
#17205 = SURFACE_STYLE_USAGE(.BOTH.,#17206);
#17206 = SURFACE_SIDE_STYLE('',(#17207));
#17207 = SURFACE_STYLE_FILL_AREA(#17208);
#17208 = FILL_AREA_STYLE('',(#17209));
#17209 = FILL_AREA_STYLE_COLOUR('',#16040);
#17210 = STYLED_ITEM('color',(#17211),#7734);
#17211 = PRESENTATION_STYLE_ASSIGNMENT((#17212));
#17212 = SURFACE_STYLE_USAGE(.BOTH.,#17213);
#17213 = SURFACE_SIDE_STYLE('',(#17214));
#17214 = SURFACE_STYLE_FILL_AREA(#17215);
#17215 = FILL_AREA_STYLE('',(#17216));
#17216 = FILL_AREA_STYLE_COLOUR('',#16040);
#17217 = STYLED_ITEM('color',(#17218),#7765);
#17218 = PRESENTATION_STYLE_ASSIGNMENT((#17219));
#17219 = SURFACE_STYLE_USAGE(.BOTH.,#17220);
#17220 = SURFACE_SIDE_STYLE('',(#17221));
#17221 = SURFACE_STYLE_FILL_AREA(#17222);
#17222 = FILL_AREA_STYLE('',(#17223));
#17223 = FILL_AREA_STYLE_COLOUR('',#16040);
#17224 = STYLED_ITEM('color',(#17225),#7789);
#17225 = PRESENTATION_STYLE_ASSIGNMENT((#17226));
#17226 = SURFACE_STYLE_USAGE(.BOTH.,#17227);
#17227 = SURFACE_SIDE_STYLE('',(#17228));
#17228 = SURFACE_STYLE_FILL_AREA(#17229);
#17229 = FILL_AREA_STYLE('',(#17230));
#17230 = FILL_AREA_STYLE_COLOUR('',#16040);
#17231 = STYLED_ITEM('color',(#17232),#7813);
#17232 = PRESENTATION_STYLE_ASSIGNMENT((#17233));
#17233 = SURFACE_STYLE_USAGE(.BOTH.,#17234);
#17234 = SURFACE_SIDE_STYLE('',(#17235));
#17235 = SURFACE_STYLE_FILL_AREA(#17236);
#17236 = FILL_AREA_STYLE('',(#17237));
#17237 = FILL_AREA_STYLE_COLOUR('',#16040);
#17238 = STYLED_ITEM('color',(#17239),#7830);
#17239 = PRESENTATION_STYLE_ASSIGNMENT((#17240));
#17240 = SURFACE_STYLE_USAGE(.BOTH.,#17241);
#17241 = SURFACE_SIDE_STYLE('',(#17242));
#17242 = SURFACE_STYLE_FILL_AREA(#17243);
#17243 = FILL_AREA_STYLE('',(#17244));
#17244 = FILL_AREA_STYLE_COLOUR('',#16040);
#17245 = STYLED_ITEM('color',(#17246),#7861);
#17246 = PRESENTATION_STYLE_ASSIGNMENT((#17247));
#17247 = SURFACE_STYLE_USAGE(.BOTH.,#17248);
#17248 = SURFACE_SIDE_STYLE('',(#17249));
#17249 = SURFACE_STYLE_FILL_AREA(#17250);
#17250 = FILL_AREA_STYLE('',(#17251));
#17251 = FILL_AREA_STYLE_COLOUR('',#16040);
#17252 = STYLED_ITEM('color',(#17253),#7885);
#17253 = PRESENTATION_STYLE_ASSIGNMENT((#17254));
#17254 = SURFACE_STYLE_USAGE(.BOTH.,#17255);
#17255 = SURFACE_SIDE_STYLE('',(#17256));
#17256 = SURFACE_STYLE_FILL_AREA(#17257);
#17257 = FILL_AREA_STYLE('',(#17258));
#17258 = FILL_AREA_STYLE_COLOUR('',#16040);
#17259 = STYLED_ITEM('color',(#17260),#7909);
#17260 = PRESENTATION_STYLE_ASSIGNMENT((#17261));
#17261 = SURFACE_STYLE_USAGE(.BOTH.,#17262);
#17262 = SURFACE_SIDE_STYLE('',(#17263));
#17263 = SURFACE_STYLE_FILL_AREA(#17264);
#17264 = FILL_AREA_STYLE('',(#17265));
#17265 = FILL_AREA_STYLE_COLOUR('',#16040);
#17266 = STYLED_ITEM('color',(#17267),#7926);
#17267 = PRESENTATION_STYLE_ASSIGNMENT((#17268));
#17268 = SURFACE_STYLE_USAGE(.BOTH.,#17269);
#17269 = SURFACE_SIDE_STYLE('',(#17270));
#17270 = SURFACE_STYLE_FILL_AREA(#17271);
#17271 = FILL_AREA_STYLE('',(#17272));
#17272 = FILL_AREA_STYLE_COLOUR('',#16040);
#17273 = STYLED_ITEM('color',(#17274),#7957);
#17274 = PRESENTATION_STYLE_ASSIGNMENT((#17275));
#17275 = SURFACE_STYLE_USAGE(.BOTH.,#17276);
#17276 = SURFACE_SIDE_STYLE('',(#17277));
#17277 = SURFACE_STYLE_FILL_AREA(#17278);
#17278 = FILL_AREA_STYLE('',(#17279));
#17279 = FILL_AREA_STYLE_COLOUR('',#16040);
#17280 = STYLED_ITEM('color',(#17281),#7981);
#17281 = PRESENTATION_STYLE_ASSIGNMENT((#17282));
#17282 = SURFACE_STYLE_USAGE(.BOTH.,#17283);
#17283 = SURFACE_SIDE_STYLE('',(#17284));
#17284 = SURFACE_STYLE_FILL_AREA(#17285);
#17285 = FILL_AREA_STYLE('',(#17286));
#17286 = FILL_AREA_STYLE_COLOUR('',#16040);
#17287 = STYLED_ITEM('color',(#17288),#8005);
#17288 = PRESENTATION_STYLE_ASSIGNMENT((#17289));
#17289 = SURFACE_STYLE_USAGE(.BOTH.,#17290);
#17290 = SURFACE_SIDE_STYLE('',(#17291));
#17291 = SURFACE_STYLE_FILL_AREA(#17292);
#17292 = FILL_AREA_STYLE('',(#17293));
#17293 = FILL_AREA_STYLE_COLOUR('',#16040);
#17294 = STYLED_ITEM('color',(#17295),#8022);
#17295 = PRESENTATION_STYLE_ASSIGNMENT((#17296));
#17296 = SURFACE_STYLE_USAGE(.BOTH.,#17297);
#17297 = SURFACE_SIDE_STYLE('',(#17298));
#17298 = SURFACE_STYLE_FILL_AREA(#17299);
#17299 = FILL_AREA_STYLE('',(#17300));
#17300 = FILL_AREA_STYLE_COLOUR('',#16040);
#17301 = STYLED_ITEM('color',(#17302),#8053);
#17302 = PRESENTATION_STYLE_ASSIGNMENT((#17303));
#17303 = SURFACE_STYLE_USAGE(.BOTH.,#17304);
#17304 = SURFACE_SIDE_STYLE('',(#17305));
#17305 = SURFACE_STYLE_FILL_AREA(#17306);
#17306 = FILL_AREA_STYLE('',(#17307));
#17307 = FILL_AREA_STYLE_COLOUR('',#16040);
#17308 = STYLED_ITEM('color',(#17309),#8077);
#17309 = PRESENTATION_STYLE_ASSIGNMENT((#17310));
#17310 = SURFACE_STYLE_USAGE(.BOTH.,#17311);
#17311 = SURFACE_SIDE_STYLE('',(#17312));
#17312 = SURFACE_STYLE_FILL_AREA(#17313);
#17313 = FILL_AREA_STYLE('',(#17314));
#17314 = FILL_AREA_STYLE_COLOUR('',#16040);
#17315 = STYLED_ITEM('color',(#17316),#8101);
#17316 = PRESENTATION_STYLE_ASSIGNMENT((#17317));
#17317 = SURFACE_STYLE_USAGE(.BOTH.,#17318);
#17318 = SURFACE_SIDE_STYLE('',(#17319));
#17319 = SURFACE_STYLE_FILL_AREA(#17320);
#17320 = FILL_AREA_STYLE('',(#17321));
#17321 = FILL_AREA_STYLE_COLOUR('',#16040);
#17322 = STYLED_ITEM('color',(#17323),#8118);
#17323 = PRESENTATION_STYLE_ASSIGNMENT((#17324));
#17324 = SURFACE_STYLE_USAGE(.BOTH.,#17325);
#17325 = SURFACE_SIDE_STYLE('',(#17326));
#17326 = SURFACE_STYLE_FILL_AREA(#17327);
#17327 = FILL_AREA_STYLE('',(#17328));
#17328 = FILL_AREA_STYLE_COLOUR('',#16040);
#17329 = STYLED_ITEM('color',(#17330),#8149);
#17330 = PRESENTATION_STYLE_ASSIGNMENT((#17331));
#17331 = SURFACE_STYLE_USAGE(.BOTH.,#17332);
#17332 = SURFACE_SIDE_STYLE('',(#17333));
#17333 = SURFACE_STYLE_FILL_AREA(#17334);
#17334 = FILL_AREA_STYLE('',(#17335));
#17335 = FILL_AREA_STYLE_COLOUR('',#16040);
#17336 = STYLED_ITEM('color',(#17337),#8173);
#17337 = PRESENTATION_STYLE_ASSIGNMENT((#17338));
#17338 = SURFACE_STYLE_USAGE(.BOTH.,#17339);
#17339 = SURFACE_SIDE_STYLE('',(#17340));
#17340 = SURFACE_STYLE_FILL_AREA(#17341);
#17341 = FILL_AREA_STYLE('',(#17342));
#17342 = FILL_AREA_STYLE_COLOUR('',#16040);
#17343 = STYLED_ITEM('color',(#17344),#8197);
#17344 = PRESENTATION_STYLE_ASSIGNMENT((#17345));
#17345 = SURFACE_STYLE_USAGE(.BOTH.,#17346);
#17346 = SURFACE_SIDE_STYLE('',(#17347));
#17347 = SURFACE_STYLE_FILL_AREA(#17348);
#17348 = FILL_AREA_STYLE('',(#17349));
#17349 = FILL_AREA_STYLE_COLOUR('',#16040);
#17350 = STYLED_ITEM('color',(#17351),#8214);
#17351 = PRESENTATION_STYLE_ASSIGNMENT((#17352));
#17352 = SURFACE_STYLE_USAGE(.BOTH.,#17353);
#17353 = SURFACE_SIDE_STYLE('',(#17354));
#17354 = SURFACE_STYLE_FILL_AREA(#17355);
#17355 = FILL_AREA_STYLE('',(#17356));
#17356 = FILL_AREA_STYLE_COLOUR('',#16040);
#17357 = STYLED_ITEM('color',(#17358),#8245);
#17358 = PRESENTATION_STYLE_ASSIGNMENT((#17359));
#17359 = SURFACE_STYLE_USAGE(.BOTH.,#17360);
#17360 = SURFACE_SIDE_STYLE('',(#17361));
#17361 = SURFACE_STYLE_FILL_AREA(#17362);
#17362 = FILL_AREA_STYLE('',(#17363));
#17363 = FILL_AREA_STYLE_COLOUR('',#16040);
#17364 = STYLED_ITEM('color',(#17365),#8269);
#17365 = PRESENTATION_STYLE_ASSIGNMENT((#17366));
#17366 = SURFACE_STYLE_USAGE(.BOTH.,#17367);
#17367 = SURFACE_SIDE_STYLE('',(#17368));
#17368 = SURFACE_STYLE_FILL_AREA(#17369);
#17369 = FILL_AREA_STYLE('',(#17370));
#17370 = FILL_AREA_STYLE_COLOUR('',#16040);
#17371 = STYLED_ITEM('color',(#17372),#8293);
#17372 = PRESENTATION_STYLE_ASSIGNMENT((#17373));
#17373 = SURFACE_STYLE_USAGE(.BOTH.,#17374);
#17374 = SURFACE_SIDE_STYLE('',(#17375));
#17375 = SURFACE_STYLE_FILL_AREA(#17376);
#17376 = FILL_AREA_STYLE('',(#17377));
#17377 = FILL_AREA_STYLE_COLOUR('',#16040);
#17378 = STYLED_ITEM('color',(#17379),#8310);
#17379 = PRESENTATION_STYLE_ASSIGNMENT((#17380));
#17380 = SURFACE_STYLE_USAGE(.BOTH.,#17381);
#17381 = SURFACE_SIDE_STYLE('',(#17382));
#17382 = SURFACE_STYLE_FILL_AREA(#17383);
#17383 = FILL_AREA_STYLE('',(#17384));
#17384 = FILL_AREA_STYLE_COLOUR('',#16040);
#17385 = STYLED_ITEM('color',(#17386),#8322);
#17386 = PRESENTATION_STYLE_ASSIGNMENT((#17387));
#17387 = SURFACE_STYLE_USAGE(.BOTH.,#17388);
#17388 = SURFACE_SIDE_STYLE('',(#17389));
#17389 = SURFACE_STYLE_FILL_AREA(#17390);
#17390 = FILL_AREA_STYLE('',(#17391));
#17391 = FILL_AREA_STYLE_COLOUR('',#16040);
#17392 = STYLED_ITEM('color',(#17393),#8334);
#17393 = PRESENTATION_STYLE_ASSIGNMENT((#17394));
#17394 = SURFACE_STYLE_USAGE(.BOTH.,#17395);
#17395 = SURFACE_SIDE_STYLE('',(#17396));
#17396 = SURFACE_STYLE_FILL_AREA(#17397);
#17397 = FILL_AREA_STYLE('',(#17398));
#17398 = FILL_AREA_STYLE_COLOUR('',#16040);
#17399 = STYLED_ITEM('color',(#17400),#8346);
#17400 = PRESENTATION_STYLE_ASSIGNMENT((#17401));
#17401 = SURFACE_STYLE_USAGE(.BOTH.,#17402);
#17402 = SURFACE_SIDE_STYLE('',(#17403));
#17403 = SURFACE_STYLE_FILL_AREA(#17404);
#17404 = FILL_AREA_STYLE('',(#17405));
#17405 = FILL_AREA_STYLE_COLOUR('',#16040);
#17406 = STYLED_ITEM('color',(#17407),#8358);
#17407 = PRESENTATION_STYLE_ASSIGNMENT((#17408));
#17408 = SURFACE_STYLE_USAGE(.BOTH.,#17409);
#17409 = SURFACE_SIDE_STYLE('',(#17410));
#17410 = SURFACE_STYLE_FILL_AREA(#17411);
#17411 = FILL_AREA_STYLE('',(#17412));
#17412 = FILL_AREA_STYLE_COLOUR('',#16040);
#17413 = STYLED_ITEM('color',(#17414),#8370);
#17414 = PRESENTATION_STYLE_ASSIGNMENT((#17415));
#17415 = SURFACE_STYLE_USAGE(.BOTH.,#17416);
#17416 = SURFACE_SIDE_STYLE('',(#17417));
#17417 = SURFACE_STYLE_FILL_AREA(#17418);
#17418 = FILL_AREA_STYLE('',(#17419));
#17419 = FILL_AREA_STYLE_COLOUR('',#16040);
#17420 = STYLED_ITEM('color',(#17421),#8382);
#17421 = PRESENTATION_STYLE_ASSIGNMENT((#17422));
#17422 = SURFACE_STYLE_USAGE(.BOTH.,#17423);
#17423 = SURFACE_SIDE_STYLE('',(#17424));
#17424 = SURFACE_STYLE_FILL_AREA(#17425);
#17425 = FILL_AREA_STYLE('',(#17426));
#17426 = FILL_AREA_STYLE_COLOUR('',#16040);
#17427 = STYLED_ITEM('color',(#17428),#8394);
#17428 = PRESENTATION_STYLE_ASSIGNMENT((#17429));
#17429 = SURFACE_STYLE_USAGE(.BOTH.,#17430);
#17430 = SURFACE_SIDE_STYLE('',(#17431));
#17431 = SURFACE_STYLE_FILL_AREA(#17432);
#17432 = FILL_AREA_STYLE('',(#17433));
#17433 = FILL_AREA_STYLE_COLOUR('',#16040);
#17434 = STYLED_ITEM('color',(#17435),#8406);
#17435 = PRESENTATION_STYLE_ASSIGNMENT((#17436));
#17436 = SURFACE_STYLE_USAGE(.BOTH.,#17437);
#17437 = SURFACE_SIDE_STYLE('',(#17438));
#17438 = SURFACE_STYLE_FILL_AREA(#17439);
#17439 = FILL_AREA_STYLE('',(#17440));
#17440 = FILL_AREA_STYLE_COLOUR('',#16040);
#17441 = STYLED_ITEM('color',(#17442),#8418);
#17442 = PRESENTATION_STYLE_ASSIGNMENT((#17443));
#17443 = SURFACE_STYLE_USAGE(.BOTH.,#17444);
#17444 = SURFACE_SIDE_STYLE('',(#17445));
#17445 = SURFACE_STYLE_FILL_AREA(#17446);
#17446 = FILL_AREA_STYLE('',(#17447));
#17447 = FILL_AREA_STYLE_COLOUR('',#16040);
#17448 = STYLED_ITEM('color',(#17449),#8430);
#17449 = PRESENTATION_STYLE_ASSIGNMENT((#17450));
#17450 = SURFACE_STYLE_USAGE(.BOTH.,#17451);
#17451 = SURFACE_SIDE_STYLE('',(#17452));
#17452 = SURFACE_STYLE_FILL_AREA(#17453);
#17453 = FILL_AREA_STYLE('',(#17454));
#17454 = FILL_AREA_STYLE_COLOUR('',#16040);
#17455 = STYLED_ITEM('color',(#17456),#8442);
#17456 = PRESENTATION_STYLE_ASSIGNMENT((#17457));
#17457 = SURFACE_STYLE_USAGE(.BOTH.,#17458);
#17458 = SURFACE_SIDE_STYLE('',(#17459));
#17459 = SURFACE_STYLE_FILL_AREA(#17460);
#17460 = FILL_AREA_STYLE('',(#17461));
#17461 = FILL_AREA_STYLE_COLOUR('',#16040);
#17462 = STYLED_ITEM('color',(#17463),#8454);
#17463 = PRESENTATION_STYLE_ASSIGNMENT((#17464));
#17464 = SURFACE_STYLE_USAGE(.BOTH.,#17465);
#17465 = SURFACE_SIDE_STYLE('',(#17466));
#17466 = SURFACE_STYLE_FILL_AREA(#17467);
#17467 = FILL_AREA_STYLE('',(#17468));
#17468 = FILL_AREA_STYLE_COLOUR('',#16040);
#17469 = STYLED_ITEM('color',(#17470),#8466);
#17470 = PRESENTATION_STYLE_ASSIGNMENT((#17471));
#17471 = SURFACE_STYLE_USAGE(.BOTH.,#17472);
#17472 = SURFACE_SIDE_STYLE('',(#17473));
#17473 = SURFACE_STYLE_FILL_AREA(#17474);
#17474 = FILL_AREA_STYLE('',(#17475));
#17475 = FILL_AREA_STYLE_COLOUR('',#16040);
#17476 = STYLED_ITEM('color',(#17477),#8478);
#17477 = PRESENTATION_STYLE_ASSIGNMENT((#17478));
#17478 = SURFACE_STYLE_USAGE(.BOTH.,#17479);
#17479 = SURFACE_SIDE_STYLE('',(#17480));
#17480 = SURFACE_STYLE_FILL_AREA(#17481);
#17481 = FILL_AREA_STYLE('',(#17482));
#17482 = FILL_AREA_STYLE_COLOUR('',#16040);
#17483 = STYLED_ITEM('color',(#17484),#8490);
#17484 = PRESENTATION_STYLE_ASSIGNMENT((#17485));
#17485 = SURFACE_STYLE_USAGE(.BOTH.,#17486);
#17486 = SURFACE_SIDE_STYLE('',(#17487));
#17487 = SURFACE_STYLE_FILL_AREA(#17488);
#17488 = FILL_AREA_STYLE('',(#17489));
#17489 = FILL_AREA_STYLE_COLOUR('',#16040);
#17490 = STYLED_ITEM('color',(#17491),#8502);
#17491 = PRESENTATION_STYLE_ASSIGNMENT((#17492));
#17492 = SURFACE_STYLE_USAGE(.BOTH.,#17493);
#17493 = SURFACE_SIDE_STYLE('',(#17494));
#17494 = SURFACE_STYLE_FILL_AREA(#17495);
#17495 = FILL_AREA_STYLE('',(#17496));
#17496 = FILL_AREA_STYLE_COLOUR('',#16040);
#17497 = STYLED_ITEM('color',(#17498),#8514);
#17498 = PRESENTATION_STYLE_ASSIGNMENT((#17499));
#17499 = SURFACE_STYLE_USAGE(.BOTH.,#17500);
#17500 = SURFACE_SIDE_STYLE('',(#17501));
#17501 = SURFACE_STYLE_FILL_AREA(#17502);
#17502 = FILL_AREA_STYLE('',(#17503));
#17503 = FILL_AREA_STYLE_COLOUR('',#16040);
#17504 = STYLED_ITEM('color',(#17505),#8526);
#17505 = PRESENTATION_STYLE_ASSIGNMENT((#17506));
#17506 = SURFACE_STYLE_USAGE(.BOTH.,#17507);
#17507 = SURFACE_SIDE_STYLE('',(#17508));
#17508 = SURFACE_STYLE_FILL_AREA(#17509);
#17509 = FILL_AREA_STYLE('',(#17510));
#17510 = FILL_AREA_STYLE_COLOUR('',#16040);
#17511 = STYLED_ITEM('color',(#17512),#8538);
#17512 = PRESENTATION_STYLE_ASSIGNMENT((#17513));
#17513 = SURFACE_STYLE_USAGE(.BOTH.,#17514);
#17514 = SURFACE_SIDE_STYLE('',(#17515));
#17515 = SURFACE_STYLE_FILL_AREA(#17516);
#17516 = FILL_AREA_STYLE('',(#17517));
#17517 = FILL_AREA_STYLE_COLOUR('',#16040);
#17518 = STYLED_ITEM('color',(#17519),#8550);
#17519 = PRESENTATION_STYLE_ASSIGNMENT((#17520));
#17520 = SURFACE_STYLE_USAGE(.BOTH.,#17521);
#17521 = SURFACE_SIDE_STYLE('',(#17522));
#17522 = SURFACE_STYLE_FILL_AREA(#17523);
#17523 = FILL_AREA_STYLE('',(#17524));
#17524 = FILL_AREA_STYLE_COLOUR('',#16040);
#17525 = STYLED_ITEM('color',(#17526),#8562);
#17526 = PRESENTATION_STYLE_ASSIGNMENT((#17527));
#17527 = SURFACE_STYLE_USAGE(.BOTH.,#17528);
#17528 = SURFACE_SIDE_STYLE('',(#17529));
#17529 = SURFACE_STYLE_FILL_AREA(#17530);
#17530 = FILL_AREA_STYLE('',(#17531));
#17531 = FILL_AREA_STYLE_COLOUR('',#16040);
#17532 = STYLED_ITEM('color',(#17533),#8574);
#17533 = PRESENTATION_STYLE_ASSIGNMENT((#17534));
#17534 = SURFACE_STYLE_USAGE(.BOTH.,#17535);
#17535 = SURFACE_SIDE_STYLE('',(#17536));
#17536 = SURFACE_STYLE_FILL_AREA(#17537);
#17537 = FILL_AREA_STYLE('',(#17538));
#17538 = FILL_AREA_STYLE_COLOUR('',#16040);
#17539 = STYLED_ITEM('color',(#17540),#8586);
#17540 = PRESENTATION_STYLE_ASSIGNMENT((#17541));
#17541 = SURFACE_STYLE_USAGE(.BOTH.,#17542);
#17542 = SURFACE_SIDE_STYLE('',(#17543));
#17543 = SURFACE_STYLE_FILL_AREA(#17544);
#17544 = FILL_AREA_STYLE('',(#17545));
#17545 = FILL_AREA_STYLE_COLOUR('',#16040);
#17546 = MECHANICAL_DESIGN_GEOMETRIC_PRESENTATION_REPRESENTATION('',(
    #17547,#17554,#17561,#17568,#17575,#17582,#17589,#17596,#17603,
    #17610,#17617,#17624,#17631,#17638,#17645,#17652,#17659,#17666,
    #17673,#17680,#17687,#17694,#17701,#17708,#17715,#17722,#17729,
    #17736,#17743,#17750,#17757,#17764,#17771,#17778,#17785,#17792,
    #17799,#17806,#17813,#17820,#17827,#17834,#17841,#17848,#17855,
    #17862,#17869,#17876,#17883,#17890,#17897,#17904,#17911,#17918,
    #17925,#17932,#17939,#17946,#17953,#17960,#17967,#17974,#17981,
    #17988,#17995,#18002,#18009,#18016,#18023,#18030,#18037,#18044,
    #18051,#18058,#18065,#18072,#18079,#18086,#18093,#18100,#18107,
    #18114,#18121,#18128,#18135,#18142,#18149,#18156,#18163,#18170,
    #18177,#18184,#18191,#18198,#18205,#18212,#18219,#18226,#18233,
    #18240,#18247,#18254,#18261,#18268,#18275),#11851);
#17547 = STYLED_ITEM('color',(#17548),#8624);
#17548 = PRESENTATION_STYLE_ASSIGNMENT((#17549));
#17549 = SURFACE_STYLE_USAGE(.BOTH.,#17550);
#17550 = SURFACE_SIDE_STYLE('',(#17551));
#17551 = SURFACE_STYLE_FILL_AREA(#17552);
#17552 = FILL_AREA_STYLE('',(#17553));
#17553 = FILL_AREA_STYLE_COLOUR('',#15507);
#17554 = STYLED_ITEM('color',(#17555),#8641);
#17555 = PRESENTATION_STYLE_ASSIGNMENT((#17556));
#17556 = SURFACE_STYLE_USAGE(.BOTH.,#17557);
#17557 = SURFACE_SIDE_STYLE('',(#17558));
#17558 = SURFACE_STYLE_FILL_AREA(#17559);
#17559 = FILL_AREA_STYLE('',(#17560));
#17560 = FILL_AREA_STYLE_COLOUR('',#15507);
#17561 = STYLED_ITEM('color',(#17562),#8666);
#17562 = PRESENTATION_STYLE_ASSIGNMENT((#17563));
#17563 = SURFACE_STYLE_USAGE(.BOTH.,#17564);
#17564 = SURFACE_SIDE_STYLE('',(#17565));
#17565 = SURFACE_STYLE_FILL_AREA(#17566);
#17566 = FILL_AREA_STYLE('',(#17567));
#17567 = FILL_AREA_STYLE_COLOUR('',#15391);
#17568 = STYLED_ITEM('color',(#17569),#8789);
#17569 = PRESENTATION_STYLE_ASSIGNMENT((#17570));
#17570 = SURFACE_STYLE_USAGE(.BOTH.,#17571);
#17571 = SURFACE_SIDE_STYLE('',(#17572));
#17572 = SURFACE_STYLE_FILL_AREA(#17573);
#17573 = FILL_AREA_STYLE('',(#17574));
#17574 = FILL_AREA_STYLE_COLOUR('',#15391);
#17575 = STYLED_ITEM('color',(#17576),#8820);
#17576 = PRESENTATION_STYLE_ASSIGNMENT((#17577));
#17577 = SURFACE_STYLE_USAGE(.BOTH.,#17578);
#17578 = SURFACE_SIDE_STYLE('',(#17579));
#17579 = SURFACE_STYLE_FILL_AREA(#17580);
#17580 = FILL_AREA_STYLE('',(#17581));
#17581 = FILL_AREA_STYLE_COLOUR('',#15391);
#17582 = STYLED_ITEM('color',(#17583),#8845);
#17583 = PRESENTATION_STYLE_ASSIGNMENT((#17584));
#17584 = SURFACE_STYLE_USAGE(.BOTH.,#17585);
#17585 = SURFACE_SIDE_STYLE('',(#17586));
#17586 = SURFACE_STYLE_FILL_AREA(#17587);
#17587 = FILL_AREA_STYLE('',(#17588));
#17588 = FILL_AREA_STYLE_COLOUR('',#15391);
#17589 = STYLED_ITEM('color',(#17590),#8870);
#17590 = PRESENTATION_STYLE_ASSIGNMENT((#17591));
#17591 = SURFACE_STYLE_USAGE(.BOTH.,#17592);
#17592 = SURFACE_SIDE_STYLE('',(#17593));
#17593 = SURFACE_STYLE_FILL_AREA(#17594);
#17594 = FILL_AREA_STYLE('',(#17595));
#17595 = FILL_AREA_STYLE_COLOUR('',#15391);
#17596 = STYLED_ITEM('color',(#17597),#8894);
#17597 = PRESENTATION_STYLE_ASSIGNMENT((#17598));
#17598 = SURFACE_STYLE_USAGE(.BOTH.,#17599);
#17599 = SURFACE_SIDE_STYLE('',(#17600));
#17600 = SURFACE_STYLE_FILL_AREA(#17601);
#17601 = FILL_AREA_STYLE('',(#17602));
#17602 = FILL_AREA_STYLE_COLOUR('',#15391);
#17603 = STYLED_ITEM('color',(#17604),#8918);
#17604 = PRESENTATION_STYLE_ASSIGNMENT((#17605));
#17605 = SURFACE_STYLE_USAGE(.BOTH.,#17606);
#17606 = SURFACE_SIDE_STYLE('',(#17607));
#17607 = SURFACE_STYLE_FILL_AREA(#17608);
#17608 = FILL_AREA_STYLE('',(#17609));
#17609 = FILL_AREA_STYLE_COLOUR('',#15391);
#17610 = STYLED_ITEM('color',(#17611),#8943);
#17611 = PRESENTATION_STYLE_ASSIGNMENT((#17612));
#17612 = SURFACE_STYLE_USAGE(.BOTH.,#17613);
#17613 = SURFACE_SIDE_STYLE('',(#17614));
#17614 = SURFACE_STYLE_FILL_AREA(#17615);
#17615 = FILL_AREA_STYLE('',(#17616));
#17616 = FILL_AREA_STYLE_COLOUR('',#15391);
#17617 = STYLED_ITEM('color',(#17618),#8968);
#17618 = PRESENTATION_STYLE_ASSIGNMENT((#17619));
#17619 = SURFACE_STYLE_USAGE(.BOTH.,#17620);
#17620 = SURFACE_SIDE_STYLE('',(#17621));
#17621 = SURFACE_STYLE_FILL_AREA(#17622);
#17622 = FILL_AREA_STYLE('',(#17623));
#17623 = FILL_AREA_STYLE_COLOUR('',#15391);
#17624 = STYLED_ITEM('color',(#17625),#8985);
#17625 = PRESENTATION_STYLE_ASSIGNMENT((#17626));
#17626 = SURFACE_STYLE_USAGE(.BOTH.,#17627);
#17627 = SURFACE_SIDE_STYLE('',(#17628));
#17628 = SURFACE_STYLE_FILL_AREA(#17629);
#17629 = FILL_AREA_STYLE('',(#17630));
#17630 = FILL_AREA_STYLE_COLOUR('',#15507);
#17631 = STYLED_ITEM('color',(#17632),#9010);
#17632 = PRESENTATION_STYLE_ASSIGNMENT((#17633));
#17633 = SURFACE_STYLE_USAGE(.BOTH.,#17634);
#17634 = SURFACE_SIDE_STYLE('',(#17635));
#17635 = SURFACE_STYLE_FILL_AREA(#17636);
#17636 = FILL_AREA_STYLE('',(#17637));
#17637 = FILL_AREA_STYLE_COLOUR('',#15507);
#17638 = STYLED_ITEM('color',(#17639),#9035);
#17639 = PRESENTATION_STYLE_ASSIGNMENT((#17640));
#17640 = SURFACE_STYLE_USAGE(.BOTH.,#17641);
#17641 = SURFACE_SIDE_STYLE('',(#17642));
#17642 = SURFACE_STYLE_FILL_AREA(#17643);
#17643 = FILL_AREA_STYLE('',(#17644));
#17644 = FILL_AREA_STYLE_COLOUR('',#15507);
#17645 = STYLED_ITEM('color',(#17646),#9060);
#17646 = PRESENTATION_STYLE_ASSIGNMENT((#17647));
#17647 = SURFACE_STYLE_USAGE(.BOTH.,#17648);
#17648 = SURFACE_SIDE_STYLE('',(#17649));
#17649 = SURFACE_STYLE_FILL_AREA(#17650);
#17650 = FILL_AREA_STYLE('',(#17651));
#17651 = FILL_AREA_STYLE_COLOUR('',#15507);
#17652 = STYLED_ITEM('color',(#17653),#9085);
#17653 = PRESENTATION_STYLE_ASSIGNMENT((#17654));
#17654 = SURFACE_STYLE_USAGE(.BOTH.,#17655);
#17655 = SURFACE_SIDE_STYLE('',(#17656));
#17656 = SURFACE_STYLE_FILL_AREA(#17657);
#17657 = FILL_AREA_STYLE('',(#17658));
#17658 = FILL_AREA_STYLE_COLOUR('',#15507);
#17659 = STYLED_ITEM('color',(#17660),#9116);
#17660 = PRESENTATION_STYLE_ASSIGNMENT((#17661));
#17661 = SURFACE_STYLE_USAGE(.BOTH.,#17662);
#17662 = SURFACE_SIDE_STYLE('',(#17663));
#17663 = SURFACE_STYLE_FILL_AREA(#17664);
#17664 = FILL_AREA_STYLE('',(#17665));
#17665 = FILL_AREA_STYLE_COLOUR('',#15507);
#17666 = STYLED_ITEM('color',(#17667),#9141);
#17667 = PRESENTATION_STYLE_ASSIGNMENT((#17668));
#17668 = SURFACE_STYLE_USAGE(.BOTH.,#17669);
#17669 = SURFACE_SIDE_STYLE('',(#17670));
#17670 = SURFACE_STYLE_FILL_AREA(#17671);
#17671 = FILL_AREA_STYLE('',(#17672));
#17672 = FILL_AREA_STYLE_COLOUR('',#15507);
#17673 = STYLED_ITEM('color',(#17674),#9166);
#17674 = PRESENTATION_STYLE_ASSIGNMENT((#17675));
#17675 = SURFACE_STYLE_USAGE(.BOTH.,#17676);
#17676 = SURFACE_SIDE_STYLE('',(#17677));
#17677 = SURFACE_STYLE_FILL_AREA(#17678);
#17678 = FILL_AREA_STYLE('',(#17679));
#17679 = FILL_AREA_STYLE_COLOUR('',#15507);
#17680 = STYLED_ITEM('color',(#17681),#9254);
#17681 = PRESENTATION_STYLE_ASSIGNMENT((#17682));
#17682 = SURFACE_STYLE_USAGE(.BOTH.,#17683);
#17683 = SURFACE_SIDE_STYLE('',(#17684));
#17684 = SURFACE_STYLE_FILL_AREA(#17685);
#17685 = FILL_AREA_STYLE('',(#17686));
#17686 = FILL_AREA_STYLE_COLOUR('',#15507);
#17687 = STYLED_ITEM('color',(#17688),#9342);
#17688 = PRESENTATION_STYLE_ASSIGNMENT((#17689));
#17689 = SURFACE_STYLE_USAGE(.BOTH.,#17690);
#17690 = SURFACE_SIDE_STYLE('',(#17691));
#17691 = SURFACE_STYLE_FILL_AREA(#17692);
#17692 = FILL_AREA_STYLE('',(#17693));
#17693 = FILL_AREA_STYLE_COLOUR('',#15507);
#17694 = STYLED_ITEM('color',(#17695),#9367);
#17695 = PRESENTATION_STYLE_ASSIGNMENT((#17696));
#17696 = SURFACE_STYLE_USAGE(.BOTH.,#17697);
#17697 = SURFACE_SIDE_STYLE('',(#17698));
#17698 = SURFACE_STYLE_FILL_AREA(#17699);
#17699 = FILL_AREA_STYLE('',(#17700));
#17700 = FILL_AREA_STYLE_COLOUR('',#15507);
#17701 = STYLED_ITEM('color',(#17702),#9392);
#17702 = PRESENTATION_STYLE_ASSIGNMENT((#17703));
#17703 = SURFACE_STYLE_USAGE(.BOTH.,#17704);
#17704 = SURFACE_SIDE_STYLE('',(#17705));
#17705 = SURFACE_STYLE_FILL_AREA(#17706);
#17706 = FILL_AREA_STYLE('',(#17707));
#17707 = FILL_AREA_STYLE_COLOUR('',#15507);
#17708 = STYLED_ITEM('color',(#17709),#9409);
#17709 = PRESENTATION_STYLE_ASSIGNMENT((#17710));
#17710 = SURFACE_STYLE_USAGE(.BOTH.,#17711);
#17711 = SURFACE_SIDE_STYLE('',(#17712));
#17712 = SURFACE_STYLE_FILL_AREA(#17713);
#17713 = FILL_AREA_STYLE('',(#17714));
#17714 = FILL_AREA_STYLE_COLOUR('',#15507);
#17715 = STYLED_ITEM('color',(#17716),#9418);
#17716 = PRESENTATION_STYLE_ASSIGNMENT((#17717));
#17717 = SURFACE_STYLE_USAGE(.BOTH.,#17718);
#17718 = SURFACE_SIDE_STYLE('',(#17719));
#17719 = SURFACE_STYLE_FILL_AREA(#17720);
#17720 = FILL_AREA_STYLE('',(#17721));
#17721 = FILL_AREA_STYLE_COLOUR('',#15507);
#17722 = STYLED_ITEM('color',(#17723),#9444);
#17723 = PRESENTATION_STYLE_ASSIGNMENT((#17724));
#17724 = SURFACE_STYLE_USAGE(.BOTH.,#17725);
#17725 = SURFACE_SIDE_STYLE('',(#17726));
#17726 = SURFACE_STYLE_FILL_AREA(#17727);
#17727 = FILL_AREA_STYLE('',(#17728));
#17728 = FILL_AREA_STYLE_COLOUR('',#15507);
#17729 = STYLED_ITEM('color',(#17730),#9453);
#17730 = PRESENTATION_STYLE_ASSIGNMENT((#17731));
#17731 = SURFACE_STYLE_USAGE(.BOTH.,#17732);
#17732 = SURFACE_SIDE_STYLE('',(#17733));
#17733 = SURFACE_STYLE_FILL_AREA(#17734);
#17734 = FILL_AREA_STYLE('',(#17735));
#17735 = FILL_AREA_STYLE_COLOUR('',#15507);
#17736 = STYLED_ITEM('color',(#17737),#9462);
#17737 = PRESENTATION_STYLE_ASSIGNMENT((#17738));
#17738 = SURFACE_STYLE_USAGE(.BOTH.,#17739);
#17739 = SURFACE_SIDE_STYLE('',(#17740));
#17740 = SURFACE_STYLE_FILL_AREA(#17741);
#17741 = FILL_AREA_STYLE('',(#17742));
#17742 = FILL_AREA_STYLE_COLOUR('',#15507);
#17743 = STYLED_ITEM('color',(#17744),#9506);
#17744 = PRESENTATION_STYLE_ASSIGNMENT((#17745));
#17745 = SURFACE_STYLE_USAGE(.BOTH.,#17746);
#17746 = SURFACE_SIDE_STYLE('',(#17747));
#17747 = SURFACE_STYLE_FILL_AREA(#17748);
#17748 = FILL_AREA_STYLE('',(#17749));
#17749 = FILL_AREA_STYLE_COLOUR('',#15391);
#17750 = STYLED_ITEM('color',(#17751),#9656);
#17751 = PRESENTATION_STYLE_ASSIGNMENT((#17752));
#17752 = SURFACE_STYLE_USAGE(.BOTH.,#17753);
#17753 = SURFACE_SIDE_STYLE('',(#17754));
#17754 = SURFACE_STYLE_FILL_AREA(#17755);
#17755 = FILL_AREA_STYLE('',(#17756));
#17756 = FILL_AREA_STYLE_COLOUR('',#15391);
#17757 = STYLED_ITEM('color',(#17758),#9680);
#17758 = PRESENTATION_STYLE_ASSIGNMENT((#17759));
#17759 = SURFACE_STYLE_USAGE(.BOTH.,#17760);
#17760 = SURFACE_SIDE_STYLE('',(#17761));
#17761 = SURFACE_STYLE_FILL_AREA(#17762);
#17762 = FILL_AREA_STYLE('',(#17763));
#17763 = FILL_AREA_STYLE_COLOUR('',#15391);
#17764 = STYLED_ITEM('color',(#17765),#9823);
#17765 = PRESENTATION_STYLE_ASSIGNMENT((#17766));
#17766 = SURFACE_STYLE_USAGE(.BOTH.,#17767);
#17767 = SURFACE_SIDE_STYLE('',(#17768));
#17768 = SURFACE_STYLE_FILL_AREA(#17769);
#17769 = FILL_AREA_STYLE('',(#17770));
#17770 = FILL_AREA_STYLE_COLOUR('',#15391);
#17771 = STYLED_ITEM('color',(#17772),#9973);
#17772 = PRESENTATION_STYLE_ASSIGNMENT((#17773));
#17773 = SURFACE_STYLE_USAGE(.BOTH.,#17774);
#17774 = SURFACE_SIDE_STYLE('',(#17775));
#17775 = SURFACE_STYLE_FILL_AREA(#17776);
#17776 = FILL_AREA_STYLE('',(#17777));
#17777 = FILL_AREA_STYLE_COLOUR('',#15391);
#17778 = STYLED_ITEM('color',(#17779),#10123);
#17779 = PRESENTATION_STYLE_ASSIGNMENT((#17780));
#17780 = SURFACE_STYLE_USAGE(.BOTH.,#17781);
#17781 = SURFACE_SIDE_STYLE('',(#17782));
#17782 = SURFACE_STYLE_FILL_AREA(#17783);
#17783 = FILL_AREA_STYLE('',(#17784));
#17784 = FILL_AREA_STYLE_COLOUR('',#15391);
#17785 = STYLED_ITEM('color',(#17786),#10140);
#17786 = PRESENTATION_STYLE_ASSIGNMENT((#17787));
#17787 = SURFACE_STYLE_USAGE(.BOTH.,#17788);
#17788 = SURFACE_SIDE_STYLE('',(#17789));
#17789 = SURFACE_STYLE_FILL_AREA(#17790);
#17790 = FILL_AREA_STYLE('',(#17791));
#17791 = FILL_AREA_STYLE_COLOUR('',#15391);
#17792 = STYLED_ITEM('color',(#17793),#10290);
#17793 = PRESENTATION_STYLE_ASSIGNMENT((#17794));
#17794 = SURFACE_STYLE_USAGE(.BOTH.,#17795);
#17795 = SURFACE_SIDE_STYLE('',(#17796));
#17796 = SURFACE_STYLE_FILL_AREA(#17797);
#17797 = FILL_AREA_STYLE('',(#17798));
#17798 = FILL_AREA_STYLE_COLOUR('',#15391);
#17799 = STYLED_ITEM('color',(#17800),#10314);
#17800 = PRESENTATION_STYLE_ASSIGNMENT((#17801));
#17801 = SURFACE_STYLE_USAGE(.BOTH.,#17802);
#17802 = SURFACE_SIDE_STYLE('',(#17803));
#17803 = SURFACE_STYLE_FILL_AREA(#17804);
#17804 = FILL_AREA_STYLE('',(#17805));
#17805 = FILL_AREA_STYLE_COLOUR('',#15391);
#17806 = STYLED_ITEM('color',(#17807),#10457);
#17807 = PRESENTATION_STYLE_ASSIGNMENT((#17808));
#17808 = SURFACE_STYLE_USAGE(.BOTH.,#17809);
#17809 = SURFACE_SIDE_STYLE('',(#17810));
#17810 = SURFACE_STYLE_FILL_AREA(#17811);
#17811 = FILL_AREA_STYLE('',(#17812));
#17812 = FILL_AREA_STYLE_COLOUR('',#15391);
#17813 = STYLED_ITEM('color',(#17814),#10607);
#17814 = PRESENTATION_STYLE_ASSIGNMENT((#17815));
#17815 = SURFACE_STYLE_USAGE(.BOTH.,#17816);
#17816 = SURFACE_SIDE_STYLE('',(#17817));
#17817 = SURFACE_STYLE_FILL_AREA(#17818);
#17818 = FILL_AREA_STYLE('',(#17819));
#17819 = FILL_AREA_STYLE_COLOUR('',#15391);
#17820 = STYLED_ITEM('color',(#17821),#10757);
#17821 = PRESENTATION_STYLE_ASSIGNMENT((#17822));
#17822 = SURFACE_STYLE_USAGE(.BOTH.,#17823);
#17823 = SURFACE_SIDE_STYLE('',(#17824));
#17824 = SURFACE_STYLE_FILL_AREA(#17825);
#17825 = FILL_AREA_STYLE('',(#17826));
#17826 = FILL_AREA_STYLE_COLOUR('',#15391);
#17827 = STYLED_ITEM('color',(#17828),#10774);
#17828 = PRESENTATION_STYLE_ASSIGNMENT((#17829));
#17829 = SURFACE_STYLE_USAGE(.BOTH.,#17830);
#17830 = SURFACE_SIDE_STYLE('',(#17831));
#17831 = SURFACE_STYLE_FILL_AREA(#17832);
#17832 = FILL_AREA_STYLE('',(#17833));
#17833 = FILL_AREA_STYLE_COLOUR('',#15507);
#17834 = STYLED_ITEM('color',(#17835),#10783);
#17835 = PRESENTATION_STYLE_ASSIGNMENT((#17836));
#17836 = SURFACE_STYLE_USAGE(.BOTH.,#17837);
#17837 = SURFACE_SIDE_STYLE('',(#17838));
#17838 = SURFACE_STYLE_FILL_AREA(#17839);
#17839 = FILL_AREA_STYLE('',(#17840));
#17840 = FILL_AREA_STYLE_COLOUR('',#15391);
#17841 = STYLED_ITEM('color',(#17842),#10800);
#17842 = PRESENTATION_STYLE_ASSIGNMENT((#17843));
#17843 = SURFACE_STYLE_USAGE(.BOTH.,#17844);
#17844 = SURFACE_SIDE_STYLE('',(#17845));
#17845 = SURFACE_STYLE_FILL_AREA(#17846);
#17846 = FILL_AREA_STYLE('',(#17847));
#17847 = FILL_AREA_STYLE_COLOUR('',#15391);
#17848 = STYLED_ITEM('color',(#17849),#10817);
#17849 = PRESENTATION_STYLE_ASSIGNMENT((#17850));
#17850 = SURFACE_STYLE_USAGE(.BOTH.,#17851);
#17851 = SURFACE_SIDE_STYLE('',(#17852));
#17852 = SURFACE_STYLE_FILL_AREA(#17853);
#17853 = FILL_AREA_STYLE('',(#17854));
#17854 = FILL_AREA_STYLE_COLOUR('',#15391);
#17855 = STYLED_ITEM('color',(#17856),#10834);
#17856 = PRESENTATION_STYLE_ASSIGNMENT((#17857));
#17857 = SURFACE_STYLE_USAGE(.BOTH.,#17858);
#17858 = SURFACE_SIDE_STYLE('',(#17859));
#17859 = SURFACE_STYLE_FILL_AREA(#17860);
#17860 = FILL_AREA_STYLE('',(#17861));
#17861 = FILL_AREA_STYLE_COLOUR('',#15391);
#17862 = STYLED_ITEM('color',(#17863),#10851);
#17863 = PRESENTATION_STYLE_ASSIGNMENT((#17864));
#17864 = SURFACE_STYLE_USAGE(.BOTH.,#17865);
#17865 = SURFACE_SIDE_STYLE('',(#17866));
#17866 = SURFACE_STYLE_FILL_AREA(#17867);
#17867 = FILL_AREA_STYLE('',(#17868));
#17868 = FILL_AREA_STYLE_COLOUR('',#15391);
#17869 = STYLED_ITEM('color',(#17870),#10873);
#17870 = PRESENTATION_STYLE_ASSIGNMENT((#17871));
#17871 = SURFACE_STYLE_USAGE(.BOTH.,#17872);
#17872 = SURFACE_SIDE_STYLE('',(#17873));
#17873 = SURFACE_STYLE_FILL_AREA(#17874);
#17874 = FILL_AREA_STYLE('',(#17875));
#17875 = FILL_AREA_STYLE_COLOUR('',#15391);
#17876 = STYLED_ITEM('color',(#17877),#10890);
#17877 = PRESENTATION_STYLE_ASSIGNMENT((#17878));
#17878 = SURFACE_STYLE_USAGE(.BOTH.,#17879);
#17879 = SURFACE_SIDE_STYLE('',(#17880));
#17880 = SURFACE_STYLE_FILL_AREA(#17881);
#17881 = FILL_AREA_STYLE('',(#17882));
#17882 = FILL_AREA_STYLE_COLOUR('',#15391);
#17883 = STYLED_ITEM('color',(#17884),#10907);
#17884 = PRESENTATION_STYLE_ASSIGNMENT((#17885));
#17885 = SURFACE_STYLE_USAGE(.BOTH.,#17886);
#17886 = SURFACE_SIDE_STYLE('',(#17887));
#17887 = SURFACE_STYLE_FILL_AREA(#17888);
#17888 = FILL_AREA_STYLE('',(#17889));
#17889 = FILL_AREA_STYLE_COLOUR('',#15391);
#17890 = STYLED_ITEM('color',(#17891),#10924);
#17891 = PRESENTATION_STYLE_ASSIGNMENT((#17892));
#17892 = SURFACE_STYLE_USAGE(.BOTH.,#17893);
#17893 = SURFACE_SIDE_STYLE('',(#17894));
#17894 = SURFACE_STYLE_FILL_AREA(#17895);
#17895 = FILL_AREA_STYLE('',(#17896));
#17896 = FILL_AREA_STYLE_COLOUR('',#15391);
#17897 = STYLED_ITEM('color',(#17898),#10941);
#17898 = PRESENTATION_STYLE_ASSIGNMENT((#17899));
#17899 = SURFACE_STYLE_USAGE(.BOTH.,#17900);
#17900 = SURFACE_SIDE_STYLE('',(#17901));
#17901 = SURFACE_STYLE_FILL_AREA(#17902);
#17902 = FILL_AREA_STYLE('',(#17903));
#17903 = FILL_AREA_STYLE_COLOUR('',#15391);
#17904 = STYLED_ITEM('color',(#17905),#10953);
#17905 = PRESENTATION_STYLE_ASSIGNMENT((#17906));
#17906 = SURFACE_STYLE_USAGE(.BOTH.,#17907);
#17907 = SURFACE_SIDE_STYLE('',(#17908));
#17908 = SURFACE_STYLE_FILL_AREA(#17909);
#17909 = FILL_AREA_STYLE('',(#17910));
#17910 = FILL_AREA_STYLE_COLOUR('',#15391);
#17911 = STYLED_ITEM('color',(#17912),#10970);
#17912 = PRESENTATION_STYLE_ASSIGNMENT((#17913));
#17913 = SURFACE_STYLE_USAGE(.BOTH.,#17914);
#17914 = SURFACE_SIDE_STYLE('',(#17915));
#17915 = SURFACE_STYLE_FILL_AREA(#17916);
#17916 = FILL_AREA_STYLE('',(#17917));
#17917 = FILL_AREA_STYLE_COLOUR('',#15391);
#17918 = STYLED_ITEM('color',(#17919),#10987);
#17919 = PRESENTATION_STYLE_ASSIGNMENT((#17920));
#17920 = SURFACE_STYLE_USAGE(.BOTH.,#17921);
#17921 = SURFACE_SIDE_STYLE('',(#17922));
#17922 = SURFACE_STYLE_FILL_AREA(#17923);
#17923 = FILL_AREA_STYLE('',(#17924));
#17924 = FILL_AREA_STYLE_COLOUR('',#15391);
#17925 = STYLED_ITEM('color',(#17926),#11004);
#17926 = PRESENTATION_STYLE_ASSIGNMENT((#17927));
#17927 = SURFACE_STYLE_USAGE(.BOTH.,#17928);
#17928 = SURFACE_SIDE_STYLE('',(#17929));
#17929 = SURFACE_STYLE_FILL_AREA(#17930);
#17930 = FILL_AREA_STYLE('',(#17931));
#17931 = FILL_AREA_STYLE_COLOUR('',#15391);
#17932 = STYLED_ITEM('color',(#17933),#11021);
#17933 = PRESENTATION_STYLE_ASSIGNMENT((#17934));
#17934 = SURFACE_STYLE_USAGE(.BOTH.,#17935);
#17935 = SURFACE_SIDE_STYLE('',(#17936));
#17936 = SURFACE_STYLE_FILL_AREA(#17937);
#17937 = FILL_AREA_STYLE('',(#17938));
#17938 = FILL_AREA_STYLE_COLOUR('',#15391);
#17939 = STYLED_ITEM('color',(#17940),#11038);
#17940 = PRESENTATION_STYLE_ASSIGNMENT((#17941));
#17941 = SURFACE_STYLE_USAGE(.BOTH.,#17942);
#17942 = SURFACE_SIDE_STYLE('',(#17943));
#17943 = SURFACE_STYLE_FILL_AREA(#17944);
#17944 = FILL_AREA_STYLE('',(#17945));
#17945 = FILL_AREA_STYLE_COLOUR('',#15391);
#17946 = STYLED_ITEM('color',(#17947),#11055);
#17947 = PRESENTATION_STYLE_ASSIGNMENT((#17948));
#17948 = SURFACE_STYLE_USAGE(.BOTH.,#17949);
#17949 = SURFACE_SIDE_STYLE('',(#17950));
#17950 = SURFACE_STYLE_FILL_AREA(#17951);
#17951 = FILL_AREA_STYLE('',(#17952));
#17952 = FILL_AREA_STYLE_COLOUR('',#15391);
#17953 = STYLED_ITEM('color',(#17954),#11072);
#17954 = PRESENTATION_STYLE_ASSIGNMENT((#17955));
#17955 = SURFACE_STYLE_USAGE(.BOTH.,#17956);
#17956 = SURFACE_SIDE_STYLE('',(#17957));
#17957 = SURFACE_STYLE_FILL_AREA(#17958);
#17958 = FILL_AREA_STYLE('',(#17959));
#17959 = FILL_AREA_STYLE_COLOUR('',#15391);
#17960 = STYLED_ITEM('color',(#17961),#11089);
#17961 = PRESENTATION_STYLE_ASSIGNMENT((#17962));
#17962 = SURFACE_STYLE_USAGE(.BOTH.,#17963);
#17963 = SURFACE_SIDE_STYLE('',(#17964));
#17964 = SURFACE_STYLE_FILL_AREA(#17965);
#17965 = FILL_AREA_STYLE('',(#17966));
#17966 = FILL_AREA_STYLE_COLOUR('',#15391);
#17967 = STYLED_ITEM('color',(#17968),#11101);
#17968 = PRESENTATION_STYLE_ASSIGNMENT((#17969));
#17969 = SURFACE_STYLE_USAGE(.BOTH.,#17970);
#17970 = SURFACE_SIDE_STYLE('',(#17971));
#17971 = SURFACE_STYLE_FILL_AREA(#17972);
#17972 = FILL_AREA_STYLE('',(#17973));
#17973 = FILL_AREA_STYLE_COLOUR('',#15391);
#17974 = STYLED_ITEM('color',(#17975),#11123);
#17975 = PRESENTATION_STYLE_ASSIGNMENT((#17976));
#17976 = SURFACE_STYLE_USAGE(.BOTH.,#17977);
#17977 = SURFACE_SIDE_STYLE('',(#17978));
#17978 = SURFACE_STYLE_FILL_AREA(#17979);
#17979 = FILL_AREA_STYLE('',(#17980));
#17980 = FILL_AREA_STYLE_COLOUR('',#15391);
#17981 = STYLED_ITEM('color',(#17982),#11140);
#17982 = PRESENTATION_STYLE_ASSIGNMENT((#17983));
#17983 = SURFACE_STYLE_USAGE(.BOTH.,#17984);
#17984 = SURFACE_SIDE_STYLE('',(#17985));
#17985 = SURFACE_STYLE_FILL_AREA(#17986);
#17986 = FILL_AREA_STYLE('',(#17987));
#17987 = FILL_AREA_STYLE_COLOUR('',#15391);
#17988 = STYLED_ITEM('color',(#17989),#11157);
#17989 = PRESENTATION_STYLE_ASSIGNMENT((#17990));
#17990 = SURFACE_STYLE_USAGE(.BOTH.,#17991);
#17991 = SURFACE_SIDE_STYLE('',(#17992));
#17992 = SURFACE_STYLE_FILL_AREA(#17993);
#17993 = FILL_AREA_STYLE('',(#17994));
#17994 = FILL_AREA_STYLE_COLOUR('',#15391);
#17995 = STYLED_ITEM('color',(#17996),#11174);
#17996 = PRESENTATION_STYLE_ASSIGNMENT((#17997));
#17997 = SURFACE_STYLE_USAGE(.BOTH.,#17998);
#17998 = SURFACE_SIDE_STYLE('',(#17999));
#17999 = SURFACE_STYLE_FILL_AREA(#18000);
#18000 = FILL_AREA_STYLE('',(#18001));
#18001 = FILL_AREA_STYLE_COLOUR('',#15391);
#18002 = STYLED_ITEM('color',(#18003),#11191);
#18003 = PRESENTATION_STYLE_ASSIGNMENT((#18004));
#18004 = SURFACE_STYLE_USAGE(.BOTH.,#18005);
#18005 = SURFACE_SIDE_STYLE('',(#18006));
#18006 = SURFACE_STYLE_FILL_AREA(#18007);
#18007 = FILL_AREA_STYLE('',(#18008));
#18008 = FILL_AREA_STYLE_COLOUR('',#15391);
#18009 = STYLED_ITEM('color',(#18010),#11203);
#18010 = PRESENTATION_STYLE_ASSIGNMENT((#18011));
#18011 = SURFACE_STYLE_USAGE(.BOTH.,#18012);
#18012 = SURFACE_SIDE_STYLE('',(#18013));
#18013 = SURFACE_STYLE_FILL_AREA(#18014);
#18014 = FILL_AREA_STYLE('',(#18015));
#18015 = FILL_AREA_STYLE_COLOUR('',#15391);
#18016 = STYLED_ITEM('color',(#18017),#11220);
#18017 = PRESENTATION_STYLE_ASSIGNMENT((#18018));
#18018 = SURFACE_STYLE_USAGE(.BOTH.,#18019);
#18019 = SURFACE_SIDE_STYLE('',(#18020));
#18020 = SURFACE_STYLE_FILL_AREA(#18021);
#18021 = FILL_AREA_STYLE('',(#18022));
#18022 = FILL_AREA_STYLE_COLOUR('',#15391);
#18023 = STYLED_ITEM('color',(#18024),#11237);
#18024 = PRESENTATION_STYLE_ASSIGNMENT((#18025));
#18025 = SURFACE_STYLE_USAGE(.BOTH.,#18026);
#18026 = SURFACE_SIDE_STYLE('',(#18027));
#18027 = SURFACE_STYLE_FILL_AREA(#18028);
#18028 = FILL_AREA_STYLE('',(#18029));
#18029 = FILL_AREA_STYLE_COLOUR('',#15391);
#18030 = STYLED_ITEM('color',(#18031),#11254);
#18031 = PRESENTATION_STYLE_ASSIGNMENT((#18032));
#18032 = SURFACE_STYLE_USAGE(.BOTH.,#18033);
#18033 = SURFACE_SIDE_STYLE('',(#18034));
#18034 = SURFACE_STYLE_FILL_AREA(#18035);
#18035 = FILL_AREA_STYLE('',(#18036));
#18036 = FILL_AREA_STYLE_COLOUR('',#15391);
#18037 = STYLED_ITEM('color',(#18038),#11271);
#18038 = PRESENTATION_STYLE_ASSIGNMENT((#18039));
#18039 = SURFACE_STYLE_USAGE(.BOTH.,#18040);
#18040 = SURFACE_SIDE_STYLE('',(#18041));
#18041 = SURFACE_STYLE_FILL_AREA(#18042);
#18042 = FILL_AREA_STYLE('',(#18043));
#18043 = FILL_AREA_STYLE_COLOUR('',#15391);
#18044 = STYLED_ITEM('color',(#18045),#11288);
#18045 = PRESENTATION_STYLE_ASSIGNMENT((#18046));
#18046 = SURFACE_STYLE_USAGE(.BOTH.,#18047);
#18047 = SURFACE_SIDE_STYLE('',(#18048));
#18048 = SURFACE_STYLE_FILL_AREA(#18049);
#18049 = FILL_AREA_STYLE('',(#18050));
#18050 = FILL_AREA_STYLE_COLOUR('',#15391);
#18051 = STYLED_ITEM('color',(#18052),#11305);
#18052 = PRESENTATION_STYLE_ASSIGNMENT((#18053));
#18053 = SURFACE_STYLE_USAGE(.BOTH.,#18054);
#18054 = SURFACE_SIDE_STYLE('',(#18055));
#18055 = SURFACE_STYLE_FILL_AREA(#18056);
#18056 = FILL_AREA_STYLE('',(#18057));
#18057 = FILL_AREA_STYLE_COLOUR('',#15391);
#18058 = STYLED_ITEM('color',(#18059),#11322);
#18059 = PRESENTATION_STYLE_ASSIGNMENT((#18060));
#18060 = SURFACE_STYLE_USAGE(.BOTH.,#18061);
#18061 = SURFACE_SIDE_STYLE('',(#18062));
#18062 = SURFACE_STYLE_FILL_AREA(#18063);
#18063 = FILL_AREA_STYLE('',(#18064));
#18064 = FILL_AREA_STYLE_COLOUR('',#15391);
#18065 = STYLED_ITEM('color',(#18066),#11339);
#18066 = PRESENTATION_STYLE_ASSIGNMENT((#18067));
#18067 = SURFACE_STYLE_USAGE(.BOTH.,#18068);
#18068 = SURFACE_SIDE_STYLE('',(#18069));
#18069 = SURFACE_STYLE_FILL_AREA(#18070);
#18070 = FILL_AREA_STYLE('',(#18071));
#18071 = FILL_AREA_STYLE_COLOUR('',#15391);
#18072 = STYLED_ITEM('color',(#18073),#11351);
#18073 = PRESENTATION_STYLE_ASSIGNMENT((#18074));
#18074 = SURFACE_STYLE_USAGE(.BOTH.,#18075);
#18075 = SURFACE_SIDE_STYLE('',(#18076));
#18076 = SURFACE_STYLE_FILL_AREA(#18077);
#18077 = FILL_AREA_STYLE('',(#18078));
#18078 = FILL_AREA_STYLE_COLOUR('',#15391);
#18079 = STYLED_ITEM('color',(#18080),#11373);
#18080 = PRESENTATION_STYLE_ASSIGNMENT((#18081));
#18081 = SURFACE_STYLE_USAGE(.BOTH.,#18082);
#18082 = SURFACE_SIDE_STYLE('',(#18083));
#18083 = SURFACE_STYLE_FILL_AREA(#18084);
#18084 = FILL_AREA_STYLE('',(#18085));
#18085 = FILL_AREA_STYLE_COLOUR('',#15391);
#18086 = STYLED_ITEM('color',(#18087),#11390);
#18087 = PRESENTATION_STYLE_ASSIGNMENT((#18088));
#18088 = SURFACE_STYLE_USAGE(.BOTH.,#18089);
#18089 = SURFACE_SIDE_STYLE('',(#18090));
#18090 = SURFACE_STYLE_FILL_AREA(#18091);
#18091 = FILL_AREA_STYLE('',(#18092));
#18092 = FILL_AREA_STYLE_COLOUR('',#15391);
#18093 = STYLED_ITEM('color',(#18094),#11407);
#18094 = PRESENTATION_STYLE_ASSIGNMENT((#18095));
#18095 = SURFACE_STYLE_USAGE(.BOTH.,#18096);
#18096 = SURFACE_SIDE_STYLE('',(#18097));
#18097 = SURFACE_STYLE_FILL_AREA(#18098);
#18098 = FILL_AREA_STYLE('',(#18099));
#18099 = FILL_AREA_STYLE_COLOUR('',#15391);
#18100 = STYLED_ITEM('color',(#18101),#11424);
#18101 = PRESENTATION_STYLE_ASSIGNMENT((#18102));
#18102 = SURFACE_STYLE_USAGE(.BOTH.,#18103);
#18103 = SURFACE_SIDE_STYLE('',(#18104));
#18104 = SURFACE_STYLE_FILL_AREA(#18105);
#18105 = FILL_AREA_STYLE('',(#18106));
#18106 = FILL_AREA_STYLE_COLOUR('',#15391);
#18107 = STYLED_ITEM('color',(#18108),#11441);
#18108 = PRESENTATION_STYLE_ASSIGNMENT((#18109));
#18109 = SURFACE_STYLE_USAGE(.BOTH.,#18110);
#18110 = SURFACE_SIDE_STYLE('',(#18111));
#18111 = SURFACE_STYLE_FILL_AREA(#18112);
#18112 = FILL_AREA_STYLE('',(#18113));
#18113 = FILL_AREA_STYLE_COLOUR('',#15391);
#18114 = STYLED_ITEM('color',(#18115),#11453);
#18115 = PRESENTATION_STYLE_ASSIGNMENT((#18116));
#18116 = SURFACE_STYLE_USAGE(.BOTH.,#18117);
#18117 = SURFACE_SIDE_STYLE('',(#18118));
#18118 = SURFACE_STYLE_FILL_AREA(#18119);
#18119 = FILL_AREA_STYLE('',(#18120));
#18120 = FILL_AREA_STYLE_COLOUR('',#15391);
#18121 = STYLED_ITEM('color',(#18122),#11470);
#18122 = PRESENTATION_STYLE_ASSIGNMENT((#18123));
#18123 = SURFACE_STYLE_USAGE(.BOTH.,#18124);
#18124 = SURFACE_SIDE_STYLE('',(#18125));
#18125 = SURFACE_STYLE_FILL_AREA(#18126);
#18126 = FILL_AREA_STYLE('',(#18127));
#18127 = FILL_AREA_STYLE_COLOUR('',#15391);
#18128 = STYLED_ITEM('color',(#18129),#11487);
#18129 = PRESENTATION_STYLE_ASSIGNMENT((#18130));
#18130 = SURFACE_STYLE_USAGE(.BOTH.,#18131);
#18131 = SURFACE_SIDE_STYLE('',(#18132));
#18132 = SURFACE_STYLE_FILL_AREA(#18133);
#18133 = FILL_AREA_STYLE('',(#18134));
#18134 = FILL_AREA_STYLE_COLOUR('',#15391);
#18135 = STYLED_ITEM('color',(#18136),#11504);
#18136 = PRESENTATION_STYLE_ASSIGNMENT((#18137));
#18137 = SURFACE_STYLE_USAGE(.BOTH.,#18138);
#18138 = SURFACE_SIDE_STYLE('',(#18139));
#18139 = SURFACE_STYLE_FILL_AREA(#18140);
#18140 = FILL_AREA_STYLE('',(#18141));
#18141 = FILL_AREA_STYLE_COLOUR('',#15391);
#18142 = STYLED_ITEM('color',(#18143),#11521);
#18143 = PRESENTATION_STYLE_ASSIGNMENT((#18144));
#18144 = SURFACE_STYLE_USAGE(.BOTH.,#18145);
#18145 = SURFACE_SIDE_STYLE('',(#18146));
#18146 = SURFACE_STYLE_FILL_AREA(#18147);
#18147 = FILL_AREA_STYLE('',(#18148));
#18148 = FILL_AREA_STYLE_COLOUR('',#15391);
#18149 = STYLED_ITEM('color',(#18150),#11538);
#18150 = PRESENTATION_STYLE_ASSIGNMENT((#18151));
#18151 = SURFACE_STYLE_USAGE(.BOTH.,#18152);
#18152 = SURFACE_SIDE_STYLE('',(#18153));
#18153 = SURFACE_STYLE_FILL_AREA(#18154);
#18154 = FILL_AREA_STYLE('',(#18155));
#18155 = FILL_AREA_STYLE_COLOUR('',#15391);
#18156 = STYLED_ITEM('color',(#18157),#11555);
#18157 = PRESENTATION_STYLE_ASSIGNMENT((#18158));
#18158 = SURFACE_STYLE_USAGE(.BOTH.,#18159);
#18159 = SURFACE_SIDE_STYLE('',(#18160));
#18160 = SURFACE_STYLE_FILL_AREA(#18161);
#18161 = FILL_AREA_STYLE('',(#18162));
#18162 = FILL_AREA_STYLE_COLOUR('',#15391);
#18163 = STYLED_ITEM('color',(#18164),#11572);
#18164 = PRESENTATION_STYLE_ASSIGNMENT((#18165));
#18165 = SURFACE_STYLE_USAGE(.BOTH.,#18166);
#18166 = SURFACE_SIDE_STYLE('',(#18167));
#18167 = SURFACE_STYLE_FILL_AREA(#18168);
#18168 = FILL_AREA_STYLE('',(#18169));
#18169 = FILL_AREA_STYLE_COLOUR('',#15391);
#18170 = STYLED_ITEM('color',(#18171),#11589);
#18171 = PRESENTATION_STYLE_ASSIGNMENT((#18172));
#18172 = SURFACE_STYLE_USAGE(.BOTH.,#18173);
#18173 = SURFACE_SIDE_STYLE('',(#18174));
#18174 = SURFACE_STYLE_FILL_AREA(#18175);
#18175 = FILL_AREA_STYLE('',(#18176));
#18176 = FILL_AREA_STYLE_COLOUR('',#15391);
#18177 = STYLED_ITEM('color',(#18178),#11601);
#18178 = PRESENTATION_STYLE_ASSIGNMENT((#18179));
#18179 = SURFACE_STYLE_USAGE(.BOTH.,#18180);
#18180 = SURFACE_SIDE_STYLE('',(#18181));
#18181 = SURFACE_STYLE_FILL_AREA(#18182);
#18182 = FILL_AREA_STYLE('',(#18183));
#18183 = FILL_AREA_STYLE_COLOUR('',#15391);
#18184 = STYLED_ITEM('color',(#18185),#11623);
#18185 = PRESENTATION_STYLE_ASSIGNMENT((#18186));
#18186 = SURFACE_STYLE_USAGE(.BOTH.,#18187);
#18187 = SURFACE_SIDE_STYLE('',(#18188));
#18188 = SURFACE_STYLE_FILL_AREA(#18189);
#18189 = FILL_AREA_STYLE('',(#18190));
#18190 = FILL_AREA_STYLE_COLOUR('',#15391);
#18191 = STYLED_ITEM('color',(#18192),#11640);
#18192 = PRESENTATION_STYLE_ASSIGNMENT((#18193));
#18193 = SURFACE_STYLE_USAGE(.BOTH.,#18194);
#18194 = SURFACE_SIDE_STYLE('',(#18195));
#18195 = SURFACE_STYLE_FILL_AREA(#18196);
#18196 = FILL_AREA_STYLE('',(#18197));
#18197 = FILL_AREA_STYLE_COLOUR('',#15391);
#18198 = STYLED_ITEM('color',(#18199),#11657);
#18199 = PRESENTATION_STYLE_ASSIGNMENT((#18200));
#18200 = SURFACE_STYLE_USAGE(.BOTH.,#18201);
#18201 = SURFACE_SIDE_STYLE('',(#18202));
#18202 = SURFACE_STYLE_FILL_AREA(#18203);
#18203 = FILL_AREA_STYLE('',(#18204));
#18204 = FILL_AREA_STYLE_COLOUR('',#15391);
#18205 = STYLED_ITEM('color',(#18206),#11674);
#18206 = PRESENTATION_STYLE_ASSIGNMENT((#18207));
#18207 = SURFACE_STYLE_USAGE(.BOTH.,#18208);
#18208 = SURFACE_SIDE_STYLE('',(#18209));
#18209 = SURFACE_STYLE_FILL_AREA(#18210);
#18210 = FILL_AREA_STYLE('',(#18211));
#18211 = FILL_AREA_STYLE_COLOUR('',#15391);
#18212 = STYLED_ITEM('color',(#18213),#11691);
#18213 = PRESENTATION_STYLE_ASSIGNMENT((#18214));
#18214 = SURFACE_STYLE_USAGE(.BOTH.,#18215);
#18215 = SURFACE_SIDE_STYLE('',(#18216));
#18216 = SURFACE_STYLE_FILL_AREA(#18217);
#18217 = FILL_AREA_STYLE('',(#18218));
#18218 = FILL_AREA_STYLE_COLOUR('',#15391);
#18219 = STYLED_ITEM('color',(#18220),#11703);
#18220 = PRESENTATION_STYLE_ASSIGNMENT((#18221));
#18221 = SURFACE_STYLE_USAGE(.BOTH.,#18222);
#18222 = SURFACE_SIDE_STYLE('',(#18223));
#18223 = SURFACE_STYLE_FILL_AREA(#18224);
#18224 = FILL_AREA_STYLE('',(#18225));
#18225 = FILL_AREA_STYLE_COLOUR('',#15391);
#18226 = STYLED_ITEM('color',(#18227),#11720);
#18227 = PRESENTATION_STYLE_ASSIGNMENT((#18228));
#18228 = SURFACE_STYLE_USAGE(.BOTH.,#18229);
#18229 = SURFACE_SIDE_STYLE('',(#18230));
#18230 = SURFACE_STYLE_FILL_AREA(#18231);
#18231 = FILL_AREA_STYLE('',(#18232));
#18232 = FILL_AREA_STYLE_COLOUR('',#15391);
#18233 = STYLED_ITEM('color',(#18234),#11737);
#18234 = PRESENTATION_STYLE_ASSIGNMENT((#18235));
#18235 = SURFACE_STYLE_USAGE(.BOTH.,#18236);
#18236 = SURFACE_SIDE_STYLE('',(#18237));
#18237 = SURFACE_STYLE_FILL_AREA(#18238);
#18238 = FILL_AREA_STYLE('',(#18239));
#18239 = FILL_AREA_STYLE_COLOUR('',#15391);
#18240 = STYLED_ITEM('color',(#18241),#11754);
#18241 = PRESENTATION_STYLE_ASSIGNMENT((#18242));
#18242 = SURFACE_STYLE_USAGE(.BOTH.,#18243);
#18243 = SURFACE_SIDE_STYLE('',(#18244));
#18244 = SURFACE_STYLE_FILL_AREA(#18245);
#18245 = FILL_AREA_STYLE('',(#18246));
#18246 = FILL_AREA_STYLE_COLOUR('',#15391);
#18247 = STYLED_ITEM('color',(#18248),#11771);
#18248 = PRESENTATION_STYLE_ASSIGNMENT((#18249));
#18249 = SURFACE_STYLE_USAGE(.BOTH.,#18250);
#18250 = SURFACE_SIDE_STYLE('',(#18251));
#18251 = SURFACE_STYLE_FILL_AREA(#18252);
#18252 = FILL_AREA_STYLE('',(#18253));
#18253 = FILL_AREA_STYLE_COLOUR('',#15391);
#18254 = STYLED_ITEM('color',(#18255),#11788);
#18255 = PRESENTATION_STYLE_ASSIGNMENT((#18256));
#18256 = SURFACE_STYLE_USAGE(.BOTH.,#18257);
#18257 = SURFACE_SIDE_STYLE('',(#18258));
#18258 = SURFACE_STYLE_FILL_AREA(#18259);
#18259 = FILL_AREA_STYLE('',(#18260));
#18260 = FILL_AREA_STYLE_COLOUR('',#15391);
#18261 = STYLED_ITEM('color',(#18262),#11805);
#18262 = PRESENTATION_STYLE_ASSIGNMENT((#18263));
#18263 = SURFACE_STYLE_USAGE(.BOTH.,#18264);
#18264 = SURFACE_SIDE_STYLE('',(#18265));
#18265 = SURFACE_STYLE_FILL_AREA(#18266);
#18266 = FILL_AREA_STYLE('',(#18267));
#18267 = FILL_AREA_STYLE_COLOUR('',#15391);
#18268 = STYLED_ITEM('color',(#18269),#11822);
#18269 = PRESENTATION_STYLE_ASSIGNMENT((#18270));
#18270 = SURFACE_STYLE_USAGE(.BOTH.,#18271);
#18271 = SURFACE_SIDE_STYLE('',(#18272));
#18272 = SURFACE_STYLE_FILL_AREA(#18273);
#18273 = FILL_AREA_STYLE('',(#18274));
#18274 = FILL_AREA_STYLE_COLOUR('',#15391);
#18275 = STYLED_ITEM('color',(#18276),#11839);
#18276 = PRESENTATION_STYLE_ASSIGNMENT((#18277));
#18277 = SURFACE_STYLE_USAGE(.BOTH.,#18278);
#18278 = SURFACE_SIDE_STYLE('',(#18279));
#18279 = SURFACE_STYLE_FILL_AREA(#18280);
#18280 = FILL_AREA_STYLE('',(#18281));
#18281 = FILL_AREA_STYLE_COLOUR('',#15391);
ENDSEC;
END-ISO-10303-21;
